user_id,session_date,device,traffic_source,location,visited,signed_up,viewed_product,added_to_cart,started_checkout,purchased,order_value,session_duration_min
U00001,2026-02-18,Mobile,Email,Delhi,1,1,1,1,1,1,1198.06,5.4
U00002,2026-01-28,Tablet,Organic Search,Chennai,1,1,1,1,0,0,0,11.1
U00003,2026-02-02,Desktop,Organic Search,Hyderabad,1,0,0,0,0,0,0,8.4
U00004,2026-02-16,Mobile,Referral,Other,1,0,0,0,0,0,0,5.9
U00005,2026-01-13,Mobile,Social Media,Other,1,1,1,0,0,0,0,19
U00006,2026-02-13,Mobile,Direct,Chennai,1,0,0,0,0,0,0,18.6
U00007,2026-01-27,Mobile,Paid Search,Mumbai,1,1,1,0,0,0,0,18.7
U00008,2026-03-16,Desktop,Direct,Chennai,1,1,1,0,0,0,0,2.6
U00009,2026-03-15,Mobile,Paid Search,Bengaluru,1,0,0,0,0,0,0,8.7
U00010,2026-01-29,Desktop,Direct,Hyderabad,1,0,0,0,0,0,0,2
U00011,2026-03-19,Mobile,Direct,Chennai,1,0,0,0,0,0,0,2.4
U00012,2026-03-26,Tablet,Paid Search,Pune,1,1,0,0,0,0,0,13
U00013,2026-02-09,Desktop,Direct,Hyderabad,1,0,0,0,0,0,0,4.8
U00014,2026-03-30,Mobile,Referral,Mumbai,1,1,1,0,0,0,0,0.8
U00015,2026-01-07,Mobile,Organic Search,Pune,1,1,1,0,0,0,0,3
U00016,2026-03-20,Mobile,Social Media,Bengaluru,1,0,0,0,0,0,0,5.3
U00017,2026-03-13,Mobile,Organic Search,Hyderabad,1,1,1,1,0,0,0,3.5
U00018,2026-03-27,Mobile,Referral,Delhi,1,1,1,0,0,0,0,7.3
U00019,2026-03-18,Mobile,Organic Search,Bengaluru,1,1,1,0,0,0,0,7.7
U00020,2026-02-08,Mobile,Organic Search,Hyderabad,1,0,0,0,0,0,0,6.7
U00021,2026-01-25,Mobile,Paid Search,Bengaluru,1,0,0,0,0,0,0,7.9
U00022,2026-01-28,Mobile,Social Media,Chennai,1,0,0,0,0,0,0,6.8
U00023,2026-02-20,Mobile,Direct,Pune,1,0,0,0,0,0,0,6.1
U00024,2026-03-21,Mobile,Direct,Mumbai,1,0,0,0,0,0,0,1.7
U00025,2026-03-12,Mobile,Paid Search,Chennai,1,1,1,0,0,0,0,4
U00026,2026-02-18,Desktop,Organic Search,Mumbai,1,0,0,0,0,0,0,8.8
U00027,2026-02-26,Mobile,Email,Other,1,1,1,1,1,1,5449.76,14.5
U00028,2026-03-11,Mobile,Social Media,Hyderabad,1,1,1,0,0,0,0,13.7
U00029,2026-01-15,Mobile,Paid Search,Bengaluru,1,0,0,0,0,0,0,4.5
U00030,2026-01-02,Mobile,Paid Search,Other,1,0,0,0,0,0,0,6.5
U00031,2026-01-12,Mobile,Social Media,Other,1,1,1,0,0,0,0,21.6
U00032,2026-03-19,Mobile,Paid Search,Hyderabad,1,1,1,0,0,0,0,1.6
U00033,2026-02-22,Mobile,Referral,Hyderabad,1,0,0,0,0,0,0,2.8
U00034,2026-03-01,Tablet,Social Media,Chennai,1,1,0,0,0,0,0,5.9
U00035,2026-03-07,Tablet,Direct,Hyderabad,1,0,0,0,0,0,0,6.9
U00036,2026-02-12,Desktop,Social Media,Mumbai,1,1,0,0,0,0,0,5
U00037,2026-02-03,Mobile,Organic Search,Hyderabad,1,0,0,0,0,0,0,4.8
U00038,2026-01-28,Mobile,Direct,Hyderabad,1,0,0,0,0,0,0,29
U00039,2026-01-05,Desktop,Social Media,Chennai,1,0,0,0,0,0,0,2.4
U00040,2026-02-04,Mobile,Organic Search,Other,1,1,0,0,0,0,0,4
U00041,2026-01-16,Mobile,Social Media,Chennai,1,1,1,0,0,0,0,9.7
U00042,2026-02-07,Mobile,Paid Search,Bengaluru,1,0,0,0,0,0,0,1.6
U00043,2026-02-15,Mobile,Referral,Other,1,0,0,0,0,0,0,3.5
U00044,2026-02-13,Desktop,Social Media,Mumbai,1,0,0,0,0,0,0,4.9
U00045,2026-02-13,Mobile,Email,Bengaluru,1,0,0,0,0,0,0,8.4
U00046,2026-01-05,Desktop,Organic Search,Chennai,1,1,1,0,0,0,0,5.7
U00047,2026-02-15,Mobile,Paid Search,Hyderabad,1,0,0,0,0,0,0,5.8
U00048,2026-02-15,Mobile,Direct,Mumbai,1,0,0,0,0,0,0,4.7
U00049,2026-03-18,Mobile,Referral,Chennai,1,0,0,0,0,0,0,6.8
U00050,2026-03-06,Mobile,Organic Search,Bengaluru,1,1,1,0,0,0,0,1.1
U00051,2026-01-29,Tablet,Paid Search,Hyderabad,1,1,1,0,0,0,0,21.7
U00052,2026-01-02,Desktop,Paid Search,Bengaluru,1,1,1,0,0,0,0,4
U00053,2026-03-04,Tablet,Email,Chennai,1,1,1,0,0,0,0,7.5
U00054,2026-03-22,Desktop,Referral,Hyderabad,1,0,0,0,0,0,0,3.6
U00055,2026-02-05,Mobile,Email,Hyderabad,1,0,0,0,0,0,0,9.8
U00056,2026-02-07,Tablet,Social Media,Other,1,1,1,0,0,0,0,7
U00057,2026-03-29,Mobile,Referral,Mumbai,1,1,1,1,0,0,0,9.5
U00058,2026-01-18,Mobile,Paid Search,Hyderabad,1,0,0,0,0,0,0,23.4
U00059,2026-01-08,Mobile,Organic Search,Delhi,1,0,0,0,0,0,0,8.9
U00060,2026-01-28,Mobile,Social Media,Hyderabad,1,1,1,1,0,0,0,6.1
U00061,2026-01-04,Mobile,Direct,Delhi,1,1,0,0,0,0,0,12.5
U00062,2026-02-07,Mobile,Referral,Delhi,1,1,1,0,0,0,0,17.2
U00063,2026-03-23,Desktop,Social Media,Mumbai,1,1,1,0,0,0,0,12.6
U00064,2026-03-05,Mobile,Email,Delhi,1,0,0,0,0,0,0,10
U00065,2026-03-13,Mobile,Direct,Hyderabad,1,0,0,0,0,0,0,6
U00066,2026-02-27,Mobile,Paid Search,Delhi,1,1,1,0,0,0,0,7.7
U00067,2026-03-04,Mobile,Paid Search,Hyderabad,1,0,0,0,0,0,0,7.7
U00068,2026-01-20,Desktop,Direct,Bengaluru,1,0,0,0,0,0,0,4.6
U00069,2026-03-01,Mobile,Direct,Other,1,1,1,0,0,0,0,4.4
U00070,2026-02-04,Tablet,Paid Search,Chennai,1,0,0,0,0,0,0,3.2
U00071,2026-03-22,Desktop,Social Media,Other,1,1,1,0,0,0,0,8.8
U00072,2026-02-06,Mobile,Paid Search,Hyderabad,1,0,0,0,0,0,0,2.8
U00073,2026-03-16,Mobile,Organic Search,Chennai,1,1,0,0,0,0,0,2.5
U00074,2026-03-04,Desktop,Direct,Hyderabad,1,1,1,0,0,0,0,5.8
U00075,2026-02-04,Desktop,Paid Search,Mumbai,1,0,0,0,0,0,0,11.5
U00076,2026-02-21,Desktop,Direct,Hyderabad,1,0,0,0,0,0,0,1
U00077,2026-01-18,Desktop,Organic Search,Hyderabad,1,0,0,0,0,0,0,4.8
U00078,2026-02-26,Mobile,Social Media,Bengaluru,1,0,0,0,0,0,0,8.6
U00079,2026-01-20,Mobile,Organic Search,Delhi,1,0,0,0,0,0,0,6.4
U00080,2026-02-28,Mobile,Referral,Hyderabad,1,0,0,0,0,0,0,5.9
U00081,2026-03-09,Desktop,Social Media,Pune,1,1,1,0,0,0,0,7.2
U00082,2026-01-26,Desktop,Social Media,Hyderabad,1,1,1,0,0,0,0,5.8
U00083,2026-01-13,Mobile,Organic Search,Hyderabad,1,0,0,0,0,0,0,16.4
U00084,2026-01-21,Mobile,Organic Search,Chennai,1,0,0,0,0,0,0,10.1
U00085,2026-03-29,Mobile,Organic Search,Other,1,0,0,0,0,0,0,2.7
U00086,2026-02-24,Mobile,Paid Search,Hyderabad,1,1,1,0,0,0,0,2.5
U00087,2026-02-11,Desktop,Social Media,Hyderabad,1,0,0,0,0,0,0,6.6
U00088,2026-03-24,Desktop,Social Media,Delhi,1,0,0,0,0,0,0,3.4
U00089,2026-01-23,Desktop,Social Media,Bengaluru,1,0,0,0,0,0,0,20.7
U00090,2026-03-11,Mobile,Social Media,Delhi,1,1,1,1,0,0,0,9.9
U00091,2026-02-13,Mobile,Paid Search,Bengaluru,1,1,1,0,0,0,0,1.9
U00092,2026-01-26,Desktop,Organic Search,Chennai,1,1,0,0,0,0,0,7.4
U00093,2026-03-06,Desktop,Organic Search,Bengaluru,1,0,0,0,0,0,0,6.3
U00094,2026-03-17,Mobile,Referral,Chennai,1,0,0,0,0,0,0,5.6
U00095,2026-02-20,Desktop,Social Media,Delhi,1,0,0,0,0,0,0,2.2
U00096,2026-03-15,Mobile,Organic Search,Delhi,1,1,0,0,0,0,0,5.4
U00097,2026-03-31,Mobile,Organic Search,Mumbai,1,0,0,0,0,0,0,2.2
U00098,2026-01-27,Mobile,Direct,Other,1,0,0,0,0,0,0,2.5
U00099,2026-02-06,Mobile,Email,Bengaluru,1,0,0,0,0,0,0,7.5
U00100,2026-02-09,Mobile,Email,Bengaluru,1,1,0,0,0,0,0,20.5
U00101,2026-01-27,Mobile,Paid Search,Mumbai,1,0,0,0,0,0,0,2
U00102,2026-03-06,Desktop,Paid Search,Mumbai,1,1,1,1,1,1,2596.56,3.5
U00103,2026-03-01,Mobile,Direct,Hyderabad,1,1,1,1,1,1,1501.02,14.5
U00104,2026-02-25,Mobile,Referral,Mumbai,1,0,0,0,0,0,0,2
U00105,2026-03-19,Desktop,Paid Search,Bengaluru,1,1,0,0,0,0,0,5.7
U00106,2026-02-21,Mobile,Referral,Delhi,1,0,0,0,0,0,0,1.3
U00107,2026-02-22,Mobile,Referral,Pune,1,1,0,0,0,0,0,5.6
U00108,2026-01-14,Desktop,Paid Search,Mumbai,1,0,0,0,0,0,0,5.3
U00109,2026-02-01,Mobile,Paid Search,Hyderabad,1,0,0,0,0,0,0,12.5
U00110,2026-03-24,Mobile,Organic Search,Mumbai,1,1,1,1,1,1,7442.41,11.8
U00111,2026-03-13,Mobile,Organic Search,Delhi,1,0,0,0,0,0,0,2.2
U00112,2026-02-04,Mobile,Email,Bengaluru,1,1,1,1,0,0,0,3.6
U00113,2026-02-18,Tablet,Paid Search,Chennai,1,1,1,0,0,0,0,0.8
U00114,2026-01-14,Desktop,Referral,Other,1,1,0,0,0,0,0,1.9
U00115,2026-02-28,Desktop,Direct,Bengaluru,1,0,0,0,0,0,0,7.7
U00116,2026-01-05,Desktop,Organic Search,Bengaluru,1,1,1,0,0,0,0,9.6
U00117,2026-02-01,Desktop,Social Media,Bengaluru,1,1,1,0,0,0,0,6.2
U00118,2026-03-29,Mobile,Referral,Mumbai,1,1,1,1,1,1,5028.59,2
U00119,2026-01-22,Desktop,Referral,Other,1,0,0,0,0,0,0,1.6
U00120,2026-03-02,Mobile,Referral,Mumbai,1,1,1,0,0,0,0,1.4
U00121,2026-01-21,Desktop,Paid Search,Bengaluru,1,0,0,0,0,0,0,6.9
U00122,2026-02-02,Desktop,Social Media,Mumbai,1,0,0,0,0,0,0,4.8
U00123,2026-03-20,Mobile,Social Media,Mumbai,1,1,0,0,0,0,0,5.1
U00124,2026-02-20,Mobile,Direct,Mumbai,1,1,1,0,0,0,0,12.1
U00125,2026-02-17,Mobile,Paid Search,Hyderabad,1,0,0,0,0,0,0,10.5
U00126,2026-01-15,Mobile,Direct,Mumbai,1,1,1,0,0,0,0,8
U00127,2026-01-03,Desktop,Paid Search,Chennai,1,0,0,0,0,0,0,9.9
U00128,2026-02-26,Desktop,Direct,Hyderabad,1,0,0,0,0,0,0,3
U00129,2026-02-25,Mobile,Email,Mumbai,1,1,0,0,0,0,0,7.7
U00130,2026-03-03,Mobile,Social Media,Other,1,0,0,0,0,0,0,6.2
U00131,2026-01-18,Mobile,Social Media,Bengaluru,1,1,1,1,1,1,1996.99,2.2
U00132,2026-03-13,Mobile,Paid Search,Other,1,1,1,0,0,0,0,4.5
U00133,2026-03-24,Mobile,Paid Search,Hyderabad,1,0,0,0,0,0,0,9.1
U00134,2026-02-25,Mobile,Organic Search,Delhi,1,1,1,0,0,0,0,12.7
U00135,2026-02-17,Tablet,Organic Search,Hyderabad,1,0,0,0,0,0,0,11.1
U00136,2026-01-05,Mobile,Paid Search,Bengaluru,1,0,0,0,0,0,0,13.6
U00137,2026-03-31,Mobile,Referral,Mumbai,1,1,1,0,0,0,0,7.5
U00138,2026-01-14,Desktop,Social Media,Mumbai,1,1,1,0,0,0,0,5
U00139,2026-02-10,Mobile,Organic Search,Delhi,1,0,0,0,0,0,0,13.9
U00140,2026-03-01,Tablet,Direct,Mumbai,1,0,0,0,0,0,0,12.3
U00141,2026-02-19,Tablet,Social Media,Mumbai,1,0,0,0,0,0,0,11.8
U00142,2026-03-04,Mobile,Direct,Other,1,0,0,0,0,0,0,7.2
U00143,2026-03-06,Mobile,Email,Chennai,1,1,1,0,0,0,0,2.8
U00144,2026-02-01,Mobile,Organic Search,Bengaluru,1,0,0,0,0,0,0,7.8
U00145,2026-01-18,Mobile,Social Media,Hyderabad,1,0,0,0,0,0,0,13
U00146,2026-01-18,Mobile,Email,Chennai,1,1,1,0,0,0,0,9.9
U00147,2026-02-10,Mobile,Organic Search,Delhi,1,0,0,0,0,0,0,14.3
U00148,2026-03-16,Mobile,Organic Search,Hyderabad,1,0,0,0,0,0,0,4.4
U00149,2026-03-11,Mobile,Organic Search,Hyderabad,1,1,1,1,0,0,0,0.9
U00150,2026-02-20,Mobile,Paid Search,Hyderabad,1,0,0,0,0,0,0,12.8
U00151,2026-02-05,Desktop,Paid Search,Mumbai,1,1,1,1,0,0,0,6.8
U00152,2026-01-05,Mobile,Social Media,Bengaluru,1,0,0,0,0,0,0,4.9
U00153,2026-02-03,Mobile,Organic Search,Hyderabad,1,0,0,0,0,0,0,14.8
U00154,2026-01-15,Mobile,Email,Mumbai,1,0,0,0,0,0,0,9.8
U00155,2026-01-09,Tablet,Social Media,Delhi,1,0,0,0,0,0,0,8.6
U00156,2026-03-22,Mobile,Paid Search,Bengaluru,1,0,0,0,0,0,0,7.2
U00157,2026-01-11,Desktop,Organic Search,Mumbai,1,0,0,0,0,0,0,10.7
U00158,2026-02-11,Desktop,Organic Search,Hyderabad,1,0,0,0,0,0,0,5.6
U00159,2026-03-04,Mobile,Paid Search,Other,1,0,0,0,0,0,0,7.3
U00160,2026-02-10,Desktop,Organic Search,Bengaluru,1,0,0,0,0,0,0,4.6
U00161,2026-03-02,Mobile,Paid Search,Other,1,1,0,0,0,0,0,8.9
U00162,2026-01-30,Desktop,Social Media,Other,1,1,1,0,0,0,0,3.4
U00163,2026-01-13,Desktop,Social Media,Delhi,1,1,1,0,0,0,0,6.1
U00164,2026-03-16,Mobile,Organic Search,Hyderabad,1,1,0,0,0,0,0,10.7
U00165,2026-01-07,Mobile,Paid Search,Mumbai,1,0,0,0,0,0,0,6.3
U00166,2026-02-27,Desktop,Social Media,Hyderabad,1,1,0,0,0,0,0,3.2
U00167,2026-02-11,Mobile,Direct,Pune,1,1,1,0,0,0,0,5
U00168,2026-03-05,Mobile,Referral,Delhi,1,0,0,0,0,0,0,8.1
U00169,2026-02-14,Mobile,Social Media,Other,1,0,0,0,0,0,0,6
U00170,2026-03-26,Mobile,Paid Search,Mumbai,1,0,0,0,0,0,0,17.4
U00171,2026-03-12,Desktop,Paid Search,Mumbai,1,0,0,0,0,0,0,11.8
U00172,2026-01-22,Mobile,Direct,Mumbai,1,0,0,0,0,0,0,14.9
U00173,2026-01-04,Mobile,Organic Search,Chennai,1,1,1,1,1,1,1580.62,7.5
U00174,2026-03-20,Mobile,Direct,Chennai,1,1,1,1,0,0,0,6.4
U00175,2026-02-08,Desktop,Email,Mumbai,1,0,0,0,0,0,0,4.9
U00176,2026-03-26,Mobile,Email,Other,1,1,0,0,0,0,0,3.3
U00177,2026-02-10,Desktop,Organic Search,Mumbai,1,0,0,0,0,0,0,7.3
U00178,2026-02-10,Mobile,Social Media,Pune,1,1,0,0,0,0,0,2
U00179,2026-02-10,Tablet,Social Media,Pune,1,1,1,0,0,0,0,8.3
U00180,2026-01-28,Mobile,Organic Search,Mumbai,1,0,0,0,0,0,0,7.6
U00181,2026-02-12,Mobile,Paid Search,Bengaluru,1,1,1,1,1,1,4626.72,4.4
U00182,2026-03-05,Mobile,Direct,Mumbai,1,0,0,0,0,0,0,5.2
U00183,2026-01-06,Tablet,Social Media,Chennai,1,0,0,0,0,0,0,6.3
U00184,2026-03-07,Desktop,Paid Search,Hyderabad,1,1,1,0,0,0,0,3.7
U00185,2026-01-31,Mobile,Organic Search,Bengaluru,1,1,1,0,0,0,0,12.4
U00186,2026-01-09,Desktop,Email,Other,1,1,1,1,0,0,0,1.9
U00187,2026-01-01,Desktop,Email,Hyderabad,1,1,1,1,1,1,4929.71,2.5
U00188,2026-01-15,Mobile,Social Media,Delhi,1,1,1,0,0,0,0,3.2
U00189,2026-01-23,Mobile,Social Media,Pune,1,1,0,0,0,0,0,4.4
U00190,2026-01-17,Mobile,Paid Search,Mumbai,1,1,1,1,1,1,2725.78,10
U00191,2026-02-27,Mobile,Social Media,Mumbai,1,0,0,0,0,0,0,3.4
U00192,2026-03-12,Desktop,Organic Search,Delhi,1,0,0,0,0,0,0,5.3
U00193,2026-03-08,Desktop,Direct,Chennai,1,1,1,0,0,0,0,4.8
U00194,2026-02-22,Desktop,Social Media,Hyderabad,1,0,0,0,0,0,0,11.6
U00195,2026-03-24,Mobile,Paid Search,Other,1,1,1,0,0,0,0,15.6
U00196,2026-01-30,Mobile,Paid Search,Chennai,1,0,0,0,0,0,0,4.2
U00197,2026-01-10,Desktop,Referral,Delhi,1,0,0,0,0,0,0,13.1
U00198,2026-02-24,Desktop,Organic Search,Mumbai,1,1,1,1,1,0,0,2.2
U00199,2026-02-11,Desktop,Paid Search,Hyderabad,1,0,0,0,0,0,0,10.3
U00200,2026-02-17,Desktop,Email,Other,1,0,0,0,0,0,0,8
U00201,2026-03-23,Desktop,Paid Search,Delhi,1,0,0,0,0,0,0,9.5
U00202,2026-01-23,Mobile,Referral,Hyderabad,1,1,1,1,1,0,0,15.8
U00203,2026-03-28,Mobile,Organic Search,Other,1,1,0,0,0,0,0,3.8
U00204,2026-01-04,Desktop,Referral,Delhi,1,1,1,0,0,0,0,7.6
U00205,2026-03-14,Mobile,Organic Search,Chennai,1,0,0,0,0,0,0,1.6
U00206,2026-03-16,Mobile,Organic Search,Mumbai,1,1,1,0,0,0,0,5.9
U00207,2026-03-06,Mobile,Direct,Hyderabad,1,0,0,0,0,0,0,1.2
U00208,2026-01-10,Desktop,Social Media,Mumbai,1,0,0,0,0,0,0,9.4
U00209,2026-01-14,Mobile,Paid Search,Hyderabad,1,0,0,0,0,0,0,7.6
U00210,2026-02-05,Mobile,Organic Search,Mumbai,1,0,0,0,0,0,0,6.7
U00211,2026-03-29,Mobile,Social Media,Mumbai,1,0,0,0,0,0,0,14.1
U00212,2026-01-28,Desktop,Social Media,Pune,1,0,0,0,0,0,0,7.1
U00213,2026-02-28,Desktop,Direct,Delhi,1,0,0,0,0,0,0,4.5
U00214,2026-01-04,Mobile,Direct,Bengaluru,1,1,1,0,0,0,0,13.1
U00215,2026-03-19,Desktop,Email,Pune,1,0,0,0,0,0,0,8.8
U00216,2026-03-10,Mobile,Paid Search,Mumbai,1,1,1,0,0,0,0,6.6
U00217,2026-01-17,Mobile,Social Media,Mumbai,1,1,1,1,0,0,0,2.8
U00218,2026-02-06,Desktop,Email,Hyderabad,1,0,0,0,0,0,0,1.8
U00219,2026-03-03,Desktop,Organic Search,Pune,1,0,0,0,0,0,0,5.2
U00220,2026-03-31,Desktop,Paid Search,Other,1,1,1,1,1,1,4065.23,5.7
U00221,2026-01-31,Desktop,Organic Search,Delhi,1,1,0,0,0,0,0,0.7
U00222,2026-01-28,Mobile,Organic Search,Other,1,1,1,0,0,0,0,5.5
U00223,2026-02-22,Mobile,Organic Search,Bengaluru,1,1,1,0,0,0,0,4.8
U00224,2026-02-05,Mobile,Social Media,Pune,1,0,0,0,0,0,0,7.5
U00225,2026-01-26,Mobile,Referral,Chennai,1,0,0,0,0,0,0,6
U00226,2026-03-27,Mobile,Social Media,Hyderabad,1,1,1,1,0,0,0,4.1
U00227,2026-01-28,Tablet,Paid Search,Delhi,1,1,1,0,0,0,0,9.2
U00228,2026-03-02,Mobile,Organic Search,Delhi,1,1,1,0,0,0,0,2.6
U00229,2026-01-22,Desktop,Social Media,Bengaluru,1,1,1,0,0,0,0,14.6
U00230,2026-02-19,Desktop,Paid Search,Hyderabad,1,0,0,0,0,0,0,2.8
U00231,2026-02-04,Desktop,Social Media,Hyderabad,1,1,1,0,0,0,0,12.2
U00232,2026-03-23,Mobile,Direct,Chennai,1,1,1,1,1,0,0,7.9
U00233,2026-03-10,Mobile,Organic Search,Hyderabad,1,0,0,0,0,0,0,12.2
U00234,2026-01-11,Mobile,Organic Search,Hyderabad,1,0,0,0,0,0,0,2.4
U00235,2026-03-29,Mobile,Social Media,Chennai,1,0,0,0,0,0,0,7.4
U00236,2026-02-07,Desktop,Direct,Other,1,1,0,0,0,0,0,13.1
U00237,2026-02-28,Mobile,Referral,Delhi,1,0,0,0,0,0,0,17.6
U00238,2026-02-14,Mobile,Direct,Bengaluru,1,0,0,0,0,0,0,7.1
U00239,2026-02-13,Desktop,Paid Search,Other,1,0,0,0,0,0,0,13.4
U00240,2026-01-25,Mobile,Direct,Mumbai,1,0,0,0,0,0,0,5.1
U00241,2026-01-16,Tablet,Organic Search,Chennai,1,0,0,0,0,0,0,2.4
U00242,2026-01-20,Tablet,Organic Search,Chennai,1,1,1,0,0,0,0,15
U00243,2026-02-23,Desktop,Direct,Chennai,1,1,1,1,1,1,3106.21,8.6
U00244,2026-01-13,Mobile,Direct,Bengaluru,1,1,1,1,1,1,4597.33,3.9
U00245,2026-02-04,Mobile,Organic Search,Chennai,1,1,1,0,0,0,0,6.5
U00246,2026-01-12,Tablet,Organic Search,Mumbai,1,1,0,0,0,0,0,5.6
U00247,2026-03-04,Mobile,Organic Search,Mumbai,1,0,0,0,0,0,0,8.9
U00248,2026-01-04,Tablet,Organic Search,Delhi,1,0,0,0,0,0,0,25.6
U00249,2026-02-05,Tablet,Organic Search,Bengaluru,1,0,0,0,0,0,0,13.2
U00250,2026-03-23,Desktop,Direct,Delhi,1,0,0,0,0,0,0,6.5
U00251,2026-01-09,Mobile,Email,Mumbai,1,1,1,1,0,0,0,3.6
U00252,2026-03-15,Mobile,Referral,Other,1,1,1,1,1,0,0,2.8
U00253,2026-01-10,Desktop,Referral,Chennai,1,1,1,0,0,0,0,4.1
U00254,2026-02-22,Mobile,Social Media,Other,1,1,1,0,0,0,0,5.5
U00255,2026-01-08,Mobile,Referral,Pune,1,1,1,0,0,0,0,17.4
U00256,2026-02-28,Mobile,Social Media,Mumbai,1,1,0,0,0,0,0,7.4
U00257,2026-01-19,Tablet,Paid Search,Mumbai,1,0,0,0,0,0,0,4.5
U00258,2026-02-13,Desktop,Social Media,Hyderabad,1,1,1,0,0,0,0,3.2
U00259,2026-02-13,Mobile,Social Media,Other,1,1,1,0,0,0,0,4.1
U00260,2026-02-03,Mobile,Referral,Hyderabad,1,1,1,1,0,0,0,4.6
U00261,2026-02-22,Mobile,Direct,Mumbai,1,0,0,0,0,0,0,3.7
U00262,2026-01-03,Tablet,Paid Search,Bengaluru,1,1,1,1,1,1,1763.91,6
U00263,2026-03-28,Mobile,Referral,Chennai,1,0,0,0,0,0,0,3.3
U00264,2026-01-02,Mobile,Organic Search,Mumbai,1,1,1,0,0,0,0,5.2
U00265,2026-03-01,Desktop,Referral,Other,1,1,0,0,0,0,0,7.2
U00266,2026-02-15,Desktop,Paid Search,Chennai,1,0,0,0,0,0,0,5.4
U00267,2026-01-15,Desktop,Organic Search,Other,1,0,0,0,0,0,0,10.9
U00268,2026-01-07,Desktop,Paid Search,Mumbai,1,1,0,0,0,0,0,7.2
U00269,2026-03-02,Mobile,Social Media,Hyderabad,1,0,0,0,0,0,0,16.8
U00270,2026-02-04,Mobile,Organic Search,Hyderabad,1,0,0,0,0,0,0,3.1
U00271,2026-02-04,Desktop,Direct,Delhi,1,1,1,0,0,0,0,3.7
U00272,2026-03-10,Desktop,Organic Search,Hyderabad,1,1,1,1,1,1,2262.54,12
U00273,2026-02-18,Desktop,Direct,Chennai,1,0,0,0,0,0,0,0.5
U00274,2026-03-24,Desktop,Email,Hyderabad,1,1,1,0,0,0,0,5.6
U00275,2026-01-02,Mobile,Paid Search,Chennai,1,1,1,0,0,0,0,14.2
U00276,2026-02-03,Mobile,Paid Search,Delhi,1,1,1,0,0,0,0,4.9
U00277,2026-01-13,Desktop,Email,Chennai,1,0,0,0,0,0,0,10.4
U00278,2026-03-05,Desktop,Social Media,Hyderabad,1,0,0,0,0,0,0,8.6
U00279,2026-02-04,Desktop,Email,Bengaluru,1,0,0,0,0,0,0,3.7
U00280,2026-03-19,Desktop,Paid Search,Bengaluru,1,1,1,0,0,0,0,3.4
U00281,2026-02-04,Desktop,Social Media,Hyderabad,1,0,0,0,0,0,0,3.8
U00282,2026-01-26,Mobile,Direct,Mumbai,1,0,0,0,0,0,0,2.5
U00283,2026-02-13,Mobile,Organic Search,Mumbai,1,0,0,0,0,0,0,4.7
U00284,2026-01-07,Mobile,Paid Search,Hyderabad,1,0,0,0,0,0,0,16.8
U00285,2026-02-08,Mobile,Paid Search,Chennai,1,1,1,0,0,0,0,8.4
U00286,2026-03-26,Mobile,Referral,Chennai,1,1,1,0,0,0,0,8.2
U00287,2026-03-20,Mobile,Referral,Bengaluru,1,1,1,0,0,0,0,6.1
U00288,2026-01-13,Mobile,Paid Search,Mumbai,1,0,0,0,0,0,0,6.6
U00289,2026-03-25,Mobile,Organic Search,Bengaluru,1,0,0,0,0,0,0,3.6
U00290,2026-03-31,Mobile,Organic Search,Chennai,1,1,1,0,0,0,0,4.3
U00291,2026-01-04,Mobile,Paid Search,Delhi,1,0,0,0,0,0,0,2.3
U00292,2026-03-25,Mobile,Paid Search,Hyderabad,1,1,1,1,0,0,0,3.3
U00293,2026-01-19,Desktop,Direct,Mumbai,1,0,0,0,0,0,0,10.8
U00294,2026-01-31,Mobile,Social Media,Chennai,1,0,0,0,0,0,0,14.6
U00295,2026-03-24,Mobile,Paid Search,Bengaluru,1,0,0,0,0,0,0,7.4
U00296,2026-02-12,Mobile,Direct,Delhi,1,1,1,1,0,0,0,4.1
U00297,2026-03-05,Desktop,Social Media,Mumbai,1,0,0,0,0,0,0,3.5
U00298,2026-01-02,Mobile,Social Media,Chennai,1,1,1,1,0,0,0,12.3
U00299,2026-03-31,Desktop,Organic Search,Delhi,1,1,1,1,1,1,4599.15,4.6
U00300,2026-01-22,Mobile,Paid Search,Pune,1,0,0,0,0,0,0,3.6
U00301,2026-03-22,Mobile,Direct,Other,1,0,0,0,0,0,0,11.4
U00302,2026-03-29,Mobile,Social Media,Mumbai,1,1,1,1,0,0,0,4.9
U00303,2026-03-17,Mobile,Paid Search,Pune,1,0,0,0,0,0,0,7.2
U00304,2026-01-22,Desktop,Social Media,Hyderabad,1,1,1,1,1,1,4284.56,1.5
U00305,2026-03-25,Desktop,Direct,Mumbai,1,1,1,0,0,0,0,13.4
U00306,2026-03-08,Tablet,Paid Search,Bengaluru,1,0,0,0,0,0,0,18.2
U00307,2026-01-15,Mobile,Social Media,Hyderabad,1,0,0,0,0,0,0,11.4
U00308,2026-02-12,Mobile,Direct,Mumbai,1,0,0,0,0,0,0,9.8
U00309,2026-01-14,Desktop,Organic Search,Delhi,1,0,0,0,0,0,0,0.5
U00310,2026-03-15,Mobile,Email,Chennai,1,0,0,0,0,0,0,6.8
U00311,2026-01-20,Mobile,Social Media,Delhi,1,1,0,0,0,0,0,16.5
U00312,2026-01-23,Mobile,Email,Chennai,1,1,1,1,0,0,0,4.2
U00313,2026-02-23,Mobile,Paid Search,Chennai,1,1,1,0,0,0,0,8.5
U00314,2026-03-14,Tablet,Paid Search,Bengaluru,1,1,1,1,1,0,0,5.2
U00315,2026-03-03,Desktop,Email,Chennai,1,0,0,0,0,0,0,3.5
U00316,2026-03-03,Desktop,Organic Search,Bengaluru,1,0,0,0,0,0,0,6.4
U00317,2026-03-05,Mobile,Paid Search,Mumbai,1,0,0,0,0,0,0,4.8
U00318,2026-03-15,Mobile,Organic Search,Hyderabad,1,0,0,0,0,0,0,8
U00319,2026-02-22,Mobile,Organic Search,Hyderabad,1,0,0,0,0,0,0,8.5
U00320,2026-03-02,Mobile,Direct,Delhi,1,0,0,0,0,0,0,3.8
U00321,2026-02-22,Mobile,Paid Search,Mumbai,1,1,1,0,0,0,0,9.5
U00322,2026-01-03,Desktop,Direct,Chennai,1,1,1,0,0,0,0,9.5
U00323,2026-01-12,Desktop,Organic Search,Hyderabad,1,0,0,0,0,0,0,4.1
U00324,2026-01-20,Mobile,Social Media,Chennai,1,1,1,0,0,0,0,3.9
U00325,2026-01-25,Tablet,Organic Search,Delhi,1,1,1,0,0,0,0,11.4
U00326,2026-03-30,Desktop,Referral,Pune,1,0,0,0,0,0,0,16.5
U00327,2026-01-28,Mobile,Referral,Delhi,1,0,0,0,0,0,0,10.3
U00328,2026-01-16,Mobile,Organic Search,Hyderabad,1,1,0,0,0,0,0,8.9
U00329,2026-02-20,Mobile,Direct,Delhi,1,1,1,0,0,0,0,12.4
U00330,2026-02-09,Mobile,Organic Search,Bengaluru,1,1,1,0,0,0,0,7.4
U00331,2026-01-21,Mobile,Social Media,Bengaluru,1,0,0,0,0,0,0,4.9
U00332,2026-03-12,Desktop,Direct,Hyderabad,1,0,0,0,0,0,0,18.9
U00333,2026-03-17,Mobile,Direct,Delhi,1,0,0,0,0,0,0,8.7
U00334,2026-03-23,Mobile,Direct,Mumbai,1,1,1,0,0,0,0,11.8
U00335,2026-03-23,Mobile,Paid Search,Mumbai,1,0,0,0,0,0,0,9.5
U00336,2026-01-11,Mobile,Organic Search,Delhi,1,0,0,0,0,0,0,3.8
U00337,2026-02-01,Desktop,Organic Search,Bengaluru,1,0,0,0,0,0,0,7.2
U00338,2026-02-16,Desktop,Social Media,Chennai,1,0,0,0,0,0,0,6.7
U00339,2026-02-14,Mobile,Referral,Mumbai,1,0,0,0,0,0,0,5.8
U00340,2026-03-20,Mobile,Organic Search,Mumbai,1,1,1,0,0,0,0,5.8
U00341,2026-01-18,Mobile,Email,Delhi,1,0,0,0,0,0,0,8.2
U00342,2026-03-27,Mobile,Paid Search,Bengaluru,1,0,0,0,0,0,0,8.6
U00343,2026-01-06,Mobile,Paid Search,Delhi,1,0,0,0,0,0,0,5.1
U00344,2026-02-28,Mobile,Email,Chennai,1,1,1,0,0,0,0,3.2
U00345,2026-03-27,Mobile,Social Media,Delhi,1,0,0,0,0,0,0,19.5
U00346,2026-01-06,Mobile,Referral,Chennai,1,0,0,0,0,0,0,16.6
U00347,2026-01-15,Desktop,Organic Search,Other,1,1,1,1,1,1,1931.65,4.6
U00348,2026-03-02,Mobile,Referral,Hyderabad,1,0,0,0,0,0,0,9.4
U00349,2026-01-30,Mobile,Organic Search,Delhi,1,0,0,0,0,0,0,5.9
U00350,2026-02-15,Desktop,Organic Search,Mumbai,1,1,1,1,1,1,2132.08,18.1
U00351,2026-03-25,Mobile,Email,Hyderabad,1,0,0,0,0,0,0,8.4
U00352,2026-01-17,Desktop,Direct,Hyderabad,1,0,0,0,0,0,0,13.8
U00353,2026-03-16,Desktop,Paid Search,Delhi,1,1,1,0,0,0,0,9.7
U00354,2026-03-25,Mobile,Paid Search,Hyderabad,1,1,1,1,1,0,0,5.2
U00355,2026-03-25,Mobile,Social Media,Hyderabad,1,1,0,0,0,0,0,6.6
U00356,2026-01-08,Desktop,Organic Search,Other,1,0,0,0,0,0,0,7.5
U00357,2026-02-19,Mobile,Referral,Delhi,1,0,0,0,0,0,0,11.7
U00358,2026-01-17,Mobile,Referral,Bengaluru,1,1,1,1,1,1,3488.66,14.5
U00359,2026-02-26,Tablet,Organic Search,Mumbai,1,0,0,0,0,0,0,6.5
U00360,2026-02-27,Mobile,Social Media,Mumbai,1,0,0,0,0,0,0,6.7
U00361,2026-03-17,Mobile,Referral,Pune,1,1,1,0,0,0,0,2.6
U00362,2026-03-27,Desktop,Paid Search,Delhi,1,0,0,0,0,0,0,2.7
U00363,2026-01-27,Mobile,Email,Pune,1,1,1,0,0,0,0,6.1
U00364,2026-02-27,Mobile,Organic Search,Bengaluru,1,0,0,0,0,0,0,11.9
U00365,2026-02-20,Tablet,Social Media,Mumbai,1,0,0,0,0,0,0,3.1
U00366,2026-02-16,Mobile,Organic Search,Hyderabad,1,1,1,1,0,0,0,6.4
U00367,2026-02-26,Tablet,Referral,Hyderabad,1,0,0,0,0,0,0,5.1
U00368,2026-02-19,Desktop,Paid Search,Delhi,1,1,1,0,0,0,0,1.9
U00369,2026-03-31,Mobile,Paid Search,Hyderabad,1,0,0,0,0,0,0,9
U00370,2026-01-31,Mobile,Referral,Mumbai,1,0,0,0,0,0,0,13.1
U00371,2026-01-29,Mobile,Organic Search,Pune,1,0,0,0,0,0,0,9.4
U00372,2026-01-24,Mobile,Paid Search,Bengaluru,1,0,0,0,0,0,0,7.2
U00373,2026-03-04,Mobile,Paid Search,Hyderabad,1,1,1,1,1,1,3935.99,7.8
U00374,2026-03-09,Desktop,Paid Search,Delhi,1,1,1,1,1,1,3575.79,9.9
U00375,2026-03-19,Mobile,Direct,Other,1,1,1,1,1,0,0,1.7
U00376,2026-03-18,Mobile,Referral,Delhi,1,1,1,0,0,0,0,2.5
U00377,2026-01-23,Desktop,Organic Search,Mumbai,1,1,1,1,0,0,0,3.8
U00378,2026-01-08,Mobile,Email,Bengaluru,1,0,0,0,0,0,0,4.6
U00379,2026-01-13,Desktop,Social Media,Hyderabad,1,0,0,0,0,0,0,3
U00380,2026-01-01,Mobile,Direct,Delhi,1,1,1,0,0,0,0,12.4
U00381,2026-03-04,Mobile,Paid Search,Bengaluru,1,0,0,0,0,0,0,3.2
U00382,2026-01-27,Desktop,Social Media,Pune,1,0,0,0,0,0,0,13.8
U00383,2026-03-22,Desktop,Social Media,Chennai,1,1,1,0,0,0,0,9.8
U00384,2026-02-10,Desktop,Social Media,Mumbai,1,0,0,0,0,0,0,10.2
U00385,2026-01-09,Desktop,Social Media,Delhi,1,0,0,0,0,0,0,1.8
U00386,2026-01-27,Desktop,Organic Search,Delhi,1,0,0,0,0,0,0,1.7
U00387,2026-03-31,Mobile,Referral,Mumbai,1,0,0,0,0,0,0,14.3
U00388,2026-01-21,Mobile,Social Media,Other,1,0,0,0,0,0,0,0.5
U00389,2026-02-15,Desktop,Direct,Other,1,0,0,0,0,0,0,3.1
U00390,2026-02-17,Desktop,Paid Search,Other,1,0,0,0,0,0,0,8.5
U00391,2026-03-09,Tablet,Email,Pune,1,0,0,0,0,0,0,6.6
U00392,2026-01-14,Mobile,Direct,Delhi,1,0,0,0,0,0,0,3.8
U00393,2026-02-11,Mobile,Email,Delhi,1,1,1,1,1,0,0,6.8
U00394,2026-02-28,Desktop,Direct,Hyderabad,1,0,0,0,0,0,0,6
U00395,2026-03-16,Mobile,Referral,Bengaluru,1,1,1,0,0,0,0,7.2
U00396,2026-03-03,Tablet,Paid Search,Hyderabad,1,1,0,0,0,0,0,2.4
U00397,2026-01-04,Desktop,Social Media,Hyderabad,1,0,0,0,0,0,0,8.1
U00398,2026-02-28,Mobile,Organic Search,Chennai,1,0,0,0,0,0,0,6.4
U00399,2026-02-03,Desktop,Social Media,Hyderabad,1,0,0,0,0,0,0,1.7
U00400,2026-01-05,Desktop,Organic Search,Other,1,1,1,1,0,0,0,15.4
U00401,2026-02-01,Mobile,Email,Pune,1,0,0,0,0,0,0,4.5
U00402,2026-03-21,Desktop,Social Media,Hyderabad,1,0,0,0,0,0,0,17.7
U00403,2026-03-07,Mobile,Paid Search,Bengaluru,1,0,0,0,0,0,0,6.7
U00404,2026-02-04,Desktop,Paid Search,Pune,1,0,0,0,0,0,0,7.9
U00405,2026-01-08,Mobile,Direct,Pune,1,0,0,0,0,0,0,12.1
U00406,2026-02-26,Desktop,Organic Search,Other,1,1,1,0,0,0,0,12.5
U00407,2026-01-25,Mobile,Organic Search,Other,1,0,0,0,0,0,0,6.1
U00408,2026-01-23,Mobile,Organic Search,Other,1,0,0,0,0,0,0,39.7
U00409,2026-02-05,Desktop,Direct,Chennai,1,1,0,0,0,0,0,9.1
U00410,2026-01-25,Mobile,Direct,Bengaluru,1,1,1,0,0,0,0,5.9
U00411,2026-01-17,Mobile,Email,Delhi,1,0,0,0,0,0,0,1.2
U00412,2026-03-04,Tablet,Direct,Bengaluru,1,0,0,0,0,0,0,1.3
U00413,2026-03-05,Tablet,Organic Search,Pune,1,0,0,0,0,0,0,14.8
U00414,2026-03-31,Mobile,Direct,Mumbai,1,0,0,0,0,0,0,7.2
U00415,2026-02-06,Desktop,Organic Search,Delhi,1,0,0,0,0,0,0,4
U00416,2026-03-26,Mobile,Organic Search,Bengaluru,1,0,0,0,0,0,0,4.8
U00417,2026-01-05,Mobile,Organic Search,Chennai,1,0,0,0,0,0,0,7
U00418,2026-01-24,Mobile,Social Media,Mumbai,1,1,1,0,0,0,0,11.1
U00419,2026-03-15,Desktop,Referral,Other,1,0,0,0,0,0,0,3.2
U00420,2026-03-07,Desktop,Paid Search,Bengaluru,1,0,0,0,0,0,0,4.6
U00421,2026-03-31,Desktop,Direct,Other,1,1,1,0,0,0,0,5
U00422,2026-03-14,Desktop,Paid Search,Pune,1,1,1,0,0,0,0,15.6
U00423,2026-02-17,Mobile,Organic Search,Delhi,1,0,0,0,0,0,0,6
U00424,2026-01-30,Mobile,Social Media,Delhi,1,0,0,0,0,0,0,4.6
U00425,2026-02-08,Mobile,Email,Mumbai,1,1,1,0,0,0,0,10.9
U00426,2026-03-04,Mobile,Referral,Bengaluru,1,0,0,0,0,0,0,11.6
U00427,2026-02-26,Mobile,Social Media,Hyderabad,1,1,1,1,1,1,4601.06,5.5
U00428,2026-03-13,Desktop,Social Media,Pune,1,1,0,0,0,0,0,23.1
U00429,2026-03-02,Mobile,Paid Search,Delhi,1,0,0,0,0,0,0,13.5
U00430,2026-01-03,Mobile,Email,Bengaluru,1,1,1,0,0,0,0,7.3
U00431,2026-01-04,Mobile,Direct,Mumbai,1,1,1,0,0,0,0,4.3
U00432,2026-03-30,Desktop,Organic Search,Chennai,1,1,1,1,1,0,0,14.5
U00433,2026-02-18,Mobile,Direct,Hyderabad,1,0,0,0,0,0,0,6.1
U00434,2026-01-16,Mobile,Social Media,Mumbai,1,1,1,0,0,0,0,0.8
U00435,2026-01-23,Mobile,Paid Search,Bengaluru,1,0,0,0,0,0,0,5.5
U00436,2026-01-26,Desktop,Direct,Hyderabad,1,1,0,0,0,0,0,10.5
U00437,2026-03-20,Mobile,Social Media,Chennai,1,1,0,0,0,0,0,8.5
U00438,2026-01-26,Desktop,Paid Search,Mumbai,1,0,0,0,0,0,0,5
U00439,2026-01-25,Desktop,Organic Search,Hyderabad,1,0,0,0,0,0,0,6.8
U00440,2026-02-11,Mobile,Organic Search,Chennai,1,0,0,0,0,0,0,4.8
U00441,2026-03-16,Mobile,Referral,Bengaluru,1,0,0,0,0,0,0,9.3
U00442,2026-03-18,Tablet,Social Media,Hyderabad,1,0,0,0,0,0,0,14.3
U00443,2026-02-13,Mobile,Direct,Hyderabad,1,0,0,0,0,0,0,1.8
U00444,2026-01-01,Mobile,Organic Search,Hyderabad,1,0,0,0,0,0,0,9.7
U00445,2026-02-05,Desktop,Organic Search,Hyderabad,1,1,1,0,0,0,0,11.2
U00446,2026-01-22,Tablet,Organic Search,Pune,1,1,1,0,0,0,0,3.1
U00447,2026-01-05,Tablet,Social Media,Chennai,1,1,1,1,1,0,0,4.9
U00448,2026-01-19,Desktop,Direct,Hyderabad,1,0,0,0,0,0,0,3.8
U00449,2026-03-28,Mobile,Email,Hyderabad,1,0,0,0,0,0,0,4.9
U00450,2026-03-02,Mobile,Paid Search,Bengaluru,1,0,0,0,0,0,0,7.8
U00451,2026-03-27,Desktop,Direct,Delhi,1,1,0,0,0,0,0,7.4
U00452,2026-02-26,Mobile,Referral,Bengaluru,1,1,1,0,0,0,0,6
U00453,2026-01-21,Mobile,Organic Search,Hyderabad,1,0,0,0,0,0,0,4.1
U00454,2026-03-08,Desktop,Referral,Chennai,1,1,0,0,0,0,0,6.3
U00455,2026-02-22,Mobile,Paid Search,Mumbai,1,1,1,0,0,0,0,17.5
U00456,2026-03-01,Mobile,Organic Search,Hyderabad,1,1,0,0,0,0,0,3.6
U00457,2026-03-02,Mobile,Organic Search,Mumbai,1,0,0,0,0,0,0,6.5
U00458,2026-03-16,Mobile,Social Media,Chennai,1,0,0,0,0,0,0,5.9
U00459,2026-01-12,Mobile,Paid Search,Hyderabad,1,0,0,0,0,0,0,9.7
U00460,2026-02-11,Mobile,Paid Search,Delhi,1,0,0,0,0,0,0,2.9
U00461,2026-03-30,Mobile,Organic Search,Delhi,1,0,0,0,0,0,0,16.3
U00462,2026-02-17,Desktop,Referral,Mumbai,1,0,0,0,0,0,0,15.8
U00463,2026-03-26,Desktop,Direct,Bengaluru,1,0,0,0,0,0,0,4
U00464,2026-03-12,Mobile,Referral,Mumbai,1,0,0,0,0,0,0,2.8
U00465,2026-03-16,Tablet,Paid Search,Chennai,1,0,0,0,0,0,0,10.3
U00466,2026-03-06,Mobile,Organic Search,Delhi,1,0,0,0,0,0,0,3.8
U00467,2026-03-19,Mobile,Organic Search,Mumbai,1,0,0,0,0,0,0,1.9
U00468,2026-02-16,Desktop,Organic Search,Hyderabad,1,0,0,0,0,0,0,23.1
U00469,2026-01-23,Mobile,Social Media,Mumbai,1,1,1,0,0,0,0,6.4
U00470,2026-02-12,Tablet,Social Media,Delhi,1,1,1,0,0,0,0,14.9
U00471,2026-03-10,Mobile,Email,Bengaluru,1,0,0,0,0,0,0,4.7
U00472,2026-02-09,Tablet,Email,Pune,1,0,0,0,0,0,0,2.8
U00473,2026-02-25,Mobile,Paid Search,Pune,1,1,1,0,0,0,0,5.5
U00474,2026-03-10,Desktop,Paid Search,Hyderabad,1,1,1,0,0,0,0,6.7
U00475,2026-03-07,Mobile,Email,Other,1,0,0,0,0,0,0,9.9
U00476,2026-02-07,Tablet,Paid Search,Chennai,1,1,1,1,0,0,0,4.5
U00477,2026-03-11,Mobile,Organic Search,Delhi,1,0,0,0,0,0,0,6.3
U00478,2026-03-22,Mobile,Paid Search,Pune,1,1,0,0,0,0,0,4.1
U00479,2026-01-05,Tablet,Paid Search,Chennai,1,1,1,0,0,0,0,7.2
U00480,2026-03-19,Mobile,Organic Search,Chennai,1,0,0,0,0,0,0,6.1
U00481,2026-03-01,Desktop,Referral,Other,1,1,1,0,0,0,0,5.1
U00482,2026-02-16,Desktop,Direct,Bengaluru,1,0,0,0,0,0,0,10.4
U00483,2026-03-17,Mobile,Organic Search,Bengaluru,1,0,0,0,0,0,0,7.7
U00484,2026-02-09,Desktop,Organic Search,Bengaluru,1,0,0,0,0,0,0,4.8
U00485,2026-01-24,Mobile,Email,Pune,1,1,1,1,0,0,0,8.4
U00486,2026-01-18,Desktop,Organic Search,Other,1,0,0,0,0,0,0,6.4
U00487,2026-03-16,Mobile,Paid Search,Bengaluru,1,1,1,1,1,1,6601.48,9.8
U00488,2026-03-30,Mobile,Organic Search,Pune,1,1,1,0,0,0,0,12.3
U00489,2026-03-24,Tablet,Organic Search,Bengaluru,1,0,0,0,0,0,0,27.1
U00490,2026-03-09,Desktop,Referral,Other,1,0,0,0,0,0,0,2.5
U00491,2026-03-03,Mobile,Referral,Mumbai,1,0,0,0,0,0,0,13.8
U00492,2026-01-07,Desktop,Organic Search,Hyderabad,1,1,1,1,1,1,5115.37,10.1
U00493,2026-03-23,Mobile,Paid Search,Hyderabad,1,1,1,1,0,0,0,10
U00494,2026-01-15,Mobile,Organic Search,Hyderabad,1,0,0,0,0,0,0,17
U00495,2026-03-20,Mobile,Organic Search,Hyderabad,1,1,0,0,0,0,0,4.2
U00496,2026-03-07,Mobile,Direct,Delhi,1,0,0,0,0,0,0,3.2
U00497,2026-02-05,Mobile,Email,Bengaluru,1,0,0,0,0,0,0,3.1
U00498,2026-02-28,Mobile,Social Media,Other,1,0,0,0,0,0,0,2.6
U00499,2026-03-12,Tablet,Referral,Mumbai,1,1,0,0,0,0,0,4.6
U00500,2026-01-29,Tablet,Referral,Delhi,1,1,1,1,1,1,2437.55,2.3
U00501,2026-01-25,Desktop,Referral,Bengaluru,1,1,1,0,0,0,0,5.2
U00502,2026-02-24,Mobile,Organic Search,Pune,1,0,0,0,0,0,0,13.2
U00503,2026-01-21,Mobile,Organic Search,Delhi,1,1,1,1,0,0,0,4.1
U00504,2026-02-18,Desktop,Email,Pune,1,0,0,0,0,0,0,2
U00505,2026-01-12,Desktop,Paid Search,Other,1,0,0,0,0,0,0,8.2
U00506,2026-01-08,Mobile,Direct,Hyderabad,1,0,0,0,0,0,0,11.5
U00507,2026-03-26,Desktop,Email,Hyderabad,1,0,0,0,0,0,0,10.4
U00508,2026-02-10,Desktop,Direct,Pune,1,1,1,0,0,0,0,7.1
U00509,2026-01-24,Tablet,Organic Search,Pune,1,0,0,0,0,0,0,10.8
U00510,2026-02-05,Desktop,Direct,Mumbai,1,1,0,0,0,0,0,2.4
U00511,2026-01-02,Mobile,Paid Search,Bengaluru,1,0,0,0,0,0,0,12.2
U00512,2026-01-29,Mobile,Direct,Mumbai,1,0,0,0,0,0,0,1.1
U00513,2026-01-13,Tablet,Organic Search,Bengaluru,1,0,0,0,0,0,0,8.7
U00514,2026-03-30,Desktop,Social Media,Bengaluru,1,0,0,0,0,0,0,18.6
U00515,2026-01-07,Mobile,Referral,Chennai,1,1,1,0,0,0,0,9.8
U00516,2026-02-09,Mobile,Paid Search,Bengaluru,1,0,0,0,0,0,0,8.5
U00517,2026-02-28,Mobile,Social Media,Chennai,1,1,0,0,0,0,0,6.4
U00518,2026-02-27,Desktop,Direct,Other,1,0,0,0,0,0,0,8.6
U00519,2026-01-11,Tablet,Paid Search,Pune,1,0,0,0,0,0,0,7.1
U00520,2026-01-29,Mobile,Social Media,Other,1,0,0,0,0,0,0,6.2
U00521,2026-01-17,Mobile,Organic Search,Pune,1,1,0,0,0,0,0,7.8
U00522,2026-01-13,Mobile,Referral,Bengaluru,1,0,0,0,0,0,0,4.8
U00523,2026-01-09,Tablet,Email,Pune,1,1,1,1,1,0,0,9.9
U00524,2026-02-11,Desktop,Paid Search,Other,1,0,0,0,0,0,0,10.8
U00525,2026-01-09,Desktop,Organic Search,Other,1,0,0,0,0,0,0,3.7
U00526,2026-01-21,Mobile,Social Media,Delhi,1,1,0,0,0,0,0,6.2
U00527,2026-03-19,Mobile,Organic Search,Bengaluru,1,0,0,0,0,0,0,5.4
U00528,2026-01-27,Mobile,Organic Search,Hyderabad,1,0,0,0,0,0,0,4.3
U00529,2026-02-24,Mobile,Social Media,Hyderabad,1,1,1,0,0,0,0,2.8
U00530,2026-02-04,Desktop,Organic Search,Other,1,0,0,0,0,0,0,6.5
U00531,2026-02-09,Desktop,Organic Search,Chennai,1,0,0,0,0,0,0,4.4
U00532,2026-03-30,Tablet,Email,Pune,1,0,0,0,0,0,0,3.5
U00533,2026-01-12,Tablet,Organic Search,Chennai,1,0,0,0,0,0,0,4.9
U00534,2026-03-13,Mobile,Paid Search,Delhi,1,0,0,0,0,0,0,0.9
U00535,2026-01-29,Desktop,Organic Search,Hyderabad,1,0,0,0,0,0,0,4.5
U00536,2026-01-05,Tablet,Social Media,Bengaluru,1,1,1,1,1,0,0,10.1
U00537,2026-03-01,Desktop,Email,Chennai,1,0,0,0,0,0,0,11.7
U00538,2026-01-19,Mobile,Email,Mumbai,1,1,1,1,1,0,0,1.9
U00539,2026-02-04,Mobile,Paid Search,Hyderabad,1,0,0,0,0,0,0,3.9
U00540,2026-02-15,Mobile,Organic Search,Delhi,1,0,0,0,0,0,0,5.2
U00541,2026-02-15,Tablet,Organic Search,Bengaluru,1,0,0,0,0,0,0,4.1
U00542,2026-02-14,Mobile,Paid Search,Pune,1,1,1,0,0,0,0,12.2
U00543,2026-02-08,Mobile,Direct,Hyderabad,1,1,0,0,0,0,0,6.8
U00544,2026-02-10,Desktop,Organic Search,Delhi,1,0,0,0,0,0,0,21.8
U00545,2026-03-30,Mobile,Paid Search,Bengaluru,1,0,0,0,0,0,0,7
U00546,2026-01-18,Mobile,Organic Search,Delhi,1,1,1,0,0,0,0,5.7
U00547,2026-02-28,Mobile,Social Media,Chennai,1,1,0,0,0,0,0,7.9
U00548,2026-03-28,Desktop,Email,Delhi,1,1,1,0,0,0,0,16.9
U00549,2026-01-30,Mobile,Email,Other,1,0,0,0,0,0,0,4.5
U00550,2026-03-06,Desktop,Direct,Hyderabad,1,1,1,0,0,0,0,10.2
U00551,2026-03-31,Mobile,Social Media,Hyderabad,1,1,1,1,0,0,0,13.2
U00552,2026-03-25,Desktop,Organic Search,Delhi,1,0,0,0,0,0,0,7.6
U00553,2026-02-10,Mobile,Paid Search,Mumbai,1,0,0,0,0,0,0,8.2
U00554,2026-03-26,Mobile,Email,Bengaluru,1,0,0,0,0,0,0,3.2
U00555,2026-02-24,Desktop,Social Media,Chennai,1,0,0,0,0,0,0,8.4
U00556,2026-02-28,Mobile,Social Media,Hyderabad,1,1,1,0,0,0,0,4.3
U00557,2026-02-14,Mobile,Email,Hyderabad,1,1,1,0,0,0,0,7.9
U00558,2026-03-25,Mobile,Email,Chennai,1,0,0,0,0,0,0,0.6
U00559,2026-03-08,Desktop,Direct,Pune,1,0,0,0,0,0,0,11.1
U00560,2026-01-17,Desktop,Social Media,Chennai,1,1,1,0,0,0,0,1.7
U00561,2026-03-23,Desktop,Referral,Mumbai,1,0,0,0,0,0,0,20.4
U00562,2026-03-15,Mobile,Organic Search,Pune,1,0,0,0,0,0,0,4.2
U00563,2026-01-20,Mobile,Email,Bengaluru,1,0,0,0,0,0,0,6.7
U00564,2026-01-23,Mobile,Direct,Delhi,1,0,0,0,0,0,0,8.1
U00565,2026-03-05,Mobile,Paid Search,Pune,1,0,0,0,0,0,0,4.9
U00566,2026-01-08,Mobile,Referral,Bengaluru,1,1,1,0,0,0,0,11.4
U00567,2026-03-06,Mobile,Email,Bengaluru,1,0,0,0,0,0,0,4.6
U00568,2026-03-01,Mobile,Organic Search,Other,1,1,1,0,0,0,0,3.4
U00569,2026-01-07,Desktop,Social Media,Other,1,1,1,1,1,0,0,8
U00570,2026-01-04,Mobile,Organic Search,Bengaluru,1,1,1,0,0,0,0,7.4
U00571,2026-01-28,Mobile,Direct,Hyderabad,1,0,0,0,0,0,0,26.5
U00572,2026-01-19,Desktop,Referral,Bengaluru,1,0,0,0,0,0,0,16.3
U00573,2026-01-06,Mobile,Organic Search,Chennai,1,1,1,0,0,0,0,8.3
U00574,2026-01-26,Desktop,Organic Search,Chennai,1,1,1,1,1,1,3720.03,9.8
U00575,2026-02-09,Desktop,Social Media,Mumbai,1,0,0,0,0,0,0,7.3
U00576,2026-01-19,Tablet,Paid Search,Pune,1,0,0,0,0,0,0,3
U00577,2026-03-22,Mobile,Organic Search,Bengaluru,1,0,0,0,0,0,0,6.3
U00578,2026-01-21,Tablet,Social Media,Pune,1,0,0,0,0,0,0,3.3
U00579,2026-01-05,Mobile,Paid Search,Hyderabad,1,0,0,0,0,0,0,6.4
U00580,2026-01-17,Mobile,Organic Search,Hyderabad,1,1,1,1,0,0,0,17.2
U00581,2026-02-07,Mobile,Referral,Chennai,1,0,0,0,0,0,0,8.5
U00582,2026-03-03,Tablet,Direct,Hyderabad,1,0,0,0,0,0,0,3.1
U00583,2026-02-09,Mobile,Referral,Chennai,1,1,1,0,0,0,0,3.5
U00584,2026-01-07,Mobile,Referral,Pune,1,0,0,0,0,0,0,1.4
U00585,2026-01-27,Desktop,Organic Search,Bengaluru,1,1,1,1,1,1,1982.23,5.7
U00586,2026-01-31,Mobile,Paid Search,Delhi,1,0,0,0,0,0,0,9.5
U00587,2026-03-03,Mobile,Organic Search,Bengaluru,1,1,0,0,0,0,0,4.6
U00588,2026-01-26,Mobile,Referral,Hyderabad,1,0,0,0,0,0,0,3.7
U00589,2026-03-11,Mobile,Direct,Mumbai,1,1,0,0,0,0,0,12.9
U00590,2026-01-31,Mobile,Email,Pune,1,0,0,0,0,0,0,3.3
U00591,2026-01-12,Mobile,Direct,Chennai,1,0,0,0,0,0,0,7.9
U00592,2026-01-15,Desktop,Email,Mumbai,1,0,0,0,0,0,0,5
U00593,2026-02-27,Mobile,Paid Search,Other,1,0,0,0,0,0,0,3.9
U00594,2026-01-01,Mobile,Paid Search,Delhi,1,0,0,0,0,0,0,5.4
U00595,2026-03-03,Desktop,Organic Search,Hyderabad,1,1,1,0,0,0,0,3.4
U00596,2026-02-28,Mobile,Organic Search,Delhi,1,0,0,0,0,0,0,7.1
U00597,2026-03-31,Desktop,Email,Chennai,1,1,1,1,1,0,0,9.1
U00598,2026-02-06,Mobile,Paid Search,Delhi,1,0,0,0,0,0,0,11.7
U00599,2026-01-06,Mobile,Social Media,Chennai,1,1,0,0,0,0,0,6.3
U00600,2026-01-24,Mobile,Social Media,Hyderabad,1,0,0,0,0,0,0,4.2
U00601,2026-02-16,Mobile,Paid Search,Mumbai,1,1,1,0,0,0,0,10.3
U00602,2026-03-05,Mobile,Social Media,Chennai,1,0,0,0,0,0,0,4.3
U00603,2026-02-05,Mobile,Social Media,Mumbai,1,0,0,0,0,0,0,9.1
U00604,2026-03-24,Mobile,Paid Search,Pune,1,0,0,0,0,0,0,7.1
U00605,2026-02-25,Mobile,Referral,Pune,1,1,1,0,0,0,0,6.2
U00606,2026-03-23,Mobile,Social Media,Chennai,1,1,1,0,0,0,0,3.5
U00607,2026-03-21,Mobile,Social Media,Chennai,1,1,1,0,0,0,0,4.1
U00608,2026-01-17,Mobile,Direct,Mumbai,1,0,0,0,0,0,0,9.2
U00609,2026-01-11,Mobile,Direct,Mumbai,1,1,1,0,0,0,0,7.8
U00610,2026-01-04,Desktop,Direct,Other,1,1,1,0,0,0,0,5.1
U00611,2026-03-21,Mobile,Paid Search,Mumbai,1,0,0,0,0,0,0,7.9
U00612,2026-01-09,Desktop,Organic Search,Bengaluru,1,0,0,0,0,0,0,8
U00613,2026-03-28,Desktop,Paid Search,Mumbai,1,1,0,0,0,0,0,11.9
U00614,2026-03-15,Mobile,Paid Search,Mumbai,1,0,0,0,0,0,0,8.6
U00615,2026-03-31,Desktop,Direct,Mumbai,1,1,1,1,0,0,0,1.6
U00616,2026-02-08,Tablet,Email,Mumbai,1,1,1,0,0,0,0,6.7
U00617,2026-03-08,Mobile,Organic Search,Hyderabad,1,1,0,0,0,0,0,12.8
U00618,2026-03-25,Mobile,Organic Search,Hyderabad,1,1,0,0,0,0,0,22.2
U00619,2026-03-22,Desktop,Organic Search,Bengaluru,1,1,0,0,0,0,0,5.4
U00620,2026-02-16,Desktop,Email,Chennai,1,0,0,0,0,0,0,11.4
U00621,2026-01-28,Mobile,Email,Hyderabad,1,0,0,0,0,0,0,1.8
U00622,2026-01-01,Mobile,Direct,Pune,1,1,1,1,0,0,0,9.3
U00623,2026-02-05,Mobile,Direct,Bengaluru,1,1,0,0,0,0,0,8.7
U00624,2026-03-30,Mobile,Organic Search,Other,1,1,1,0,0,0,0,10.2
U00625,2026-02-19,Mobile,Paid Search,Hyderabad,1,0,0,0,0,0,0,1.8
U00626,2026-03-26,Mobile,Organic Search,Hyderabad,1,0,0,0,0,0,0,7.1
U00627,2026-03-18,Mobile,Paid Search,Chennai,1,0,0,0,0,0,0,4.8
U00628,2026-02-08,Desktop,Direct,Hyderabad,1,0,0,0,0,0,0,4.3
U00629,2026-02-19,Mobile,Social Media,Other,1,1,0,0,0,0,0,9.7
U00630,2026-01-23,Mobile,Email,Hyderabad,1,1,1,1,0,0,0,10.1
U00631,2026-02-22,Desktop,Social Media,Chennai,1,0,0,0,0,0,0,11
U00632,2026-01-06,Desktop,Organic Search,Other,1,1,1,1,1,1,4273.12,6.5
U00633,2026-03-24,Mobile,Organic Search,Chennai,1,1,0,0,0,0,0,11.2
U00634,2026-01-10,Mobile,Social Media,Hyderabad,1,1,1,1,1,0,0,5.4
U00635,2026-01-16,Mobile,Email,Bengaluru,1,0,0,0,0,0,0,5.2
U00636,2026-03-18,Mobile,Organic Search,Chennai,1,0,0,0,0,0,0,2.4
U00637,2026-01-22,Mobile,Email,Hyderabad,1,1,0,0,0,0,0,7.2
U00638,2026-03-07,Mobile,Referral,Chennai,1,0,0,0,0,0,0,27.1
U00639,2026-02-11,Mobile,Paid Search,Pune,1,1,0,0,0,0,0,2.5
U00640,2026-03-31,Mobile,Email,Pune,1,1,0,0,0,0,0,10.3
U00641,2026-01-05,Mobile,Paid Search,Hyderabad,1,1,1,1,0,0,0,7.4
U00642,2026-02-06,Mobile,Email,Hyderabad,1,1,0,0,0,0,0,14.3
U00643,2026-03-27,Mobile,Referral,Bengaluru,1,1,1,0,0,0,0,18.4
U00644,2026-02-20,Mobile,Direct,Mumbai,1,0,0,0,0,0,0,7.1
U00645,2026-03-23,Mobile,Paid Search,Bengaluru,1,0,0,0,0,0,0,8.7
U00646,2026-01-19,Desktop,Paid Search,Pune,1,0,0,0,0,0,0,9.5
U00647,2026-01-04,Mobile,Organic Search,Delhi,1,0,0,0,0,0,0,18.4
U00648,2026-03-13,Desktop,Organic Search,Hyderabad,1,0,0,0,0,0,0,5.9
U00649,2026-01-27,Desktop,Email,Mumbai,1,0,0,0,0,0,0,5.9
U00650,2026-02-24,Mobile,Direct,Hyderabad,1,0,0,0,0,0,0,13.3
U00651,2026-01-07,Mobile,Paid Search,Bengaluru,1,0,0,0,0,0,0,4.9
U00652,2026-03-02,Mobile,Organic Search,Hyderabad,1,1,1,0,0,0,0,8.8
U00653,2026-03-09,Mobile,Paid Search,Hyderabad,1,1,1,0,0,0,0,7.3
U00654,2026-01-26,Desktop,Social Media,Mumbai,1,1,0,0,0,0,0,6.3
U00655,2026-02-28,Mobile,Paid Search,Mumbai,1,0,0,0,0,0,0,10.8
U00656,2026-03-18,Mobile,Organic Search,Hyderabad,1,0,0,0,0,0,0,5.6
U00657,2026-03-16,Mobile,Email,Other,1,0,0,0,0,0,0,5
U00658,2026-02-08,Mobile,Organic Search,Chennai,1,0,0,0,0,0,0,2.9
U00659,2026-02-03,Desktop,Social Media,Hyderabad,1,1,1,0,0,0,0,12.5
U00660,2026-01-25,Mobile,Referral,Hyderabad,1,0,0,0,0,0,0,7.9
U00661,2026-03-26,Mobile,Paid Search,Mumbai,1,0,0,0,0,0,0,7.7
U00662,2026-02-05,Tablet,Social Media,Other,1,1,1,1,1,1,947.21,3.7
U00663,2026-03-07,Mobile,Email,Mumbai,1,1,1,1,0,0,0,10.7
U00664,2026-03-30,Mobile,Email,Other,1,1,1,1,0,0,0,10.9
U00665,2026-03-06,Mobile,Paid Search,Chennai,1,0,0,0,0,0,0,8.1
U00666,2026-01-06,Mobile,Paid Search,Chennai,1,0,0,0,0,0,0,1
U00667,2026-01-13,Mobile,Referral,Chennai,1,0,0,0,0,0,0,5.3
U00668,2026-01-17,Mobile,Referral,Delhi,1,1,1,1,1,1,3117.23,8.2
U00669,2026-03-21,Mobile,Paid Search,Bengaluru,1,1,0,0,0,0,0,3.1
U00670,2026-02-07,Mobile,Organic Search,Pune,1,0,0,0,0,0,0,8.2
U00671,2026-03-27,Mobile,Organic Search,Hyderabad,1,0,0,0,0,0,0,2.2
U00672,2026-02-12,Desktop,Organic Search,Chennai,1,1,0,0,0,0,0,15.3
U00673,2026-02-10,Mobile,Social Media,Mumbai,1,0,0,0,0,0,0,2.3
U00674,2026-03-12,Mobile,Organic Search,Mumbai,1,1,1,0,0,0,0,10.3
U00675,2026-01-02,Mobile,Paid Search,Bengaluru,1,1,1,0,0,0,0,4.4
U00676,2026-01-01,Tablet,Referral,Chennai,1,0,0,0,0,0,0,3.7
U00677,2026-01-19,Mobile,Paid Search,Chennai,1,0,0,0,0,0,0,11
U00678,2026-01-16,Mobile,Referral,Delhi,1,1,1,0,0,0,0,3.4
U00679,2026-02-03,Tablet,Email,Delhi,1,0,0,0,0,0,0,4.5
U00680,2026-03-13,Desktop,Organic Search,Delhi,1,1,1,0,0,0,0,9.2
U00681,2026-03-31,Desktop,Email,Bengaluru,1,0,0,0,0,0,0,6.9
U00682,2026-01-11,Mobile,Email,Other,1,0,0,0,0,0,0,6.9
U00683,2026-03-15,Mobile,Paid Search,Pune,1,1,1,1,1,0,0,9.9
U00684,2026-03-09,Desktop,Organic Search,Bengaluru,1,0,0,0,0,0,0,7.7
U00685,2026-02-20,Tablet,Social Media,Hyderabad,1,0,0,0,0,0,0,7.5
U00686,2026-02-18,Mobile,Direct,Bengaluru,1,0,0,0,0,0,0,6.8
U00687,2026-01-23,Mobile,Email,Chennai,1,1,1,1,0,0,0,6.8
U00688,2026-01-02,Mobile,Organic Search,Pune,1,1,1,0,0,0,0,5
U00689,2026-02-01,Desktop,Email,Delhi,1,0,0,0,0,0,0,5.3
U00690,2026-02-23,Mobile,Paid Search,Pune,1,1,1,1,0,0,0,14.7
U00691,2026-01-20,Mobile,Social Media,Bengaluru,1,0,0,0,0,0,0,3.1
U00692,2026-03-18,Mobile,Email,Mumbai,1,0,0,0,0,0,0,3.2
U00693,2026-03-08,Mobile,Social Media,Bengaluru,1,1,0,0,0,0,0,12.2
U00694,2026-01-18,Mobile,Referral,Hyderabad,1,1,1,0,0,0,0,7.6
U00695,2026-03-11,Mobile,Email,Delhi,1,0,0,0,0,0,0,13
U00696,2026-01-14,Mobile,Social Media,Hyderabad,1,0,0,0,0,0,0,0.8
U00697,2026-03-09,Mobile,Organic Search,Delhi,1,0,0,0,0,0,0,1
U00698,2026-03-31,Mobile,Referral,Mumbai,1,1,1,1,1,1,2261.97,18.5
U00699,2026-03-17,Mobile,Direct,Pune,1,0,0,0,0,0,0,8.7
U00700,2026-03-02,Mobile,Organic Search,Hyderabad,1,0,0,0,0,0,0,3.8
U00701,2026-02-07,Mobile,Social Media,Delhi,1,0,0,0,0,0,0,15.1
U00702,2026-02-27,Mobile,Paid Search,Other,1,0,0,0,0,0,0,22.6
U00703,2026-02-10,Mobile,Referral,Pune,1,1,1,1,1,1,4508.77,9.7
U00704,2026-01-06,Mobile,Email,Delhi,1,0,0,0,0,0,0,5.7
U00705,2026-01-04,Mobile,Organic Search,Delhi,1,0,0,0,0,0,0,10.2
U00706,2026-03-13,Tablet,Direct,Chennai,1,0,0,0,0,0,0,14.9
U00707,2026-02-13,Mobile,Organic Search,Delhi,1,0,0,0,0,0,0,3.5
U00708,2026-01-04,Desktop,Referral,Delhi,1,0,0,0,0,0,0,2.1
U00709,2026-01-28,Mobile,Social Media,Mumbai,1,0,0,0,0,0,0,2.7
U00710,2026-01-07,Desktop,Paid Search,Delhi,1,0,0,0,0,0,0,12.2
U00711,2026-01-09,Desktop,Organic Search,Chennai,1,1,1,0,0,0,0,13.5
U00712,2026-03-08,Mobile,Organic Search,Hyderabad,1,1,1,0,0,0,0,8.9
U00713,2026-02-22,Mobile,Email,Mumbai,1,0,0,0,0,0,0,1.7
U00714,2026-01-20,Mobile,Social Media,Bengaluru,1,0,0,0,0,0,0,16.5
U00715,2026-01-19,Mobile,Organic Search,Chennai,1,0,0,0,0,0,0,2.1
U00716,2026-01-16,Tablet,Organic Search,Hyderabad,1,0,0,0,0,0,0,4.3
U00717,2026-01-03,Desktop,Organic Search,Chennai,1,1,0,0,0,0,0,8.7
U00718,2026-01-06,Tablet,Email,Pune,1,1,1,1,1,0,0,4.5
U00719,2026-02-23,Mobile,Email,Mumbai,1,1,1,0,0,0,0,8
U00720,2026-03-19,Desktop,Organic Search,Hyderabad,1,0,0,0,0,0,0,3.7
U00721,2026-01-26,Tablet,Social Media,Chennai,1,1,1,0,0,0,0,16.1
U00722,2026-02-03,Mobile,Organic Search,Bengaluru,1,0,0,0,0,0,0,3.6
U00723,2026-01-09,Mobile,Direct,Chennai,1,1,1,0,0,0,0,6.2
U00724,2026-02-24,Desktop,Direct,Chennai,1,0,0,0,0,0,0,9.8
U00725,2026-02-02,Mobile,Email,Other,1,0,0,0,0,0,0,2.2
U00726,2026-03-01,Desktop,Direct,Hyderabad,1,0,0,0,0,0,0,14.4
U00727,2026-01-19,Mobile,Referral,Delhi,1,0,0,0,0,0,0,6.9
U00728,2026-03-14,Desktop,Referral,Pune,1,1,1,1,1,0,0,5.9
U00729,2026-02-08,Mobile,Social Media,Other,1,1,0,0,0,0,0,5.1
U00730,2026-01-06,Mobile,Paid Search,Hyderabad,1,1,0,0,0,0,0,9.7
U00731,2026-01-23,Mobile,Organic Search,Mumbai,1,1,1,1,1,0,0,7.8
U00732,2026-02-26,Desktop,Paid Search,Hyderabad,1,0,0,0,0,0,0,7
U00733,2026-01-09,Desktop,Social Media,Chennai,1,0,0,0,0,0,0,1.8
U00734,2026-03-31,Mobile,Organic Search,Hyderabad,1,0,0,0,0,0,0,10.5
U00735,2026-01-10,Mobile,Paid Search,Pune,1,1,1,0,0,0,0,13.3
U00736,2026-03-11,Desktop,Social Media,Hyderabad,1,0,0,0,0,0,0,10
U00737,2026-01-14,Mobile,Organic Search,Mumbai,1,0,0,0,0,0,0,8.2
U00738,2026-01-17,Desktop,Social Media,Mumbai,1,0,0,0,0,0,0,10.4
U00739,2026-03-09,Mobile,Direct,Other,1,1,0,0,0,0,0,4
U00740,2026-03-19,Mobile,Email,Mumbai,1,1,0,0,0,0,0,0.6
U00741,2026-01-24,Mobile,Email,Bengaluru,1,0,0,0,0,0,0,3.9
U00742,2026-01-13,Mobile,Social Media,Bengaluru,1,1,1,1,1,1,1581.37,7.2
U00743,2026-02-28,Desktop,Social Media,Hyderabad,1,0,0,0,0,0,0,6.8
U00744,2026-03-06,Mobile,Organic Search,Delhi,1,0,0,0,0,0,0,12.7
U00745,2026-02-07,Mobile,Direct,Delhi,1,1,1,0,0,0,0,22.1
U00746,2026-01-17,Desktop,Organic Search,Mumbai,1,0,0,0,0,0,0,6.8
U00747,2026-01-14,Mobile,Organic Search,Hyderabad,1,0,0,0,0,0,0,21.8
U00748,2026-03-22,Mobile,Referral,Delhi,1,1,1,0,0,0,0,10.1
U00749,2026-02-15,Desktop,Organic Search,Mumbai,1,1,1,1,1,1,4466.61,4.9
U00750,2026-01-16,Desktop,Paid Search,Other,1,1,0,0,0,0,0,9.2
U00751,2026-03-12,Mobile,Organic Search,Mumbai,1,0,0,0,0,0,0,2.9
U00752,2026-02-16,Tablet,Organic Search,Bengaluru,1,0,0,0,0,0,0,7.4
U00753,2026-03-17,Desktop,Organic Search,Chennai,1,0,0,0,0,0,0,11.9
U00754,2026-01-23,Mobile,Organic Search,Hyderabad,1,1,1,0,0,0,0,21.9
U00755,2026-01-06,Mobile,Email,Delhi,1,0,0,0,0,0,0,7.8
U00756,2026-02-07,Desktop,Referral,Delhi,1,0,0,0,0,0,0,15.4
U00757,2026-01-30,Desktop,Paid Search,Bengaluru,1,0,0,0,0,0,0,3.7
U00758,2026-01-22,Mobile,Direct,Hyderabad,1,1,1,1,1,1,3018.66,2
U00759,2026-01-01,Desktop,Organic Search,Hyderabad,1,0,0,0,0,0,0,8
U00760,2026-03-08,Desktop,Paid Search,Other,1,0,0,0,0,0,0,5.9
U00761,2026-02-09,Mobile,Organic Search,Bengaluru,1,0,0,0,0,0,0,26.3
U00762,2026-01-01,Mobile,Social Media,Bengaluru,1,0,0,0,0,0,0,6.4
U00763,2026-02-17,Mobile,Paid Search,Bengaluru,1,0,0,0,0,0,0,2.2
U00764,2026-02-08,Desktop,Social Media,Chennai,1,0,0,0,0,0,0,1.8
U00765,2026-02-13,Mobile,Referral,Delhi,1,1,0,0,0,0,0,5.5
U00766,2026-02-18,Mobile,Social Media,Pune,1,0,0,0,0,0,0,7.9
U00767,2026-03-02,Desktop,Social Media,Hyderabad,1,0,0,0,0,0,0,13.9
U00768,2026-03-16,Desktop,Direct,Delhi,1,0,0,0,0,0,0,7.2
U00769,2026-02-23,Mobile,Paid Search,Bengaluru,1,1,0,0,0,0,0,3.1
U00770,2026-01-19,Desktop,Paid Search,Other,1,0,0,0,0,0,0,3.3
U00771,2026-01-21,Mobile,Email,Bengaluru,1,1,1,1,1,1,3597.28,1.6
U00772,2026-03-16,Desktop,Social Media,Hyderabad,1,1,1,0,0,0,0,1.9
U00773,2026-03-27,Mobile,Organic Search,Mumbai,1,0,0,0,0,0,0,12.4
U00774,2026-01-19,Mobile,Paid Search,Hyderabad,1,0,0,0,0,0,0,5.4
U00775,2026-01-28,Desktop,Social Media,Hyderabad,1,1,1,1,1,0,0,12.7
U00776,2026-03-31,Mobile,Paid Search,Delhi,1,1,0,0,0,0,0,3.4
U00777,2026-01-19,Mobile,Organic Search,Delhi,1,1,0,0,0,0,0,17.9
U00778,2026-01-15,Desktop,Direct,Chennai,1,1,1,1,1,1,4920.73,3.7
U00779,2026-01-05,Desktop,Referral,Delhi,1,0,0,0,0,0,0,4
U00780,2026-01-12,Desktop,Social Media,Mumbai,1,1,1,0,0,0,0,6
U00781,2026-01-23,Desktop,Email,Mumbai,1,0,0,0,0,0,0,5.9
U00782,2026-02-18,Mobile,Direct,Mumbai,1,0,0,0,0,0,0,7.6
U00783,2026-03-22,Mobile,Organic Search,Delhi,1,1,1,0,0,0,0,6.9
U00784,2026-01-11,Mobile,Paid Search,Hyderabad,1,0,0,0,0,0,0,12
U00785,2026-02-10,Mobile,Social Media,Bengaluru,1,0,0,0,0,0,0,17.6
U00786,2026-02-27,Desktop,Referral,Chennai,1,0,0,0,0,0,0,1.9
U00787,2026-03-13,Mobile,Organic Search,Chennai,1,0,0,0,0,0,0,19
U00788,2026-02-09,Mobile,Direct,Delhi,1,1,1,0,0,0,0,1.3
U00789,2026-01-22,Mobile,Social Media,Bengaluru,1,0,0,0,0,0,0,17.3
U00790,2026-01-10,Tablet,Paid Search,Hyderabad,1,1,1,1,1,0,0,3
U00791,2026-02-08,Mobile,Paid Search,Bengaluru,1,0,0,0,0,0,0,3.2
U00792,2026-02-20,Mobile,Organic Search,Bengaluru,1,0,0,0,0,0,0,9.1
U00793,2026-02-14,Mobile,Referral,Delhi,1,0,0,0,0,0,0,6.6
U00794,2026-03-11,Mobile,Direct,Chennai,1,0,0,0,0,0,0,8.2
U00795,2026-03-16,Mobile,Paid Search,Delhi,1,0,0,0,0,0,0,27.3
U00796,2026-01-18,Desktop,Direct,Chennai,1,1,1,0,0,0,0,13.8
U00797,2026-02-10,Tablet,Referral,Pune,1,0,0,0,0,0,0,9.2
U00798,2026-03-18,Mobile,Social Media,Other,1,0,0,0,0,0,0,4.5
U00799,2026-03-10,Desktop,Email,Delhi,1,0,0,0,0,0,0,16.6
U00800,2026-02-22,Tablet,Paid Search,Pune,1,0,0,0,0,0,0,7.4
U00801,2026-03-05,Desktop,Social Media,Chennai,1,0,0,0,0,0,0,4.9
U00802,2026-02-15,Mobile,Organic Search,Other,1,1,1,1,0,0,0,14.5
U00803,2026-01-25,Mobile,Email,Pune,1,0,0,0,0,0,0,11.2
U00804,2026-03-09,Mobile,Organic Search,Other,1,0,0,0,0,0,0,5.3
U00805,2026-02-16,Mobile,Referral,Mumbai,1,1,1,1,1,0,0,1.4
U00806,2026-01-29,Desktop,Referral,Delhi,1,1,1,0,0,0,0,8.3
U00807,2026-01-24,Tablet,Organic Search,Mumbai,1,0,0,0,0,0,0,5
U00808,2026-03-26,Tablet,Paid Search,Bengaluru,1,1,1,1,1,0,0,14.5
U00809,2026-02-27,Mobile,Social Media,Bengaluru,1,1,0,0,0,0,0,5.9
U00810,2026-03-16,Mobile,Social Media,Pune,1,0,0,0,0,0,0,17.3
U00811,2026-01-27,Tablet,Paid Search,Hyderabad,1,1,1,0,0,0,0,9.3
U00812,2026-02-17,Desktop,Social Media,Mumbai,1,0,0,0,0,0,0,9
U00813,2026-02-10,Mobile,Paid Search,Bengaluru,1,1,0,0,0,0,0,10.9
U00814,2026-03-15,Tablet,Organic Search,Chennai,1,1,1,1,1,0,0,8.4
U00815,2026-01-11,Desktop,Organic Search,Pune,1,0,0,0,0,0,0,5.8
U00816,2026-02-12,Mobile,Organic Search,Pune,1,0,0,0,0,0,0,3.1
U00817,2026-03-14,Mobile,Referral,Mumbai,1,0,0,0,0,0,0,2.7
U00818,2026-01-03,Mobile,Direct,Bengaluru,1,0,0,0,0,0,0,3.7
U00819,2026-02-18,Mobile,Paid Search,Chennai,1,0,0,0,0,0,0,31.4
U00820,2026-02-18,Mobile,Social Media,Chennai,1,1,1,1,1,1,1247.48,2.3
U00821,2026-02-13,Desktop,Organic Search,Bengaluru,1,0,0,0,0,0,0,10.9
U00822,2026-01-06,Mobile,Social Media,Hyderabad,1,0,0,0,0,0,0,3
U00823,2026-02-17,Mobile,Organic Search,Mumbai,1,1,0,0,0,0,0,3.6
U00824,2026-03-30,Mobile,Social Media,Bengaluru,1,1,1,1,1,1,1385.46,4.5
U00825,2026-03-12,Mobile,Direct,Delhi,1,0,0,0,0,0,0,2
U00826,2026-01-27,Desktop,Organic Search,Bengaluru,1,1,1,0,0,0,0,7.9
U00827,2026-02-19,Mobile,Referral,Chennai,1,1,1,0,0,0,0,7.2
U00828,2026-03-27,Mobile,Organic Search,Hyderabad,1,0,0,0,0,0,0,3.1
U00829,2026-03-24,Desktop,Paid Search,Other,1,0,0,0,0,0,0,5.1
U00830,2026-03-27,Mobile,Organic Search,Chennai,1,1,0,0,0,0,0,12
U00831,2026-01-23,Mobile,Paid Search,Hyderabad,1,1,1,1,1,0,0,11.9
U00832,2026-03-17,Mobile,Organic Search,Mumbai,1,0,0,0,0,0,0,10.6
U00833,2026-03-07,Mobile,Paid Search,Pune,1,0,0,0,0,0,0,7.6
U00834,2026-01-29,Mobile,Paid Search,Delhi,1,1,0,0,0,0,0,8.1
U00835,2026-01-14,Mobile,Paid Search,Delhi,1,1,1,1,0,0,0,3.7
U00836,2026-03-14,Mobile,Email,Hyderabad,1,1,1,0,0,0,0,5.9
U00837,2026-03-31,Desktop,Direct,Mumbai,1,1,1,1,0,0,0,5.2
U00838,2026-01-29,Mobile,Paid Search,Delhi,1,1,1,0,0,0,0,12.9
U00839,2026-01-05,Mobile,Organic Search,Mumbai,1,1,1,1,1,1,3902.92,4.8
U00840,2026-03-27,Desktop,Paid Search,Pune,1,1,1,1,1,1,3551.21,5.7
U00841,2026-02-28,Mobile,Direct,Bengaluru,1,1,1,1,1,1,5345.89,2.6
U00842,2026-03-18,Desktop,Social Media,Bengaluru,1,0,0,0,0,0,0,2.9
U00843,2026-01-18,Mobile,Social Media,Pune,1,1,1,1,1,0,0,9.8
U00844,2026-03-12,Tablet,Organic Search,Mumbai,1,0,0,0,0,0,0,7.1
U00845,2026-03-18,Mobile,Paid Search,Hyderabad,1,0,0,0,0,0,0,6.9
U00846,2026-03-02,Mobile,Paid Search,Bengaluru,1,0,0,0,0,0,0,5.9
U00847,2026-02-17,Mobile,Direct,Pune,1,0,0,0,0,0,0,7.8
U00848,2026-03-26,Tablet,Direct,Hyderabad,1,0,0,0,0,0,0,5.5
U00849,2026-02-13,Mobile,Organic Search,Hyderabad,1,1,1,1,1,0,0,7.4
U00850,2026-02-07,Mobile,Social Media,Bengaluru,1,1,1,1,0,0,0,5.7
U00851,2026-01-03,Mobile,Organic Search,Other,1,1,1,0,0,0,0,5.1
U00852,2026-01-28,Desktop,Paid Search,Other,1,1,1,0,0,0,0,13.9
U00853,2026-02-23,Mobile,Direct,Mumbai,1,0,0,0,0,0,0,5.4
U00854,2026-02-14,Desktop,Social Media,Mumbai,1,0,0,0,0,0,0,10.1
U00855,2026-03-27,Mobile,Paid Search,Bengaluru,1,0,0,0,0,0,0,9.4
U00856,2026-02-12,Mobile,Organic Search,Bengaluru,1,0,0,0,0,0,0,4.5
U00857,2026-02-02,Mobile,Referral,Pune,1,1,1,0,0,0,0,6.2
U00858,2026-01-13,Mobile,Social Media,Hyderabad,1,0,0,0,0,0,0,13.9
U00859,2026-02-10,Mobile,Social Media,Chennai,1,0,0,0,0,0,0,1.7
U00860,2026-02-26,Mobile,Organic Search,Mumbai,1,0,0,0,0,0,0,9.7
U00861,2026-01-05,Desktop,Paid Search,Hyderabad,1,0,0,0,0,0,0,5.6
U00862,2026-01-08,Mobile,Direct,Mumbai,1,0,0,0,0,0,0,5.2
U00863,2026-03-07,Mobile,Social Media,Mumbai,1,1,1,0,0,0,0,7.5
U00864,2026-02-13,Mobile,Paid Search,Delhi,1,0,0,0,0,0,0,9.7
U00865,2026-02-12,Mobile,Social Media,Bengaluru,1,0,0,0,0,0,0,9.8
U00866,2026-03-22,Mobile,Referral,Bengaluru,1,0,0,0,0,0,0,1.7
U00867,2026-01-04,Mobile,Paid Search,Mumbai,1,1,0,0,0,0,0,10.9
U00868,2026-01-19,Mobile,Organic Search,Other,1,0,0,0,0,0,0,4.9
U00869,2026-02-03,Desktop,Social Media,Bengaluru,1,0,0,0,0,0,0,7.9
U00870,2026-03-03,Tablet,Email,Other,1,0,0,0,0,0,0,9.4
U00871,2026-03-22,Mobile,Email,Delhi,1,1,1,1,0,0,0,8.5
U00872,2026-03-30,Mobile,Direct,Pune,1,1,0,0,0,0,0,4.6
U00873,2026-01-05,Desktop,Paid Search,Hyderabad,1,0,0,0,0,0,0,16.5
U00874,2026-03-22,Mobile,Organic Search,Bengaluru,1,1,1,0,0,0,0,2.5
U00875,2026-01-11,Mobile,Direct,Hyderabad,1,0,0,0,0,0,0,8.2
U00876,2026-02-27,Mobile,Paid Search,Bengaluru,1,0,0,0,0,0,0,2.3
U00877,2026-01-16,Desktop,Social Media,Other,1,0,0,0,0,0,0,8
U00878,2026-03-21,Desktop,Email,Hyderabad,1,0,0,0,0,0,0,8.6
U00879,2026-03-11,Mobile,Social Media,Mumbai,1,1,1,1,1,1,2504.88,13.2
U00880,2026-03-23,Mobile,Organic Search,Hyderabad,1,1,1,0,0,0,0,5.8
U00881,2026-01-03,Mobile,Referral,Delhi,1,0,0,0,0,0,0,6.4
U00882,2026-01-18,Desktop,Referral,Hyderabad,1,0,0,0,0,0,0,6.1
U00883,2026-01-07,Mobile,Social Media,Hyderabad,1,0,0,0,0,0,0,5
U00884,2026-03-16,Mobile,Social Media,Bengaluru,1,1,1,0,0,0,0,11.9
U00885,2026-02-16,Desktop,Organic Search,Delhi,1,1,1,0,0,0,0,11.5
U00886,2026-01-15,Mobile,Organic Search,Hyderabad,1,1,1,0,0,0,0,4.3
U00887,2026-03-03,Desktop,Paid Search,Bengaluru,1,1,1,0,0,0,0,8.3
U00888,2026-03-19,Mobile,Paid Search,Hyderabad,1,0,0,0,0,0,0,2.3
U00889,2026-01-23,Mobile,Direct,Other,1,1,1,0,0,0,0,5.2
U00890,2026-02-05,Mobile,Referral,Mumbai,1,0,0,0,0,0,0,3.8
U00891,2026-01-17,Desktop,Email,Delhi,1,1,0,0,0,0,0,5.6
U00892,2026-01-22,Desktop,Social Media,Mumbai,1,0,0,0,0,0,0,13.2
U00893,2026-01-24,Desktop,Organic Search,Hyderabad,1,1,1,0,0,0,0,13.8
U00894,2026-01-27,Mobile,Direct,Mumbai,1,0,0,0,0,0,0,4.8
U00895,2026-01-17,Desktop,Paid Search,Hyderabad,1,0,0,0,0,0,0,6.1
U00896,2026-01-23,Mobile,Organic Search,Chennai,1,1,1,1,1,1,4033.16,3.5
U00897,2026-03-12,Mobile,Social Media,Mumbai,1,1,1,1,0,0,0,2.7
U00898,2026-01-01,Desktop,Direct,Mumbai,1,1,1,1,0,0,0,7.1
U00899,2026-02-19,Mobile,Direct,Hyderabad,1,1,1,0,0,0,0,7.3
U00900,2026-03-04,Mobile,Organic Search,Hyderabad,1,0,0,0,0,0,0,12.3
U00901,2026-02-19,Mobile,Direct,Delhi,1,1,1,0,0,0,0,2.2
U00902,2026-02-06,Mobile,Paid Search,Delhi,1,1,1,0,0,0,0,3.7
U00903,2026-01-15,Mobile,Organic Search,Hyderabad,1,0,0,0,0,0,0,11.5
U00904,2026-02-25,Mobile,Referral,Hyderabad,1,1,1,1,0,0,0,5.4
U00905,2026-03-23,Mobile,Direct,Pune,1,1,1,1,0,0,0,11.3
U00906,2026-02-25,Desktop,Social Media,Delhi,1,1,1,0,0,0,0,7.4
U00907,2026-03-09,Desktop,Social Media,Other,1,0,0,0,0,0,0,9
U00908,2026-01-29,Mobile,Referral,Bengaluru,1,1,0,0,0,0,0,9.6
U00909,2026-03-28,Mobile,Referral,Chennai,1,0,0,0,0,0,0,5.2
U00910,2026-02-12,Mobile,Direct,Bengaluru,1,1,1,0,0,0,0,6.7
U00911,2026-03-27,Mobile,Social Media,Mumbai,1,0,0,0,0,0,0,14
U00912,2026-01-20,Mobile,Direct,Hyderabad,1,1,1,0,0,0,0,7.9
U00913,2026-03-27,Desktop,Direct,Hyderabad,1,1,1,0,0,0,0,5.9
U00914,2026-01-12,Mobile,Organic Search,Hyderabad,1,0,0,0,0,0,0,18
U00915,2026-03-31,Mobile,Referral,Delhi,1,1,1,0,0,0,0,4.3
U00916,2026-01-14,Mobile,Social Media,Chennai,1,0,0,0,0,0,0,6.8
U00917,2026-03-02,Mobile,Paid Search,Mumbai,1,0,0,0,0,0,0,0.5
U00918,2026-03-25,Tablet,Social Media,Pune,1,0,0,0,0,0,0,9.1
U00919,2026-03-17,Desktop,Organic Search,Delhi,1,0,0,0,0,0,0,4.1
U00920,2026-03-02,Mobile,Social Media,Chennai,1,1,1,0,0,0,0,11.7
U00921,2026-01-09,Desktop,Direct,Other,1,1,0,0,0,0,0,1.8
U00922,2026-03-29,Mobile,Organic Search,Chennai,1,1,1,0,0,0,0,15.6
U00923,2026-03-14,Desktop,Paid Search,Hyderabad,1,0,0,0,0,0,0,11.1
U00924,2026-01-24,Desktop,Direct,Other,1,1,1,1,0,0,0,18.1
U00925,2026-03-10,Mobile,Paid Search,Hyderabad,1,1,1,0,0,0,0,1
U00926,2026-01-08,Mobile,Paid Search,Mumbai,1,0,0,0,0,0,0,1.2
U00927,2026-03-20,Mobile,Paid Search,Bengaluru,1,1,1,0,0,0,0,13.2
U00928,2026-02-14,Mobile,Social Media,Chennai,1,0,0,0,0,0,0,7.6
U00929,2026-02-22,Desktop,Email,Mumbai,1,1,1,1,0,0,0,12.6
U00930,2026-01-20,Mobile,Referral,Bengaluru,1,0,0,0,0,0,0,1.5
U00931,2026-02-27,Mobile,Social Media,Mumbai,1,0,0,0,0,0,0,9.7
U00932,2026-03-20,Desktop,Referral,Delhi,1,1,1,1,1,1,2728.26,2.4
U00933,2026-03-27,Tablet,Social Media,Bengaluru,1,1,1,0,0,0,0,3.4
U00934,2026-03-11,Mobile,Paid Search,Chennai,1,0,0,0,0,0,0,12.5
U00935,2026-02-02,Mobile,Email,Bengaluru,1,1,1,0,0,0,0,7.9
U00936,2026-03-02,Mobile,Email,Pune,1,0,0,0,0,0,0,4.8
U00937,2026-01-11,Mobile,Social Media,Delhi,1,1,1,0,0,0,0,4.5
U00938,2026-01-03,Desktop,Organic Search,Pune,1,0,0,0,0,0,0,5.5
U00939,2026-02-18,Mobile,Organic Search,Hyderabad,1,1,0,0,0,0,0,3.1
U00940,2026-02-26,Mobile,Paid Search,Hyderabad,1,0,0,0,0,0,0,7.1
U00941,2026-03-08,Mobile,Paid Search,Hyderabad,1,0,0,0,0,0,0,5.8
U00942,2026-01-29,Mobile,Email,Hyderabad,1,1,1,0,0,0,0,7.6
U00943,2026-01-11,Desktop,Organic Search,Mumbai,1,0,0,0,0,0,0,10.9
U00944,2026-02-24,Desktop,Referral,Other,1,0,0,0,0,0,0,10.9
U00945,2026-02-19,Mobile,Paid Search,Bengaluru,1,0,0,0,0,0,0,3.2
U00946,2026-01-15,Mobile,Paid Search,Other,1,0,0,0,0,0,0,7.9
U00947,2026-01-04,Mobile,Social Media,Hyderabad,1,0,0,0,0,0,0,1.2
U00948,2026-02-01,Desktop,Organic Search,Other,1,0,0,0,0,0,0,6.5
U00949,2026-02-21,Desktop,Direct,Hyderabad,1,1,1,1,1,1,4796.6,5.3
U00950,2026-03-03,Mobile,Organic Search,Other,1,1,1,0,0,0,0,1.2
U00951,2026-03-15,Mobile,Paid Search,Hyderabad,1,1,1,0,0,0,0,4.6
U00952,2026-02-10,Desktop,Referral,Other,1,1,0,0,0,0,0,7.5
U00953,2026-03-23,Mobile,Social Media,Bengaluru,1,1,1,0,0,0,0,4.6
U00954,2026-01-17,Desktop,Paid Search,Bengaluru,1,0,0,0,0,0,0,17.7
U00955,2026-01-05,Mobile,Paid Search,Chennai,1,0,0,0,0,0,0,16.5
U00956,2026-03-13,Mobile,Email,Chennai,1,1,1,0,0,0,0,1.6
U00957,2026-03-10,Mobile,Direct,Delhi,1,1,1,0,0,0,0,7.8
U00958,2026-03-22,Mobile,Direct,Other,1,0,0,0,0,0,0,6.2
U00959,2026-02-08,Mobile,Paid Search,Mumbai,1,0,0,0,0,0,0,6.5
U00960,2026-02-01,Desktop,Direct,Delhi,1,1,1,0,0,0,0,9.5
U00961,2026-01-07,Mobile,Organic Search,Hyderabad,1,1,1,0,0,0,0,4.6
U00962,2026-03-27,Mobile,Organic Search,Mumbai,1,1,1,0,0,0,0,20.9
U00963,2026-03-17,Mobile,Referral,Chennai,1,0,0,0,0,0,0,3.2
U00964,2026-02-19,Mobile,Organic Search,Pune,1,1,1,0,0,0,0,9.4
U00965,2026-03-29,Mobile,Organic Search,Chennai,1,1,1,0,0,0,0,1.7
U00966,2026-02-18,Mobile,Organic Search,Delhi,1,1,1,0,0,0,0,2.1
U00967,2026-02-12,Desktop,Paid Search,Bengaluru,1,1,1,0,0,0,0,1.2
U00968,2026-01-17,Mobile,Email,Bengaluru,1,1,1,0,0,0,0,18.9
U00969,2026-03-12,Mobile,Social Media,Bengaluru,1,1,1,0,0,0,0,10.4
U00970,2026-03-22,Mobile,Organic Search,Bengaluru,1,0,0,0,0,0,0,6.3
U00971,2026-01-20,Desktop,Social Media,Bengaluru,1,0,0,0,0,0,0,11.9
U00972,2026-02-14,Tablet,Direct,Hyderabad,1,1,1,0,0,0,0,5.4
U00973,2026-03-15,Desktop,Referral,Pune,1,1,0,0,0,0,0,15
U00974,2026-03-11,Mobile,Paid Search,Hyderabad,1,1,1,1,0,0,0,13.2
U00975,2026-02-17,Mobile,Direct,Pune,1,1,1,0,0,0,0,6.4
U00976,2026-02-01,Mobile,Email,Hyderabad,1,1,1,0,0,0,0,10.8
U00977,2026-01-08,Mobile,Organic Search,Hyderabad,1,1,1,1,0,0,0,11.3
U00978,2026-02-13,Mobile,Organic Search,Mumbai,1,0,0,0,0,0,0,4.9
U00979,2026-03-03,Mobile,Organic Search,Chennai,1,0,0,0,0,0,0,10
U00980,2026-03-24,Mobile,Email,Chennai,1,1,1,1,1,1,2166.84,2.1
U00981,2026-03-24,Mobile,Organic Search,Mumbai,1,0,0,0,0,0,0,12.7
U00982,2026-01-22,Desktop,Social Media,Bengaluru,1,1,1,1,1,1,3234.65,4.2
U00983,2026-02-04,Mobile,Organic Search,Delhi,1,0,0,0,0,0,0,3.1
U00984,2026-01-28,Mobile,Direct,Chennai,1,1,1,1,1,0,0,8
U00985,2026-02-02,Desktop,Paid Search,Bengaluru,1,0,0,0,0,0,0,2.8
U00986,2026-01-06,Mobile,Direct,Pune,1,0,0,0,0,0,0,7.2
U00987,2026-01-12,Desktop,Direct,Delhi,1,1,0,0,0,0,0,5.8
U00988,2026-02-19,Mobile,Organic Search,Chennai,1,1,1,0,0,0,0,10
U00989,2026-03-02,Mobile,Social Media,Pune,1,0,0,0,0,0,0,4.4
U00990,2026-02-19,Desktop,Organic Search,Other,1,0,0,0,0,0,0,17.9
U00991,2026-03-17,Desktop,Direct,Mumbai,1,1,1,1,1,1,2874.34,1.5
U00992,2026-02-06,Desktop,Social Media,Bengaluru,1,0,0,0,0,0,0,4
U00993,2026-03-08,Mobile,Organic Search,Other,1,1,1,1,1,1,8458.16,6.9
U00994,2026-03-02,Mobile,Organic Search,Hyderabad,1,0,0,0,0,0,0,5.1
U00995,2026-01-11,Mobile,Paid Search,Hyderabad,1,0,0,0,0,0,0,5
U00996,2026-03-21,Mobile,Direct,Bengaluru,1,0,0,0,0,0,0,2.1
U00997,2026-02-23,Desktop,Email,Delhi,1,0,0,0,0,0,0,3.6
U00998,2026-03-08,Mobile,Direct,Other,1,0,0,0,0,0,0,7.9
U00999,2026-03-27,Tablet,Paid Search,Mumbai,1,1,1,1,1,1,6988.61,9.4
U01000,2026-02-27,Mobile,Organic Search,Other,1,0,0,0,0,0,0,9.2
U01001,2026-02-18,Mobile,Direct,Hyderabad,1,0,0,0,0,0,0,6.8
U01002,2026-03-20,Mobile,Organic Search,Hyderabad,1,0,0,0,0,0,0,2.7
U01003,2026-03-25,Desktop,Direct,Mumbai,1,1,1,0,0,0,0,5.9
U01004,2026-02-12,Desktop,Paid Search,Other,1,1,0,0,0,0,0,17
U01005,2026-03-09,Desktop,Organic Search,Chennai,1,1,0,0,0,0,0,15.2
U01006,2026-03-25,Desktop,Email,Hyderabad,1,0,0,0,0,0,0,6.9
U01007,2026-01-29,Desktop,Direct,Bengaluru,1,1,1,1,1,1,2672.85,8.3
U01008,2026-01-14,Desktop,Direct,Bengaluru,1,1,1,0,0,0,0,1.1
U01009,2026-01-01,Mobile,Organic Search,Bengaluru,1,0,0,0,0,0,0,3.2
U01010,2026-01-18,Mobile,Organic Search,Hyderabad,1,0,0,0,0,0,0,12.1
U01011,2026-03-22,Mobile,Social Media,Other,1,1,0,0,0,0,0,4.6
U01012,2026-01-15,Tablet,Email,Mumbai,1,0,0,0,0,0,0,4.1
U01013,2026-03-30,Tablet,Email,Delhi,1,0,0,0,0,0,0,16.1
U01014,2026-01-13,Mobile,Organic Search,Hyderabad,1,0,0,0,0,0,0,5.7
U01015,2026-01-24,Desktop,Direct,Hyderabad,1,0,0,0,0,0,0,23.9
U01016,2026-02-03,Tablet,Email,Mumbai,1,0,0,0,0,0,0,4.8
U01017,2026-01-11,Mobile,Referral,Pune,1,1,0,0,0,0,0,7.8
U01018,2026-03-03,Mobile,Social Media,Mumbai,1,1,0,0,0,0,0,9.3
U01019,2026-02-16,Desktop,Paid Search,Pune,1,1,1,1,1,0,0,6.9
U01020,2026-01-25,Mobile,Direct,Pune,1,0,0,0,0,0,0,6.7
U01021,2026-02-01,Desktop,Social Media,Hyderabad,1,1,1,1,1,1,5613.73,7.4
U01022,2026-03-06,Mobile,Direct,Bengaluru,1,1,1,0,0,0,0,2.5
U01023,2026-01-29,Tablet,Direct,Mumbai,1,0,0,0,0,0,0,10.3
U01024,2026-02-10,Tablet,Email,Chennai,1,1,0,0,0,0,0,9.3
U01025,2026-03-16,Tablet,Social Media,Bengaluru,1,1,1,0,0,0,0,7.5
U01026,2026-01-22,Mobile,Organic Search,Chennai,1,0,0,0,0,0,0,2.3
U01027,2026-03-17,Desktop,Organic Search,Chennai,1,0,0,0,0,0,0,6.1
U01028,2026-01-01,Desktop,Organic Search,Other,1,0,0,0,0,0,0,9.4
U01029,2026-01-16,Mobile,Organic Search,Hyderabad,1,1,0,0,0,0,0,3.9
U01030,2026-01-16,Desktop,Paid Search,Bengaluru,1,0,0,0,0,0,0,3.6
U01031,2026-01-03,Mobile,Paid Search,Mumbai,1,0,0,0,0,0,0,9.6
U01032,2026-01-03,Mobile,Paid Search,Delhi,1,0,0,0,0,0,0,4.7
U01033,2026-02-21,Mobile,Paid Search,Mumbai,1,1,1,1,0,0,0,2.8
U01034,2026-01-31,Mobile,Organic Search,Other,1,0,0,0,0,0,0,5.1
U01035,2026-02-04,Mobile,Organic Search,Delhi,1,1,1,1,0,0,0,5.1
U01036,2026-02-19,Desktop,Email,Mumbai,1,1,1,1,1,1,4026.7,1.9
U01037,2026-03-17,Mobile,Social Media,Bengaluru,1,1,1,0,0,0,0,8.7
U01038,2026-03-30,Desktop,Paid Search,Chennai,1,1,1,0,0,0,0,3.2
U01039,2026-01-23,Mobile,Email,Delhi,1,0,0,0,0,0,0,3.6
U01040,2026-03-22,Mobile,Referral,Pune,1,1,1,0,0,0,0,8.1
U01041,2026-03-06,Mobile,Paid Search,Other,1,1,1,1,1,1,2216.26,3.9
U01042,2026-03-22,Desktop,Email,Mumbai,1,1,1,1,1,1,1724.27,6.4
U01043,2026-02-28,Mobile,Direct,Mumbai,1,1,1,0,0,0,0,1.4
U01044,2026-02-04,Desktop,Referral,Hyderabad,1,1,1,0,0,0,0,11.4
U01045,2026-03-04,Desktop,Paid Search,Hyderabad,1,0,0,0,0,0,0,13.9
U01046,2026-01-18,Mobile,Email,Hyderabad,1,0,0,0,0,0,0,8.5
U01047,2026-01-10,Mobile,Organic Search,Hyderabad,1,0,0,0,0,0,0,9.8
U01048,2026-02-16,Mobile,Social Media,Chennai,1,0,0,0,0,0,0,4.3
U01049,2026-02-02,Desktop,Direct,Bengaluru,1,1,1,0,0,0,0,9.6
U01050,2026-01-06,Mobile,Social Media,Mumbai,1,0,0,0,0,0,0,1.8
U01051,2026-01-21,Desktop,Direct,Mumbai,1,0,0,0,0,0,0,4.1
U01052,2026-02-16,Mobile,Paid Search,Mumbai,1,1,1,0,0,0,0,11.6
U01053,2026-01-30,Tablet,Direct,Chennai,1,1,1,0,0,0,0,1.3
U01054,2026-03-31,Desktop,Social Media,Bengaluru,1,1,1,1,1,1,3128.39,16.6
U01055,2026-03-12,Tablet,Organic Search,Other,1,1,1,0,0,0,0,10.7
U01056,2026-01-21,Mobile,Social Media,Hyderabad,1,1,1,0,0,0,0,6.7
U01057,2026-02-14,Desktop,Paid Search,Other,1,1,1,0,0,0,0,4
U01058,2026-02-19,Mobile,Organic Search,Bengaluru,1,0,0,0,0,0,0,17.5
U01059,2026-01-03,Mobile,Referral,Mumbai,1,1,1,0,0,0,0,4.9
U01060,2026-03-17,Desktop,Paid Search,Hyderabad,1,0,0,0,0,0,0,10.6
U01061,2026-02-02,Desktop,Referral,Hyderabad,1,1,1,0,0,0,0,4.1
U01062,2026-03-29,Tablet,Paid Search,Chennai,1,1,1,0,0,0,0,4.6
U01063,2026-03-12,Desktop,Organic Search,Delhi,1,1,0,0,0,0,0,18.7
U01064,2026-02-27,Mobile,Direct,Bengaluru,1,1,1,1,1,1,4170.95,4.1
U01065,2026-03-13,Mobile,Paid Search,Mumbai,1,1,1,0,0,0,0,8.7
U01066,2026-02-16,Desktop,Social Media,Bengaluru,1,1,1,1,0,0,0,12
U01067,2026-02-06,Mobile,Social Media,Chennai,1,0,0,0,0,0,0,3.1
U01068,2026-02-23,Mobile,Social Media,Other,1,0,0,0,0,0,0,10.1
U01069,2026-02-04,Mobile,Direct,Pune,1,0,0,0,0,0,0,7.5
U01070,2026-03-04,Mobile,Email,Mumbai,1,0,0,0,0,0,0,7.4
U01071,2026-01-07,Mobile,Paid Search,Bengaluru,1,0,0,0,0,0,0,2
U01072,2026-01-04,Mobile,Direct,Hyderabad,1,1,1,0,0,0,0,0.9
U01073,2026-02-03,Mobile,Organic Search,Other,1,0,0,0,0,0,0,3
U01074,2026-02-08,Mobile,Social Media,Bengaluru,1,1,1,0,0,0,0,17.3
U01075,2026-03-27,Tablet,Direct,Pune,1,0,0,0,0,0,0,7.4
U01076,2026-02-02,Mobile,Social Media,Bengaluru,1,0,0,0,0,0,0,3.5
U01077,2026-03-16,Mobile,Referral,Other,1,0,0,0,0,0,0,6.4
U01078,2026-01-09,Desktop,Email,Bengaluru,1,1,1,1,1,1,1215.01,6.1
U01079,2026-01-15,Mobile,Referral,Bengaluru,1,1,0,0,0,0,0,11.3
U01080,2026-01-30,Tablet,Direct,Mumbai,1,0,0,0,0,0,0,14.4
U01081,2026-02-13,Desktop,Paid Search,Other,1,0,0,0,0,0,0,13.5
U01082,2026-01-23,Mobile,Organic Search,Other,1,0,0,0,0,0,0,5.3
U01083,2026-03-09,Mobile,Social Media,Delhi,1,1,1,1,1,1,2641.22,2.1
U01084,2026-03-19,Desktop,Email,Delhi,1,1,1,0,0,0,0,1
U01085,2026-03-24,Tablet,Organic Search,Mumbai,1,1,1,1,1,1,5233.6,4.2
U01086,2026-03-29,Mobile,Organic Search,Delhi,1,0,0,0,0,0,0,10.5
U01087,2026-02-26,Mobile,Paid Search,Pune,1,0,0,0,0,0,0,5.2
U01088,2026-02-14,Mobile,Direct,Chennai,1,0,0,0,0,0,0,7.3
U01089,2026-03-12,Tablet,Email,Mumbai,1,0,0,0,0,0,0,3.3
U01090,2026-01-18,Mobile,Paid Search,Mumbai,1,0,0,0,0,0,0,6.6
U01091,2026-02-14,Tablet,Organic Search,Mumbai,1,0,0,0,0,0,0,16.5
U01092,2026-02-18,Desktop,Paid Search,Pune,1,1,0,0,0,0,0,2.5
U01093,2026-01-15,Mobile,Organic Search,Bengaluru,1,0,0,0,0,0,0,4.5
U01094,2026-02-16,Mobile,Organic Search,Bengaluru,1,0,0,0,0,0,0,25.6
U01095,2026-01-05,Mobile,Direct,Chennai,1,1,1,1,1,1,3486.18,3.7
U01096,2026-03-03,Mobile,Direct,Bengaluru,1,1,1,1,1,0,0,4.3
U01097,2026-03-25,Mobile,Organic Search,Chennai,1,1,1,1,0,0,0,2.2
U01098,2026-01-07,Mobile,Organic Search,Other,1,0,0,0,0,0,0,10.3
U01099,2026-03-15,Desktop,Paid Search,Mumbai,1,1,1,1,1,1,2515.68,1.2
U01100,2026-03-06,Mobile,Social Media,Pune,1,1,1,1,1,1,2166.46,6.3
U01101,2026-03-28,Mobile,Organic Search,Hyderabad,1,0,0,0,0,0,0,2.6
U01102,2026-02-09,Tablet,Paid Search,Other,1,0,0,0,0,0,0,5.9
U01103,2026-03-24,Desktop,Organic Search,Mumbai,1,1,0,0,0,0,0,2.3
U01104,2026-02-26,Tablet,Referral,Hyderabad,1,1,1,1,1,1,1280.53,6.3
U01105,2026-02-02,Tablet,Email,Mumbai,1,0,0,0,0,0,0,4.7
U01106,2026-03-21,Mobile,Email,Other,1,0,0,0,0,0,0,12.8
U01107,2026-02-03,Mobile,Paid Search,Hyderabad,1,1,1,1,1,1,1606.52,2.5
U01108,2026-01-30,Desktop,Direct,Mumbai,1,0,0,0,0,0,0,1.6
U01109,2026-01-24,Desktop,Direct,Other,1,1,0,0,0,0,0,12.5
U01110,2026-02-05,Mobile,Organic Search,Hyderabad,1,0,0,0,0,0,0,3.8
U01111,2026-01-16,Desktop,Organic Search,Mumbai,1,1,1,0,0,0,0,3.4
U01112,2026-03-24,Mobile,Social Media,Chennai,1,0,0,0,0,0,0,11.6
U01113,2026-02-27,Mobile,Organic Search,Bengaluru,1,0,0,0,0,0,0,7
U01114,2026-01-03,Mobile,Paid Search,Mumbai,1,1,1,0,0,0,0,17.1
U01115,2026-03-22,Mobile,Social Media,Hyderabad,1,0,0,0,0,0,0,7.4
U01116,2026-01-31,Mobile,Social Media,Delhi,1,0,0,0,0,0,0,8.1
U01117,2026-01-03,Mobile,Paid Search,Hyderabad,1,1,0,0,0,0,0,8.3
U01118,2026-01-12,Desktop,Social Media,Bengaluru,1,0,0,0,0,0,0,6.9
U01119,2026-02-07,Mobile,Direct,Chennai,1,0,0,0,0,0,0,10.5
U01120,2026-02-15,Mobile,Organic Search,Bengaluru,1,0,0,0,0,0,0,6.3
U01121,2026-03-03,Desktop,Email,Bengaluru,1,1,1,1,0,0,0,6.3
U01122,2026-03-11,Tablet,Organic Search,Pune,1,1,1,0,0,0,0,3.6
U01123,2026-03-18,Desktop,Organic Search,Other,1,1,1,0,0,0,0,5.4
U01124,2026-02-22,Desktop,Social Media,Pune,1,1,1,0,0,0,0,4.6
U01125,2026-02-03,Desktop,Organic Search,Mumbai,1,0,0,0,0,0,0,3.9
U01126,2026-01-05,Mobile,Organic Search,Pune,1,0,0,0,0,0,0,7.6
U01127,2026-03-27,Mobile,Organic Search,Other,1,1,1,0,0,0,0,4.6
U01128,2026-03-14,Mobile,Social Media,Chennai,1,1,1,0,0,0,0,11.4
U01129,2026-02-02,Mobile,Email,Bengaluru,1,1,1,0,0,0,0,5.8
U01130,2026-01-27,Mobile,Organic Search,Hyderabad,1,1,1,0,0,0,0,5.9
U01131,2026-01-12,Desktop,Email,Chennai,1,0,0,0,0,0,0,2.4
U01132,2026-01-18,Mobile,Organic Search,Other,1,0,0,0,0,0,0,6.1
U01133,2026-02-16,Mobile,Social Media,Mumbai,1,1,1,1,0,0,0,0.7
U01134,2026-02-11,Mobile,Paid Search,Delhi,1,0,0,0,0,0,0,1.5
U01135,2026-03-14,Desktop,Email,Hyderabad,1,0,0,0,0,0,0,3.4
U01136,2026-03-30,Mobile,Direct,Hyderabad,1,1,0,0,0,0,0,11.3
U01137,2026-01-30,Desktop,Direct,Chennai,1,1,1,0,0,0,0,9.4
U01138,2026-02-06,Mobile,Organic Search,Other,1,1,0,0,0,0,0,8.3
U01139,2026-02-11,Mobile,Direct,Bengaluru,1,0,0,0,0,0,0,3.9
U01140,2026-01-16,Mobile,Organic Search,Pune,1,1,1,1,0,0,0,17.4
U01141,2026-01-27,Desktop,Direct,Hyderabad,1,0,0,0,0,0,0,7.7
U01142,2026-01-23,Mobile,Paid Search,Mumbai,1,1,1,1,0,0,0,4.9
U01143,2026-03-11,Desktop,Paid Search,Mumbai,1,0,0,0,0,0,0,7.4
U01144,2026-03-19,Mobile,Organic Search,Pune,1,1,0,0,0,0,0,5.9
U01145,2026-01-27,Mobile,Organic Search,Hyderabad,1,0,0,0,0,0,0,7.3
U01146,2026-01-17,Desktop,Email,Hyderabad,1,1,0,0,0,0,0,2.7
U01147,2026-01-06,Desktop,Direct,Bengaluru,1,0,0,0,0,0,0,5.8
U01148,2026-03-19,Desktop,Social Media,Other,1,1,1,1,1,1,513.94,5.7
U01149,2026-03-24,Desktop,Email,Hyderabad,1,1,1,1,1,1,5056.32,8.8
U01150,2026-01-10,Desktop,Referral,Hyderabad,1,1,0,0,0,0,0,5.1
U01151,2026-02-14,Desktop,Paid Search,Mumbai,1,0,0,0,0,0,0,3.4
U01152,2026-02-25,Desktop,Organic Search,Mumbai,1,0,0,0,0,0,0,13.8
U01153,2026-01-31,Desktop,Organic Search,Pune,1,1,1,1,1,1,2307.86,8
U01154,2026-02-09,Desktop,Paid Search,Other,1,1,1,1,1,0,0,8.7
U01155,2026-01-03,Mobile,Organic Search,Mumbai,1,0,0,0,0,0,0,12.7
U01156,2026-02-16,Desktop,Organic Search,Other,1,1,0,0,0,0,0,7.1
U01157,2026-01-24,Mobile,Organic Search,Delhi,1,1,1,1,0,0,0,8.9
U01158,2026-01-11,Desktop,Organic Search,Bengaluru,1,0,0,0,0,0,0,6.6
U01159,2026-03-16,Desktop,Direct,Other,1,0,0,0,0,0,0,17.3
U01160,2026-01-31,Mobile,Organic Search,Delhi,1,0,0,0,0,0,0,4.5
U01161,2026-02-16,Desktop,Social Media,Chennai,1,0,0,0,0,0,0,6.1
U01162,2026-03-19,Mobile,Social Media,Delhi,1,0,0,0,0,0,0,4.6
U01163,2026-02-12,Mobile,Social Media,Chennai,1,1,0,0,0,0,0,6
U01164,2026-01-11,Desktop,Organic Search,Hyderabad,1,0,0,0,0,0,0,3.1
U01165,2026-02-25,Mobile,Paid Search,Delhi,1,0,0,0,0,0,0,17.1
U01166,2026-01-06,Desktop,Organic Search,Pune,1,0,0,0,0,0,0,7.2
U01167,2026-01-01,Desktop,Paid Search,Delhi,1,1,1,1,0,0,0,1.5
U01168,2026-03-17,Mobile,Organic Search,Bengaluru,1,0,0,0,0,0,0,7.1
U01169,2026-01-02,Mobile,Social Media,Other,1,1,1,1,0,0,0,8.3
U01170,2026-02-05,Mobile,Email,Hyderabad,1,0,0,0,0,0,0,3
U01171,2026-03-14,Mobile,Social Media,Bengaluru,1,0,0,0,0,0,0,17.4
U01172,2026-03-21,Tablet,Paid Search,Bengaluru,1,1,1,0,0,0,0,4.9
U01173,2026-02-10,Desktop,Paid Search,Hyderabad,1,0,0,0,0,0,0,6.1
U01174,2026-03-06,Mobile,Referral,Chennai,1,1,1,1,1,1,3044.96,5.7
U01175,2026-02-02,Desktop,Organic Search,Mumbai,1,1,1,1,0,0,0,5.6
U01176,2026-03-07,Mobile,Email,Pune,1,0,0,0,0,0,0,4.6
U01177,2026-03-14,Desktop,Referral,Other,1,1,1,1,0,0,0,12.6
U01178,2026-01-08,Mobile,Paid Search,Pune,1,1,1,0,0,0,0,12.3
U01179,2026-01-03,Desktop,Paid Search,Chennai,1,1,0,0,0,0,0,9.7
U01180,2026-02-13,Mobile,Social Media,Delhi,1,0,0,0,0,0,0,5.5
U01181,2026-01-11,Tablet,Organic Search,Pune,1,0,0,0,0,0,0,6.3
U01182,2026-01-01,Mobile,Organic Search,Chennai,1,1,1,0,0,0,0,3.1
U01183,2026-02-17,Desktop,Organic Search,Delhi,1,1,1,1,0,0,0,15.6
U01184,2026-03-11,Tablet,Organic Search,Chennai,1,0,0,0,0,0,0,9.6
U01185,2026-02-11,Mobile,Social Media,Chennai,1,0,0,0,0,0,0,4.7
U01186,2026-03-18,Tablet,Referral,Mumbai,1,0,0,0,0,0,0,7.5
U01187,2026-02-14,Desktop,Organic Search,Delhi,1,1,1,0,0,0,0,2.6
U01188,2026-03-28,Mobile,Direct,Delhi,1,0,0,0,0,0,0,5.4
U01189,2026-02-03,Mobile,Direct,Bengaluru,1,0,0,0,0,0,0,14.1
U01190,2026-02-01,Desktop,Direct,Mumbai,1,1,1,0,0,0,0,5.3
U01191,2026-03-02,Mobile,Referral,Other,1,0,0,0,0,0,0,4.5
U01192,2026-01-06,Mobile,Paid Search,Other,1,0,0,0,0,0,0,15
U01193,2026-03-19,Mobile,Organic Search,Bengaluru,1,0,0,0,0,0,0,1.6
U01194,2026-03-19,Desktop,Social Media,Hyderabad,1,0,0,0,0,0,0,3.2
U01195,2026-03-29,Mobile,Social Media,Delhi,1,0,0,0,0,0,0,24.2
U01196,2026-03-03,Desktop,Referral,Chennai,1,0,0,0,0,0,0,6.8
U01197,2026-02-04,Tablet,Direct,Hyderabad,1,0,0,0,0,0,0,8.3
U01198,2026-01-11,Tablet,Social Media,Bengaluru,1,1,1,0,0,0,0,25.7
U01199,2026-01-14,Desktop,Paid Search,Pune,1,0,0,0,0,0,0,9.7
U01200,2026-02-14,Mobile,Organic Search,Delhi,1,1,1,1,0,0,0,10.4
U01201,2026-01-26,Desktop,Organic Search,Chennai,1,0,0,0,0,0,0,5.9
U01202,2026-03-31,Mobile,Social Media,Chennai,1,0,0,0,0,0,0,12.2
U01203,2026-02-09,Mobile,Social Media,Mumbai,1,1,1,0,0,0,0,4.9
U01204,2026-02-03,Mobile,Referral,Bengaluru,1,0,0,0,0,0,0,8.9
U01205,2026-03-20,Mobile,Social Media,Mumbai,1,0,0,0,0,0,0,12.1
U01206,2026-03-07,Desktop,Direct,Hyderabad,1,1,1,0,0,0,0,5.3
U01207,2026-01-22,Desktop,Social Media,Chennai,1,1,1,0,0,0,0,4.2
U01208,2026-02-10,Mobile,Referral,Bengaluru,1,1,1,0,0,0,0,12.5
U01209,2026-02-28,Mobile,Organic Search,Delhi,1,1,1,1,1,0,0,5.3
U01210,2026-03-23,Tablet,Direct,Mumbai,1,0,0,0,0,0,0,8.9
U01211,2026-02-01,Mobile,Email,Chennai,1,1,1,0,0,0,0,4.4
U01212,2026-02-04,Mobile,Organic Search,Hyderabad,1,1,0,0,0,0,0,11.8
U01213,2026-03-11,Mobile,Organic Search,Bengaluru,1,0,0,0,0,0,0,1.5
U01214,2026-01-04,Desktop,Direct,Mumbai,1,1,1,0,0,0,0,3.9
U01215,2026-03-17,Desktop,Organic Search,Hyderabad,1,0,0,0,0,0,0,18.1
U01216,2026-01-08,Mobile,Social Media,Hyderabad,1,1,1,1,1,1,2958.51,3.2
U01217,2026-02-22,Mobile,Paid Search,Mumbai,1,0,0,0,0,0,0,8.2
U01218,2026-03-26,Desktop,Email,Delhi,1,1,0,0,0,0,0,4.2
U01219,2026-01-31,Desktop,Referral,Bengaluru,1,0,0,0,0,0,0,5.9
U01220,2026-01-22,Mobile,Paid Search,Chennai,1,0,0,0,0,0,0,5.2
U01221,2026-01-14,Tablet,Paid Search,Other,1,0,0,0,0,0,0,8.1
U01222,2026-03-14,Mobile,Direct,Other,1,0,0,0,0,0,0,8
U01223,2026-02-02,Mobile,Referral,Bengaluru,1,1,1,0,0,0,0,8
U01224,2026-01-16,Tablet,Direct,Pune,1,1,1,0,0,0,0,4.5
U01225,2026-01-18,Mobile,Paid Search,Mumbai,1,0,0,0,0,0,0,9.5
U01226,2026-01-16,Desktop,Organic Search,Other,1,1,1,1,1,1,3740.74,3.8
U01227,2026-01-30,Mobile,Paid Search,Chennai,1,0,0,0,0,0,0,10.4
U01228,2026-01-12,Mobile,Email,Delhi,1,1,1,0,0,0,0,7.4
U01229,2026-01-14,Tablet,Organic Search,Delhi,1,0,0,0,0,0,0,3.4
U01230,2026-03-26,Mobile,Paid Search,Chennai,1,1,1,0,0,0,0,1.4
U01231,2026-01-06,Desktop,Organic Search,Delhi,1,1,0,0,0,0,0,7
U01232,2026-01-24,Mobile,Paid Search,Bengaluru,1,0,0,0,0,0,0,3.9
U01233,2026-01-13,Mobile,Referral,Hyderabad,1,0,0,0,0,0,0,18.6
U01234,2026-02-21,Mobile,Organic Search,Chennai,1,1,1,1,0,0,0,2.3
U01235,2026-03-22,Desktop,Email,Other,1,1,1,0,0,0,0,2.7
U01236,2026-03-15,Mobile,Direct,Chennai,1,0,0,0,0,0,0,2.9
U01237,2026-03-18,Desktop,Organic Search,Mumbai,1,0,0,0,0,0,0,6.4
U01238,2026-03-12,Mobile,Email,Mumbai,1,1,0,0,0,0,0,8.4
U01239,2026-03-10,Tablet,Direct,Hyderabad,1,1,1,1,1,1,420.11,13.7
U01240,2026-01-14,Mobile,Direct,Chennai,1,0,0,0,0,0,0,5.7
U01241,2026-03-26,Desktop,Organic Search,Delhi,1,1,1,0,0,0,0,9.3
U01242,2026-03-23,Desktop,Organic Search,Other,1,0,0,0,0,0,0,6.6
U01243,2026-03-19,Desktop,Organic Search,Hyderabad,1,1,1,1,0,0,0,6.4
U01244,2026-02-08,Desktop,Email,Chennai,1,1,1,1,1,0,0,9.8
U01245,2026-02-17,Desktop,Email,Hyderabad,1,0,0,0,0,0,0,7.1
U01246,2026-01-26,Desktop,Email,Bengaluru,1,0,0,0,0,0,0,19.8
U01247,2026-01-28,Mobile,Paid Search,Bengaluru,1,1,0,0,0,0,0,16.1
U01248,2026-03-06,Mobile,Organic Search,Mumbai,1,1,1,0,0,0,0,4.9
U01249,2026-01-13,Tablet,Social Media,Bengaluru,1,1,1,0,0,0,0,20.7
U01250,2026-03-27,Mobile,Social Media,Bengaluru,1,1,0,0,0,0,0,11.8
U01251,2026-02-14,Desktop,Email,Delhi,1,1,1,1,1,1,1273.19,10.6
U01252,2026-01-03,Mobile,Paid Search,Other,1,1,1,0,0,0,0,5.2
U01253,2026-02-19,Mobile,Paid Search,Bengaluru,1,1,1,0,0,0,0,10.1
U01254,2026-03-26,Mobile,Paid Search,Delhi,1,1,1,0,0,0,0,7.4
U01255,2026-01-01,Desktop,Organic Search,Bengaluru,1,1,1,1,1,1,3996.61,11.2
U01256,2026-02-21,Mobile,Paid Search,Other,1,1,1,1,1,1,5389.57,6.4
U01257,2026-02-07,Mobile,Organic Search,Delhi,1,0,0,0,0,0,0,7.6
U01258,2026-01-10,Mobile,Paid Search,Pune,1,1,1,1,1,0,0,10.5
U01259,2026-03-29,Mobile,Organic Search,Hyderabad,1,0,0,0,0,0,0,2.2
U01260,2026-03-04,Mobile,Organic Search,Mumbai,1,0,0,0,0,0,0,10.8
U01261,2026-02-21,Mobile,Email,Mumbai,1,0,0,0,0,0,0,5.2
U01262,2026-01-08,Desktop,Paid Search,Bengaluru,1,1,1,1,0,0,0,4.6
U01263,2026-02-27,Mobile,Email,Bengaluru,1,0,0,0,0,0,0,2.6
U01264,2026-02-18,Mobile,Email,Mumbai,1,0,0,0,0,0,0,4.3
U01265,2026-01-04,Mobile,Social Media,Delhi,1,0,0,0,0,0,0,5
U01266,2026-02-03,Mobile,Direct,Hyderabad,1,0,0,0,0,0,0,2.4
U01267,2026-02-01,Mobile,Organic Search,Mumbai,1,1,1,1,1,1,2941.66,7.1
U01268,2026-01-25,Mobile,Email,Hyderabad,1,0,0,0,0,0,0,5.5
U01269,2026-01-31,Mobile,Direct,Hyderabad,1,0,0,0,0,0,0,5.2
U01270,2026-01-10,Mobile,Direct,Mumbai,1,0,0,0,0,0,0,8.1
U01271,2026-02-04,Desktop,Organic Search,Bengaluru,1,0,0,0,0,0,0,6
U01272,2026-02-09,Desktop,Paid Search,Chennai,1,0,0,0,0,0,0,2.7
U01273,2026-03-18,Desktop,Organic Search,Bengaluru,1,1,1,1,1,0,0,15.2
U01274,2026-03-01,Mobile,Social Media,Mumbai,1,1,1,0,0,0,0,11.2
U01275,2026-03-19,Mobile,Email,Chennai,1,0,0,0,0,0,0,6
U01276,2026-03-09,Mobile,Paid Search,Other,1,0,0,0,0,0,0,4.6
U01277,2026-01-03,Mobile,Social Media,Bengaluru,1,1,1,0,0,0,0,17.9
U01278,2026-03-08,Tablet,Email,Delhi,1,0,0,0,0,0,0,4.6
U01279,2026-01-03,Mobile,Paid Search,Bengaluru,1,1,0,0,0,0,0,11.2
U01280,2026-03-05,Mobile,Direct,Chennai,1,1,1,0,0,0,0,8.3
U01281,2026-02-17,Mobile,Referral,Mumbai,1,1,1,0,0,0,0,5
U01282,2026-02-22,Desktop,Organic Search,Bengaluru,1,1,1,1,1,1,4906.73,20.2
U01283,2026-01-08,Mobile,Social Media,Chennai,1,0,0,0,0,0,0,15.3
U01284,2026-02-16,Mobile,Organic Search,Bengaluru,1,0,0,0,0,0,0,22.8
U01285,2026-03-02,Mobile,Social Media,Hyderabad,1,1,1,0,0,0,0,6.9
U01286,2026-01-27,Mobile,Direct,Bengaluru,1,1,1,1,1,0,0,4.1
U01287,2026-03-14,Mobile,Direct,Delhi,1,1,0,0,0,0,0,9.6
U01288,2026-03-11,Mobile,Paid Search,Delhi,1,1,1,1,0,0,0,10.4
U01289,2026-01-20,Mobile,Paid Search,Bengaluru,1,1,1,0,0,0,0,10.5
U01290,2026-01-10,Mobile,Organic Search,Chennai,1,0,0,0,0,0,0,7.7
U01291,2026-01-28,Mobile,Social Media,Hyderabad,1,0,0,0,0,0,0,7.3
U01292,2026-03-09,Mobile,Organic Search,Bengaluru,1,0,0,0,0,0,0,2.9
U01293,2026-02-21,Mobile,Social Media,Delhi,1,0,0,0,0,0,0,5
U01294,2026-01-02,Desktop,Organic Search,Mumbai,1,1,1,1,1,1,4909.54,4.7
U01295,2026-02-07,Desktop,Paid Search,Bengaluru,1,1,1,1,1,1,2260.39,9.8
U01296,2026-01-01,Mobile,Organic Search,Bengaluru,1,1,0,0,0,0,0,24.6
U01297,2026-02-12,Mobile,Direct,Pune,1,1,1,0,0,0,0,4.1
U01298,2026-02-27,Mobile,Email,Bengaluru,1,0,0,0,0,0,0,1.9
U01299,2026-03-05,Desktop,Paid Search,Bengaluru,1,1,1,0,0,0,0,5.8
U01300,2026-01-03,Desktop,Organic Search,Delhi,1,0,0,0,0,0,0,12.4
U01301,2026-03-10,Mobile,Social Media,Mumbai,1,1,1,0,0,0,0,8.5
U01302,2026-01-08,Tablet,Organic Search,Chennai,1,0,0,0,0,0,0,5.9
U01303,2026-01-16,Mobile,Social Media,Pune,1,1,1,0,0,0,0,4.8
U01304,2026-03-17,Mobile,Referral,Bengaluru,1,0,0,0,0,0,0,9.3
U01305,2026-03-25,Desktop,Social Media,Delhi,1,1,1,1,0,0,0,7
U01306,2026-01-14,Desktop,Email,Hyderabad,1,0,0,0,0,0,0,2.1
U01307,2026-02-02,Desktop,Social Media,Mumbai,1,0,0,0,0,0,0,2.5
U01308,2026-02-12,Desktop,Direct,Pune,1,0,0,0,0,0,0,3.6
U01309,2026-02-11,Mobile,Direct,Chennai,1,1,1,1,1,1,3740.97,21.5
U01310,2026-02-15,Desktop,Social Media,Delhi,1,1,1,1,0,0,0,14.3
U01311,2026-02-16,Mobile,Paid Search,Pune,1,1,1,0,0,0,0,3.9
U01312,2026-03-29,Desktop,Social Media,Hyderabad,1,1,1,0,0,0,0,6.1
U01313,2026-01-02,Mobile,Organic Search,Delhi,1,0,0,0,0,0,0,7.4
U01314,2026-03-11,Desktop,Email,Other,1,1,1,0,0,0,0,5.3
U01315,2026-02-02,Mobile,Social Media,Mumbai,1,0,0,0,0,0,0,6.2
U01316,2026-03-10,Desktop,Organic Search,Hyderabad,1,0,0,0,0,0,0,4.7
U01317,2026-02-28,Mobile,Organic Search,Hyderabad,1,1,1,0,0,0,0,13.5
U01318,2026-02-13,Desktop,Social Media,Bengaluru,1,0,0,0,0,0,0,16.6
U01319,2026-03-29,Mobile,Direct,Hyderabad,1,0,0,0,0,0,0,4.5
U01320,2026-01-28,Mobile,Social Media,Mumbai,1,1,0,0,0,0,0,5.3
U01321,2026-02-17,Mobile,Email,Hyderabad,1,1,1,1,0,0,0,9.9
U01322,2026-03-05,Mobile,Paid Search,Bengaluru,1,1,1,1,1,0,0,7
U01323,2026-02-27,Desktop,Social Media,Chennai,1,0,0,0,0,0,0,7.5
U01324,2026-01-18,Mobile,Paid Search,Chennai,1,1,0,0,0,0,0,11.3
U01325,2026-03-30,Tablet,Email,Mumbai,1,1,1,0,0,0,0,8.9
U01326,2026-02-06,Mobile,Organic Search,Delhi,1,1,1,1,1,1,3579.62,6.8
U01327,2026-01-29,Mobile,Social Media,Hyderabad,1,1,0,0,0,0,0,10.6
U01328,2026-02-21,Desktop,Paid Search,Hyderabad,1,1,0,0,0,0,0,4
U01329,2026-03-02,Desktop,Paid Search,Hyderabad,1,0,0,0,0,0,0,2.7
U01330,2026-03-18,Mobile,Direct,Chennai,1,1,1,0,0,0,0,5.5
U01331,2026-02-22,Mobile,Organic Search,Hyderabad,1,1,1,0,0,0,0,9.7
U01332,2026-03-21,Desktop,Paid Search,Delhi,1,0,0,0,0,0,0,10.9
U01333,2026-03-18,Mobile,Social Media,Bengaluru,1,1,1,0,0,0,0,11.7
U01334,2026-01-20,Tablet,Direct,Other,1,1,1,0,0,0,0,14.6
U01335,2026-03-08,Tablet,Paid Search,Chennai,1,1,1,0,0,0,0,7.5
U01336,2026-02-12,Desktop,Email,Chennai,1,0,0,0,0,0,0,8.5
U01337,2026-02-27,Mobile,Direct,Delhi,1,0,0,0,0,0,0,5.8
U01338,2026-01-14,Desktop,Paid Search,Delhi,1,0,0,0,0,0,0,15
U01339,2026-01-12,Mobile,Paid Search,Mumbai,1,1,1,0,0,0,0,5.9
U01340,2026-02-02,Mobile,Paid Search,Other,1,0,0,0,0,0,0,4.9
U01341,2026-03-22,Mobile,Referral,Chennai,1,0,0,0,0,0,0,16.2
U01342,2026-03-23,Mobile,Organic Search,Pune,1,1,1,0,0,0,0,5.3
U01343,2026-01-12,Desktop,Paid Search,Chennai,1,0,0,0,0,0,0,3.4
U01344,2026-02-14,Desktop,Email,Pune,1,1,1,0,0,0,0,1.7
U01345,2026-01-26,Desktop,Social Media,Bengaluru,1,1,1,0,0,0,0,11.2
U01346,2026-01-28,Mobile,Paid Search,Bengaluru,1,1,1,1,1,1,7496.58,1
U01347,2026-03-18,Mobile,Social Media,Delhi,1,1,1,0,0,0,0,5.8
U01348,2026-01-12,Mobile,Organic Search,Bengaluru,1,1,0,0,0,0,0,2.9
U01349,2026-02-26,Tablet,Paid Search,Bengaluru,1,1,1,0,0,0,0,14.5
U01350,2026-01-04,Mobile,Social Media,Bengaluru,1,0,0,0,0,0,0,6.1
U01351,2026-03-25,Desktop,Direct,Delhi,1,0,0,0,0,0,0,6.8
U01352,2026-02-26,Mobile,Paid Search,Pune,1,0,0,0,0,0,0,10.6
U01353,2026-01-10,Mobile,Direct,Delhi,1,1,1,1,0,0,0,3.5
U01354,2026-02-18,Desktop,Email,Pune,1,1,1,0,0,0,0,5.3
U01355,2026-02-14,Mobile,Organic Search,Mumbai,1,1,1,1,0,0,0,18
U01356,2026-02-16,Desktop,Email,Hyderabad,1,1,1,0,0,0,0,16.2
U01357,2026-03-15,Desktop,Organic Search,Hyderabad,1,0,0,0,0,0,0,8.3
U01358,2026-01-28,Mobile,Direct,Mumbai,1,0,0,0,0,0,0,7.5
U01359,2026-01-12,Mobile,Direct,Bengaluru,1,0,0,0,0,0,0,5.9
U01360,2026-01-22,Mobile,Paid Search,Bengaluru,1,1,1,0,0,0,0,12.6
U01361,2026-03-05,Desktop,Paid Search,Chennai,1,0,0,0,0,0,0,6.7
U01362,2026-03-26,Mobile,Paid Search,Delhi,1,0,0,0,0,0,0,22.4
U01363,2026-02-14,Desktop,Paid Search,Chennai,1,1,1,0,0,0,0,5.5
U01364,2026-01-15,Desktop,Paid Search,Pune,1,0,0,0,0,0,0,4.3
U01365,2026-03-21,Desktop,Paid Search,Delhi,1,1,1,0,0,0,0,6.2
U01366,2026-03-05,Mobile,Social Media,Delhi,1,0,0,0,0,0,0,5.1
U01367,2026-03-07,Desktop,Organic Search,Other,1,1,1,0,0,0,0,10
U01368,2026-02-19,Desktop,Referral,Bengaluru,1,0,0,0,0,0,0,2.8
U01369,2026-03-20,Mobile,Referral,Mumbai,1,0,0,0,0,0,0,6.7
U01370,2026-03-20,Mobile,Social Media,Pune,1,1,1,1,0,0,0,1.8
U01371,2026-03-28,Tablet,Direct,Mumbai,1,1,1,0,0,0,0,9.8
U01372,2026-03-23,Mobile,Organic Search,Delhi,1,0,0,0,0,0,0,3.5
U01373,2026-02-12,Desktop,Organic Search,Chennai,1,1,1,0,0,0,0,2.3
U01374,2026-02-02,Mobile,Social Media,Mumbai,1,1,0,0,0,0,0,3.5
U01375,2026-02-06,Mobile,Social Media,Hyderabad,1,0,0,0,0,0,0,4.2
U01376,2026-01-17,Desktop,Social Media,Other,1,1,0,0,0,0,0,5.5
U01377,2026-01-26,Mobile,Direct,Pune,1,0,0,0,0,0,0,3.9
U01378,2026-02-12,Mobile,Direct,Pune,1,0,0,0,0,0,0,14.2
U01379,2026-02-27,Mobile,Email,Delhi,1,0,0,0,0,0,0,2.5
U01380,2026-01-09,Mobile,Referral,Hyderabad,1,0,0,0,0,0,0,3
U01381,2026-01-21,Mobile,Organic Search,Hyderabad,1,0,0,0,0,0,0,21.8
U01382,2026-03-06,Mobile,Organic Search,Pune,1,0,0,0,0,0,0,16.3
U01383,2026-03-04,Tablet,Email,Chennai,1,0,0,0,0,0,0,9.6
U01384,2026-03-14,Mobile,Paid Search,Bengaluru,1,1,1,0,0,0,0,3.8
U01385,2026-01-27,Desktop,Paid Search,Mumbai,1,1,1,1,0,0,0,7
U01386,2026-03-19,Mobile,Paid Search,Chennai,1,1,0,0,0,0,0,7.6
U01387,2026-02-05,Desktop,Social Media,Mumbai,1,0,0,0,0,0,0,2.7
U01388,2026-02-28,Mobile,Organic Search,Chennai,1,1,1,0,0,0,0,5.2
U01389,2026-02-15,Tablet,Social Media,Delhi,1,0,0,0,0,0,0,5.6
U01390,2026-01-30,Mobile,Organic Search,Pune,1,0,0,0,0,0,0,3.9
U01391,2026-03-23,Mobile,Organic Search,Hyderabad,1,0,0,0,0,0,0,8
U01392,2026-01-17,Mobile,Paid Search,Bengaluru,1,1,0,0,0,0,0,3
U01393,2026-03-22,Mobile,Organic Search,Chennai,1,0,0,0,0,0,0,13
U01394,2026-02-21,Mobile,Direct,Other,1,0,0,0,0,0,0,11.9
U01395,2026-02-16,Mobile,Organic Search,Bengaluru,1,1,1,1,1,1,2324.42,14
U01396,2026-03-29,Desktop,Organic Search,Chennai,1,0,0,0,0,0,0,3.9
U01397,2026-02-06,Mobile,Social Media,Mumbai,1,0,0,0,0,0,0,7.1
U01398,2026-01-14,Mobile,Social Media,Chennai,1,1,1,0,0,0,0,4.7
U01399,2026-02-05,Mobile,Organic Search,Other,1,0,0,0,0,0,0,9.1
U01400,2026-02-04,Desktop,Organic Search,Pune,1,1,1,0,0,0,0,5.4
U01401,2026-02-27,Mobile,Direct,Mumbai,1,0,0,0,0,0,0,2.4
U01402,2026-02-19,Mobile,Email,Mumbai,1,0,0,0,0,0,0,4.7
U01403,2026-01-06,Mobile,Paid Search,Hyderabad,1,0,0,0,0,0,0,9.9
U01404,2026-03-03,Desktop,Social Media,Delhi,1,1,1,1,1,1,4852.58,10.7
U01405,2026-03-03,Desktop,Paid Search,Delhi,1,0,0,0,0,0,0,3.5
U01406,2026-02-07,Mobile,Paid Search,Bengaluru,1,1,1,0,0,0,0,8.7
U01407,2026-03-26,Desktop,Email,Bengaluru,1,1,1,0,0,0,0,9.5
U01408,2026-01-09,Desktop,Direct,Other,1,1,1,0,0,0,0,8.4
U01409,2026-01-13,Mobile,Organic Search,Chennai,1,0,0,0,0,0,0,3.4
U01410,2026-03-21,Desktop,Referral,Mumbai,1,0,0,0,0,0,0,1.8
U01411,2026-01-23,Mobile,Organic Search,Hyderabad,1,0,0,0,0,0,0,2.7
U01412,2026-02-02,Mobile,Organic Search,Chennai,1,0,0,0,0,0,0,31
U01413,2026-02-23,Mobile,Organic Search,Pune,1,1,1,0,0,0,0,3.8
U01414,2026-02-14,Mobile,Organic Search,Chennai,1,1,1,0,0,0,0,8.2
U01415,2026-02-17,Mobile,Direct,Mumbai,1,0,0,0,0,0,0,9.1
U01416,2026-03-26,Tablet,Social Media,Bengaluru,1,0,0,0,0,0,0,9.9
U01417,2026-03-09,Mobile,Organic Search,Chennai,1,1,1,0,0,0,0,1.9
U01418,2026-03-02,Mobile,Direct,Other,1,1,1,0,0,0,0,3.6
U01419,2026-02-21,Mobile,Direct,Mumbai,1,0,0,0,0,0,0,9.5
U01420,2026-02-15,Tablet,Referral,Other,1,0,0,0,0,0,0,6.6
U01421,2026-02-13,Mobile,Direct,Other,1,0,0,0,0,0,0,4
U01422,2026-03-16,Mobile,Organic Search,Other,1,1,1,0,0,0,0,13
U01423,2026-02-18,Mobile,Referral,Pune,1,0,0,0,0,0,0,12.7
U01424,2026-02-06,Mobile,Email,Hyderabad,1,1,1,0,0,0,0,2.7
U01425,2026-02-10,Tablet,Direct,Other,1,0,0,0,0,0,0,14.6
U01426,2026-01-22,Tablet,Referral,Hyderabad,1,1,1,0,0,0,0,14.8
U01427,2026-02-11,Mobile,Paid Search,Hyderabad,1,0,0,0,0,0,0,11.6
U01428,2026-02-27,Tablet,Referral,Hyderabad,1,0,0,0,0,0,0,7.1
U01429,2026-02-21,Desktop,Paid Search,Bengaluru,1,0,0,0,0,0,0,19.4
U01430,2026-02-22,Desktop,Paid Search,Mumbai,1,1,1,1,1,0,0,8.8
U01431,2026-02-18,Mobile,Organic Search,Chennai,1,0,0,0,0,0,0,14.9
U01432,2026-01-13,Mobile,Direct,Hyderabad,1,1,1,0,0,0,0,2.9
U01433,2026-03-03,Mobile,Paid Search,Chennai,1,0,0,0,0,0,0,5.2
U01434,2026-02-05,Desktop,Social Media,Chennai,1,0,0,0,0,0,0,7.3
U01435,2026-02-21,Mobile,Paid Search,Delhi,1,0,0,0,0,0,0,8.8
U01436,2026-02-10,Mobile,Direct,Bengaluru,1,1,1,1,1,0,0,5.7
U01437,2026-02-06,Mobile,Paid Search,Bengaluru,1,0,0,0,0,0,0,0.5
U01438,2026-01-19,Desktop,Referral,Bengaluru,1,0,0,0,0,0,0,1.9
U01439,2026-02-27,Mobile,Direct,Bengaluru,1,1,0,0,0,0,0,4.5
U01440,2026-01-24,Desktop,Paid Search,Mumbai,1,1,1,1,1,1,5623,2.1
U01441,2026-03-04,Tablet,Paid Search,Chennai,1,0,0,0,0,0,0,6.8
U01442,2026-02-24,Mobile,Email,Bengaluru,1,0,0,0,0,0,0,2.6
U01443,2026-01-04,Desktop,Direct,Bengaluru,1,0,0,0,0,0,0,3
U01444,2026-01-25,Mobile,Referral,Bengaluru,1,1,1,1,0,0,0,5.7
U01445,2026-03-02,Desktop,Organic Search,Other,1,1,1,1,0,0,0,10
U01446,2026-01-31,Mobile,Direct,Bengaluru,1,0,0,0,0,0,0,6.7
U01447,2026-01-21,Desktop,Paid Search,Pune,1,1,1,0,0,0,0,4.5
U01448,2026-01-05,Desktop,Social Media,Delhi,1,0,0,0,0,0,0,9.2
U01449,2026-03-09,Tablet,Referral,Hyderabad,1,1,1,0,0,0,0,14.1
U01450,2026-01-05,Desktop,Organic Search,Other,1,0,0,0,0,0,0,12.9
U01451,2026-01-16,Mobile,Referral,Delhi,1,1,1,1,0,0,0,11.9
U01452,2026-01-12,Mobile,Social Media,Delhi,1,1,1,0,0,0,0,9.5
U01453,2026-03-06,Desktop,Direct,Chennai,1,1,1,1,1,1,3094.45,2.6
U01454,2026-03-07,Mobile,Organic Search,Mumbai,1,1,1,0,0,0,0,6.9
U01455,2026-03-13,Mobile,Paid Search,Bengaluru,1,1,1,0,0,0,0,2.4
U01456,2026-02-12,Tablet,Referral,Hyderabad,1,1,0,0,0,0,0,6.5
U01457,2026-01-25,Desktop,Organic Search,Pune,1,0,0,0,0,0,0,1.1
U01458,2026-02-15,Desktop,Organic Search,Pune,1,0,0,0,0,0,0,21
U01459,2026-01-01,Mobile,Direct,Hyderabad,1,1,1,0,0,0,0,9.5
U01460,2026-03-19,Desktop,Paid Search,Delhi,1,1,1,1,1,1,3425.24,8.7
U01461,2026-02-01,Mobile,Direct,Delhi,1,0,0,0,0,0,0,4.6
U01462,2026-03-02,Desktop,Organic Search,Hyderabad,1,0,0,0,0,0,0,4.8
U01463,2026-01-29,Mobile,Paid Search,Chennai,1,1,0,0,0,0,0,9
U01464,2026-02-17,Desktop,Referral,Chennai,1,0,0,0,0,0,0,7.8
U01465,2026-03-24,Tablet,Email,Delhi,1,0,0,0,0,0,0,6.6
U01466,2026-01-23,Mobile,Social Media,Pune,1,1,1,0,0,0,0,22.5
U01467,2026-03-10,Tablet,Social Media,Hyderabad,1,0,0,0,0,0,0,4.7
U01468,2026-03-28,Mobile,Referral,Mumbai,1,0,0,0,0,0,0,8.8
U01469,2026-02-22,Desktop,Organic Search,Delhi,1,1,0,0,0,0,0,3.3
U01470,2026-03-12,Desktop,Paid Search,Delhi,1,0,0,0,0,0,0,11.6
U01471,2026-03-19,Mobile,Organic Search,Hyderabad,1,1,1,0,0,0,0,7.1
U01472,2026-03-28,Desktop,Social Media,Mumbai,1,1,1,0,0,0,0,6.7
U01473,2026-01-26,Desktop,Paid Search,Pune,1,1,1,0,0,0,0,9.6
U01474,2026-03-12,Mobile,Paid Search,Bengaluru,1,1,1,0,0,0,0,7.1
U01475,2026-01-21,Mobile,Social Media,Chennai,1,0,0,0,0,0,0,17
U01476,2026-03-29,Desktop,Organic Search,Pune,1,1,1,1,1,1,3373.73,2.5
U01477,2026-03-22,Desktop,Organic Search,Hyderabad,1,1,1,0,0,0,0,9
U01478,2026-03-01,Desktop,Email,Pune,1,0,0,0,0,0,0,2.5
U01479,2026-02-24,Desktop,Paid Search,Bengaluru,1,0,0,0,0,0,0,10.1
U01480,2026-03-14,Mobile,Direct,Hyderabad,1,1,1,1,1,0,0,7.5
U01481,2026-03-20,Desktop,Email,Bengaluru,1,1,0,0,0,0,0,10.6
U01482,2026-03-09,Mobile,Organic Search,Hyderabad,1,1,1,0,0,0,0,7.3
U01483,2026-03-29,Mobile,Social Media,Hyderabad,1,1,1,1,1,1,2454.58,6.6
U01484,2026-01-12,Mobile,Organic Search,Delhi,1,1,1,1,1,1,4360.03,2.6
U01485,2026-01-08,Mobile,Referral,Bengaluru,1,1,1,0,0,0,0,4.5
U01486,2026-01-17,Mobile,Direct,Other,1,0,0,0,0,0,0,4.8
U01487,2026-02-12,Mobile,Social Media,Mumbai,1,0,0,0,0,0,0,5.7
U01488,2026-01-09,Desktop,Email,Chennai,1,1,1,0,0,0,0,4.9
U01489,2026-01-17,Mobile,Organic Search,Chennai,1,0,0,0,0,0,0,8.3
U01490,2026-01-16,Mobile,Paid Search,Delhi,1,1,1,0,0,0,0,1.7
U01491,2026-02-20,Mobile,Direct,Chennai,1,1,1,1,1,1,4526.15,3.2
U01492,2026-02-04,Mobile,Organic Search,Hyderabad,1,1,1,1,1,0,0,3.5
U01493,2026-02-21,Mobile,Paid Search,Pune,1,1,0,0,0,0,0,12.5
U01494,2026-03-18,Mobile,Paid Search,Chennai,1,1,1,0,0,0,0,3.7
U01495,2026-01-12,Mobile,Email,Hyderabad,1,0,0,0,0,0,0,4.8
U01496,2026-03-08,Desktop,Paid Search,Mumbai,1,1,1,1,1,1,2800.57,1.4
U01497,2026-03-10,Mobile,Direct,Mumbai,1,0,0,0,0,0,0,9.2
U01498,2026-01-13,Mobile,Organic Search,Bengaluru,1,0,0,0,0,0,0,3.3
U01499,2026-01-13,Mobile,Paid Search,Pune,1,0,0,0,0,0,0,4.6
U01500,2026-01-28,Desktop,Email,Delhi,1,1,0,0,0,0,0,16.4
U01501,2026-02-16,Mobile,Organic Search,Mumbai,1,0,0,0,0,0,0,3
U01502,2026-02-13,Mobile,Email,Chennai,1,0,0,0,0,0,0,15
U01503,2026-03-04,Mobile,Organic Search,Other,1,0,0,0,0,0,0,11.5
U01504,2026-03-10,Mobile,Organic Search,Bengaluru,1,0,0,0,0,0,0,4.3
U01505,2026-01-20,Mobile,Organic Search,Mumbai,1,0,0,0,0,0,0,6.5
U01506,2026-02-05,Mobile,Direct,Bengaluru,1,0,0,0,0,0,0,7
U01507,2026-02-14,Mobile,Social Media,Delhi,1,1,1,0,0,0,0,12.7
U01508,2026-03-23,Mobile,Referral,Hyderabad,1,0,0,0,0,0,0,0.8
U01509,2026-02-26,Mobile,Paid Search,Hyderabad,1,0,0,0,0,0,0,16
U01510,2026-03-28,Desktop,Social Media,Pune,1,0,0,0,0,0,0,9.3
U01511,2026-01-02,Desktop,Social Media,Chennai,1,1,1,0,0,0,0,10.5
U01512,2026-02-11,Desktop,Direct,Bengaluru,1,1,1,0,0,0,0,8.5
U01513,2026-02-19,Tablet,Email,Mumbai,1,1,1,0,0,0,0,7.2
U01514,2026-01-31,Mobile,Email,Delhi,1,1,0,0,0,0,0,4.6
U01515,2026-03-23,Mobile,Organic Search,Bengaluru,1,0,0,0,0,0,0,14.8
U01516,2026-02-17,Mobile,Social Media,Hyderabad,1,0,0,0,0,0,0,1
U01517,2026-03-28,Desktop,Social Media,Other,1,0,0,0,0,0,0,4.1
U01518,2026-03-21,Desktop,Direct,Mumbai,1,1,1,0,0,0,0,3.3
U01519,2026-01-26,Mobile,Paid Search,Chennai,1,0,0,0,0,0,0,5.4
U01520,2026-01-25,Tablet,Paid Search,Pune,1,1,1,0,0,0,0,18.3
U01521,2026-02-04,Mobile,Paid Search,Mumbai,1,0,0,0,0,0,0,5.3
U01522,2026-03-27,Tablet,Organic Search,Bengaluru,1,0,0,0,0,0,0,7
U01523,2026-03-14,Mobile,Organic Search,Bengaluru,1,0,0,0,0,0,0,14
U01524,2026-02-03,Mobile,Direct,Chennai,1,1,1,1,1,1,4986.64,13.1
U01525,2026-02-14,Mobile,Social Media,Pune,1,0,0,0,0,0,0,5.7
U01526,2026-01-23,Mobile,Direct,Hyderabad,1,1,1,0,0,0,0,13
U01527,2026-03-15,Mobile,Referral,Bengaluru,1,0,0,0,0,0,0,5.2
U01528,2026-01-16,Mobile,Paid Search,Pune,1,0,0,0,0,0,0,16.6
U01529,2026-01-04,Desktop,Social Media,Hyderabad,1,0,0,0,0,0,0,6.6
U01530,2026-02-23,Mobile,Organic Search,Mumbai,1,0,0,0,0,0,0,10.3
U01531,2026-03-09,Mobile,Direct,Bengaluru,1,0,0,0,0,0,0,15.1
U01532,2026-02-22,Mobile,Paid Search,Mumbai,1,0,0,0,0,0,0,12.8
U01533,2026-01-14,Desktop,Paid Search,Chennai,1,0,0,0,0,0,0,1.3
U01534,2026-03-21,Mobile,Paid Search,Hyderabad,1,1,1,1,1,1,3904.02,1.6
U01535,2026-03-24,Mobile,Social Media,Mumbai,1,0,0,0,0,0,0,9.6
U01536,2026-01-03,Mobile,Paid Search,Delhi,1,0,0,0,0,0,0,3.1
U01537,2026-02-11,Mobile,Paid Search,Delhi,1,1,1,1,1,0,0,4.9
U01538,2026-03-08,Desktop,Referral,Mumbai,1,1,0,0,0,0,0,2.2
U01539,2026-02-19,Mobile,Referral,Chennai,1,0,0,0,0,0,0,6.7
U01540,2026-01-20,Mobile,Paid Search,Mumbai,1,1,0,0,0,0,0,6.1
U01541,2026-02-24,Desktop,Social Media,Mumbai,1,1,1,0,0,0,0,3.2
U01542,2026-03-07,Mobile,Direct,Delhi,1,0,0,0,0,0,0,10.4
U01543,2026-03-25,Mobile,Organic Search,Mumbai,1,0,0,0,0,0,0,3
U01544,2026-02-22,Mobile,Direct,Mumbai,1,0,0,0,0,0,0,3.3
U01545,2026-01-26,Tablet,Organic Search,Hyderabad,1,0,0,0,0,0,0,14
U01546,2026-01-19,Mobile,Email,Bengaluru,1,1,1,0,0,0,0,3.1
U01547,2026-03-04,Desktop,Social Media,Bengaluru,1,0,0,0,0,0,0,5.1
U01548,2026-02-02,Mobile,Social Media,Other,1,0,0,0,0,0,0,10.5
U01549,2026-01-28,Mobile,Direct,Delhi,1,1,1,0,0,0,0,3
U01550,2026-02-17,Desktop,Organic Search,Mumbai,1,1,1,1,0,0,0,12.7
U01551,2026-02-22,Tablet,Paid Search,Bengaluru,1,1,1,0,0,0,0,14.2
U01552,2026-02-25,Mobile,Social Media,Hyderabad,1,1,1,0,0,0,0,6.3
U01553,2026-02-18,Desktop,Referral,Pune,1,1,1,1,1,0,0,7.5
U01554,2026-03-19,Desktop,Organic Search,Pune,1,1,1,0,0,0,0,6.4
U01555,2026-03-04,Mobile,Referral,Hyderabad,1,0,0,0,0,0,0,9.3
U01556,2026-01-14,Mobile,Paid Search,Delhi,1,0,0,0,0,0,0,5.9
U01557,2026-01-29,Mobile,Organic Search,Chennai,1,0,0,0,0,0,0,6.8
U01558,2026-02-22,Mobile,Referral,Bengaluru,1,0,0,0,0,0,0,12.5
U01559,2026-01-26,Desktop,Organic Search,Delhi,1,0,0,0,0,0,0,6.8
U01560,2026-02-02,Desktop,Social Media,Mumbai,1,1,1,0,0,0,0,3.7
U01561,2026-03-10,Mobile,Organic Search,Delhi,1,0,0,0,0,0,0,10.9
U01562,2026-03-07,Mobile,Paid Search,Hyderabad,1,0,0,0,0,0,0,5.2
U01563,2026-03-14,Desktop,Social Media,Bengaluru,1,1,0,0,0,0,0,7.8
U01564,2026-01-19,Mobile,Social Media,Bengaluru,1,1,1,0,0,0,0,8.2
U01565,2026-02-28,Desktop,Paid Search,Bengaluru,1,1,1,0,0,0,0,6.5
U01566,2026-03-31,Mobile,Paid Search,Chennai,1,1,1,0,0,0,0,5
U01567,2026-03-19,Desktop,Organic Search,Bengaluru,1,1,1,0,0,0,0,15.8
U01568,2026-01-03,Mobile,Social Media,Chennai,1,1,1,1,0,0,0,1.7
U01569,2026-02-27,Desktop,Direct,Bengaluru,1,1,0,0,0,0,0,14.5
U01570,2026-01-21,Mobile,Direct,Delhi,1,1,1,1,1,1,1194.45,2.2
U01571,2026-02-15,Mobile,Organic Search,Mumbai,1,1,1,0,0,0,0,5.2
U01572,2026-02-09,Mobile,Organic Search,Mumbai,1,1,1,0,0,0,0,11.5
U01573,2026-03-13,Desktop,Direct,Bengaluru,1,0,0,0,0,0,0,1.8
U01574,2026-03-11,Desktop,Social Media,Bengaluru,1,0,0,0,0,0,0,6.3
U01575,2026-03-07,Mobile,Social Media,Hyderabad,1,1,1,0,0,0,0,3.9
U01576,2026-02-26,Mobile,Referral,Hyderabad,1,1,0,0,0,0,0,1.7
U01577,2026-01-06,Mobile,Paid Search,Bengaluru,1,1,1,0,0,0,0,4.1
U01578,2026-02-28,Desktop,Social Media,Hyderabad,1,0,0,0,0,0,0,6.7
U01579,2026-02-08,Mobile,Direct,Mumbai,1,0,0,0,0,0,0,6.3
U01580,2026-03-16,Mobile,Email,Other,1,0,0,0,0,0,0,7.8
U01581,2026-03-10,Mobile,Organic Search,Hyderabad,1,1,1,1,0,0,0,8.2
U01582,2026-03-15,Mobile,Organic Search,Pune,1,1,1,0,0,0,0,1.8
U01583,2026-02-21,Mobile,Organic Search,Hyderabad,1,0,0,0,0,0,0,7
U01584,2026-02-07,Mobile,Referral,Delhi,1,1,0,0,0,0,0,9.4
U01585,2026-03-12,Tablet,Paid Search,Mumbai,1,0,0,0,0,0,0,7.9
U01586,2026-03-23,Mobile,Organic Search,Other,1,0,0,0,0,0,0,4.4
U01587,2026-03-15,Desktop,Direct,Hyderabad,1,0,0,0,0,0,0,5.3
U01588,2026-02-26,Mobile,Organic Search,Bengaluru,1,1,1,0,0,0,0,6.3
U01589,2026-01-07,Mobile,Organic Search,Hyderabad,1,1,1,1,1,0,0,14.2
U01590,2026-02-05,Desktop,Organic Search,Chennai,1,0,0,0,0,0,0,8.2
U01591,2026-02-19,Desktop,Organic Search,Other,1,1,1,0,0,0,0,8.4
U01592,2026-03-13,Tablet,Paid Search,Delhi,1,1,1,0,0,0,0,9.6
U01593,2026-02-09,Mobile,Direct,Delhi,1,0,0,0,0,0,0,1.3
U01594,2026-03-15,Mobile,Direct,Mumbai,1,1,0,0,0,0,0,8.1
U01595,2026-02-09,Desktop,Social Media,Pune,1,1,1,0,0,0,0,6.9
U01596,2026-02-20,Mobile,Paid Search,Chennai,1,0,0,0,0,0,0,21.2
U01597,2026-03-31,Mobile,Social Media,Hyderabad,1,0,0,0,0,0,0,12.2
U01598,2026-01-20,Mobile,Organic Search,Pune,1,0,0,0,0,0,0,9.9
U01599,2026-01-02,Mobile,Organic Search,Bengaluru,1,0,0,0,0,0,0,2.7
U01600,2026-03-28,Desktop,Direct,Hyderabad,1,1,1,1,0,0,0,2.1
U01601,2026-01-23,Mobile,Organic Search,Hyderabad,1,0,0,0,0,0,0,9
U01602,2026-03-22,Mobile,Organic Search,Mumbai,1,1,1,0,0,0,0,7.7
U01603,2026-02-10,Mobile,Social Media,Mumbai,1,1,1,0,0,0,0,4.1
U01604,2026-02-26,Mobile,Social Media,Bengaluru,1,1,1,1,1,1,2799.46,18.4
U01605,2026-01-21,Mobile,Organic Search,Delhi,1,0,0,0,0,0,0,9.1
U01606,2026-02-08,Mobile,Organic Search,Delhi,1,1,0,0,0,0,0,9.5
U01607,2026-01-26,Mobile,Paid Search,Other,1,1,1,0,0,0,0,7.4
U01608,2026-03-13,Desktop,Email,Mumbai,1,0,0,0,0,0,0,3.5
U01609,2026-02-20,Mobile,Organic Search,Delhi,1,0,0,0,0,0,0,17.2
U01610,2026-03-12,Mobile,Paid Search,Delhi,1,1,1,0,0,0,0,7.5
U01611,2026-01-21,Desktop,Social Media,Bengaluru,1,0,0,0,0,0,0,4.5
U01612,2026-02-27,Desktop,Direct,Bengaluru,1,0,0,0,0,0,0,1.7
U01613,2026-02-19,Mobile,Paid Search,Chennai,1,1,0,0,0,0,0,5.7
U01614,2026-01-23,Mobile,Organic Search,Hyderabad,1,0,0,0,0,0,0,3.5
U01615,2026-03-18,Mobile,Social Media,Bengaluru,1,0,0,0,0,0,0,4.9
U01616,2026-02-11,Desktop,Email,Chennai,1,1,0,0,0,0,0,0.9
U01617,2026-02-11,Tablet,Organic Search,Hyderabad,1,1,1,0,0,0,0,4.4
U01618,2026-02-09,Desktop,Paid Search,Hyderabad,1,0,0,0,0,0,0,3.7
U01619,2026-01-27,Mobile,Organic Search,Chennai,1,1,1,0,0,0,0,7.2
U01620,2026-01-20,Desktop,Organic Search,Delhi,1,1,1,0,0,0,0,6.3
U01621,2026-03-03,Mobile,Social Media,Pune,1,1,1,1,1,0,0,0.9
U01622,2026-01-13,Mobile,Paid Search,Mumbai,1,1,0,0,0,0,0,3
U01623,2026-02-11,Mobile,Referral,Chennai,1,0,0,0,0,0,0,2
U01624,2026-03-07,Tablet,Social Media,Chennai,1,1,1,0,0,0,0,6.7
U01625,2026-02-12,Mobile,Social Media,Hyderabad,1,0,0,0,0,0,0,4.2
U01626,2026-03-24,Desktop,Paid Search,Hyderabad,1,1,1,0,0,0,0,10
U01627,2026-02-18,Mobile,Social Media,Delhi,1,0,0,0,0,0,0,0.9
U01628,2026-03-20,Mobile,Organic Search,Chennai,1,0,0,0,0,0,0,0.7
U01629,2026-01-12,Mobile,Direct,Delhi,1,0,0,0,0,0,0,6.5
U01630,2026-02-09,Mobile,Direct,Delhi,1,0,0,0,0,0,0,3.4
U01631,2026-03-15,Desktop,Organic Search,Hyderabad,1,0,0,0,0,0,0,6.6
U01632,2026-03-09,Mobile,Organic Search,Mumbai,1,1,1,1,0,0,0,5.2
U01633,2026-01-04,Desktop,Organic Search,Chennai,1,1,1,1,1,1,2200.96,7.4
U01634,2026-02-11,Desktop,Email,Chennai,1,0,0,0,0,0,0,9.6
U01635,2026-01-12,Tablet,Email,Mumbai,1,0,0,0,0,0,0,8.5
U01636,2026-01-22,Mobile,Referral,Other,1,1,1,0,0,0,0,6.8
U01637,2026-03-09,Mobile,Referral,Pune,1,0,0,0,0,0,0,4.1
U01638,2026-03-30,Mobile,Paid Search,Other,1,0,0,0,0,0,0,5.6
U01639,2026-03-13,Tablet,Social Media,Hyderabad,1,0,0,0,0,0,0,3.8
U01640,2026-03-12,Tablet,Email,Hyderabad,1,0,0,0,0,0,0,8.9
U01641,2026-01-08,Mobile,Social Media,Hyderabad,1,0,0,0,0,0,0,5.7
U01642,2026-01-18,Desktop,Social Media,Bengaluru,1,1,1,0,0,0,0,4.9
U01643,2026-03-31,Mobile,Email,Chennai,1,0,0,0,0,0,0,3
U01644,2026-03-01,Desktop,Social Media,Mumbai,1,1,1,0,0,0,0,8.2
U01645,2026-03-14,Mobile,Email,Chennai,1,0,0,0,0,0,0,4.5
U01646,2026-03-02,Desktop,Social Media,Other,1,0,0,0,0,0,0,5.2
U01647,2026-01-31,Mobile,Email,Other,1,0,0,0,0,0,0,11.7
U01648,2026-01-06,Desktop,Email,Hyderabad,1,1,0,0,0,0,0,13.9
U01649,2026-03-20,Desktop,Social Media,Pune,1,1,1,1,1,1,2393.42,3.6
U01650,2026-01-18,Desktop,Email,Chennai,1,0,0,0,0,0,0,22.2
U01651,2026-02-23,Mobile,Paid Search,Chennai,1,0,0,0,0,0,0,9.4
U01652,2026-02-09,Mobile,Organic Search,Delhi,1,0,0,0,0,0,0,11.6
U01653,2026-02-20,Mobile,Organic Search,Hyderabad,1,0,0,0,0,0,0,15.7
U01654,2026-03-15,Mobile,Social Media,Pune,1,0,0,0,0,0,0,5.8
U01655,2026-03-13,Mobile,Social Media,Delhi,1,0,0,0,0,0,0,3.4
U01656,2026-03-30,Tablet,Direct,Pune,1,1,1,0,0,0,0,8
U01657,2026-02-05,Mobile,Paid Search,Other,1,0,0,0,0,0,0,0.8
U01658,2026-01-06,Mobile,Paid Search,Mumbai,1,1,1,0,0,0,0,10.7
U01659,2026-01-23,Mobile,Organic Search,Hyderabad,1,0,0,0,0,0,0,8.5
U01660,2026-02-17,Mobile,Organic Search,Hyderabad,1,0,0,0,0,0,0,13.7
U01661,2026-01-20,Mobile,Referral,Bengaluru,1,1,0,0,0,0,0,16.6
U01662,2026-03-02,Mobile,Organic Search,Hyderabad,1,1,1,1,1,1,4618.54,6.1
U01663,2026-03-28,Desktop,Social Media,Pune,1,1,0,0,0,0,0,3.6
U01664,2026-02-24,Mobile,Email,Bengaluru,1,1,1,1,1,0,0,9.9
U01665,2026-03-28,Tablet,Social Media,Other,1,1,1,0,0,0,0,3.9
U01666,2026-02-05,Desktop,Direct,Delhi,1,1,1,1,1,0,0,9
U01667,2026-02-14,Mobile,Paid Search,Hyderabad,1,0,0,0,0,0,0,4
U01668,2026-03-27,Tablet,Paid Search,Chennai,1,0,0,0,0,0,0,4.7
U01669,2026-03-28,Mobile,Direct,Chennai,1,1,1,1,1,1,2264.78,4.8
U01670,2026-02-11,Desktop,Direct,Chennai,1,1,1,0,0,0,0,7.1
U01671,2026-03-14,Mobile,Organic Search,Mumbai,1,1,0,0,0,0,0,5.5
U01672,2026-01-29,Desktop,Organic Search,Hyderabad,1,0,0,0,0,0,0,12.4
U01673,2026-01-21,Desktop,Organic Search,Delhi,1,1,1,1,1,1,2270.56,5.3
U01674,2026-03-03,Desktop,Paid Search,Chennai,1,1,1,1,1,0,0,2.5
U01675,2026-02-06,Desktop,Direct,Delhi,1,1,1,0,0,0,0,6.6
U01676,2026-02-06,Mobile,Social Media,Pune,1,0,0,0,0,0,0,16.2
U01677,2026-01-30,Mobile,Paid Search,Bengaluru,1,1,1,0,0,0,0,5.4
U01678,2026-03-08,Mobile,Direct,Hyderabad,1,1,1,0,0,0,0,13.3
U01679,2026-02-02,Mobile,Social Media,Delhi,1,1,1,1,1,1,1275.96,4.5
U01680,2026-03-02,Desktop,Paid Search,Other,1,1,1,1,1,0,0,9.9
U01681,2026-02-17,Mobile,Direct,Chennai,1,1,1,1,1,1,4433.92,7.8
U01682,2026-02-12,Tablet,Referral,Bengaluru,1,0,0,0,0,0,0,3.5
U01683,2026-03-21,Desktop,Referral,Hyderabad,1,1,1,1,1,1,2096.1,5.3
U01684,2026-01-28,Desktop,Social Media,Bengaluru,1,1,1,1,0,0,0,9.6
U01685,2026-01-20,Mobile,Referral,Bengaluru,1,0,0,0,0,0,0,2.7
U01686,2026-02-12,Desktop,Organic Search,Chennai,1,0,0,0,0,0,0,8.3
U01687,2026-03-15,Tablet,Social Media,Mumbai,1,0,0,0,0,0,0,7.3
U01688,2026-01-28,Mobile,Direct,Bengaluru,1,1,1,0,0,0,0,5
U01689,2026-01-08,Mobile,Paid Search,Hyderabad,1,1,1,1,1,1,3424.95,7.2
U01690,2026-03-29,Desktop,Referral,Bengaluru,1,0,0,0,0,0,0,4.5
U01691,2026-03-06,Mobile,Social Media,Pune,1,1,0,0,0,0,0,10
U01692,2026-01-17,Mobile,Organic Search,Chennai,1,1,1,1,1,1,4404.87,8.5
U01693,2026-03-01,Mobile,Referral,Other,1,1,1,1,1,1,3050.18,1.1
U01694,2026-01-20,Mobile,Organic Search,Chennai,1,1,1,1,1,1,4101.46,8.8
U01695,2026-01-13,Mobile,Email,Bengaluru,1,1,1,1,0,0,0,3.5
U01696,2026-01-13,Mobile,Organic Search,Hyderabad,1,0,0,0,0,0,0,5.1
U01697,2026-01-31,Mobile,Direct,Delhi,1,1,1,1,1,1,5518.02,2.6
U01698,2026-01-22,Mobile,Paid Search,Mumbai,1,1,1,1,1,1,5806.45,3.1
U01699,2026-01-15,Tablet,Organic Search,Mumbai,1,0,0,0,0,0,0,2.7
U01700,2026-03-20,Mobile,Organic Search,Delhi,1,1,1,0,0,0,0,6.2
U01701,2026-02-16,Tablet,Direct,Delhi,1,0,0,0,0,0,0,8.4
U01702,2026-02-05,Mobile,Email,Hyderabad,1,0,0,0,0,0,0,11.9
U01703,2026-01-13,Mobile,Email,Pune,1,1,1,1,1,0,0,9.5
U01704,2026-03-25,Mobile,Social Media,Mumbai,1,1,1,1,1,0,0,8.3
U01705,2026-01-25,Mobile,Social Media,Chennai,1,1,1,0,0,0,0,1.8
U01706,2026-02-22,Mobile,Organic Search,Mumbai,1,0,0,0,0,0,0,12.7
U01707,2026-03-27,Desktop,Social Media,Mumbai,1,1,1,0,0,0,0,9.4
U01708,2026-03-08,Mobile,Organic Search,Hyderabad,1,1,1,0,0,0,0,8.9
U01709,2026-02-10,Mobile,Direct,Chennai,1,0,0,0,0,0,0,6.1
U01710,2026-01-29,Desktop,Referral,Bengaluru,1,1,1,1,1,1,883.54,14.2
U01711,2026-02-10,Mobile,Paid Search,Bengaluru,1,1,1,0,0,0,0,5.1
U01712,2026-03-09,Mobile,Organic Search,Hyderabad,1,0,0,0,0,0,0,6.1
U01713,2026-03-23,Desktop,Referral,Hyderabad,1,1,1,1,1,0,0,4.4
U01714,2026-02-23,Mobile,Organic Search,Hyderabad,1,0,0,0,0,0,0,16
U01715,2026-02-09,Mobile,Organic Search,Bengaluru,1,1,1,0,0,0,0,3.6
U01716,2026-01-21,Tablet,Organic Search,Pune,1,0,0,0,0,0,0,6.3
U01717,2026-01-17,Mobile,Social Media,Bengaluru,1,0,0,0,0,0,0,5.1
U01718,2026-03-31,Desktop,Referral,Chennai,1,0,0,0,0,0,0,7.1
U01719,2026-03-30,Tablet,Paid Search,Bengaluru,1,0,0,0,0,0,0,3.2
U01720,2026-01-04,Mobile,Organic Search,Delhi,1,0,0,0,0,0,0,5.7
U01721,2026-03-01,Mobile,Social Media,Hyderabad,1,0,0,0,0,0,0,12.7
U01722,2026-02-07,Mobile,Email,Hyderabad,1,0,0,0,0,0,0,7.4
U01723,2026-03-07,Mobile,Organic Search,Bengaluru,1,0,0,0,0,0,0,8.4
U01724,2026-02-21,Mobile,Organic Search,Other,1,1,1,1,1,1,2866.3,1
U01725,2026-03-08,Desktop,Direct,Mumbai,1,0,0,0,0,0,0,9.4
U01726,2026-01-29,Mobile,Direct,Hyderabad,1,1,1,1,1,0,0,4.7
U01727,2026-01-28,Mobile,Direct,Bengaluru,1,1,1,1,1,1,3795.65,1
U01728,2026-03-01,Tablet,Referral,Hyderabad,1,0,0,0,0,0,0,10.9
U01729,2026-01-07,Desktop,Organic Search,Hyderabad,1,0,0,0,0,0,0,8.6
U01730,2026-01-21,Mobile,Organic Search,Delhi,1,1,0,0,0,0,0,0.9
U01731,2026-02-07,Mobile,Paid Search,Chennai,1,1,1,1,1,1,2692.5,2.5
U01732,2026-03-19,Desktop,Paid Search,Mumbai,1,0,0,0,0,0,0,16
U01733,2026-02-13,Mobile,Direct,Bengaluru,1,0,0,0,0,0,0,10.1
U01734,2026-03-28,Mobile,Referral,Mumbai,1,0,0,0,0,0,0,9.5
U01735,2026-02-21,Mobile,Email,Bengaluru,1,1,0,0,0,0,0,2.8
U01736,2026-03-14,Desktop,Organic Search,Bengaluru,1,1,1,0,0,0,0,3.8
U01737,2026-02-20,Mobile,Direct,Mumbai,1,0,0,0,0,0,0,2.4
U01738,2026-01-23,Mobile,Referral,Hyderabad,1,0,0,0,0,0,0,3.7
U01739,2026-03-10,Mobile,Organic Search,Mumbai,1,0,0,0,0,0,0,24.8
U01740,2026-01-14,Mobile,Direct,Pune,1,1,1,0,0,0,0,9
U01741,2026-01-15,Desktop,Paid Search,Hyderabad,1,1,1,1,1,1,4594.21,12.8
U01742,2026-01-15,Desktop,Organic Search,Pune,1,1,1,0,0,0,0,4.8
U01743,2026-02-04,Desktop,Email,Hyderabad,1,0,0,0,0,0,0,2.4
U01744,2026-01-11,Mobile,Email,Bengaluru,1,1,1,0,0,0,0,6
U01745,2026-02-06,Mobile,Organic Search,Mumbai,1,0,0,0,0,0,0,10.9
U01746,2026-03-13,Mobile,Paid Search,Mumbai,1,1,1,1,1,1,4744.17,10.7
U01747,2026-01-21,Mobile,Direct,Hyderabad,1,0,0,0,0,0,0,6.3
U01748,2026-01-15,Mobile,Email,Delhi,1,1,1,1,1,1,3582.03,8.6
U01749,2026-02-14,Desktop,Email,Other,1,0,0,0,0,0,0,4
U01750,2026-03-17,Mobile,Organic Search,Hyderabad,1,1,1,0,0,0,0,4.6
U01751,2026-01-08,Mobile,Organic Search,Pune,1,0,0,0,0,0,0,8.8
U01752,2026-01-24,Mobile,Paid Search,Mumbai,1,0,0,0,0,0,0,3
U01753,2026-02-01,Mobile,Organic Search,Other,1,0,0,0,0,0,0,9.7
U01754,2026-03-12,Mobile,Organic Search,Hyderabad,1,0,0,0,0,0,0,6.6
U01755,2026-01-25,Tablet,Organic Search,Delhi,1,0,0,0,0,0,0,11.7
U01756,2026-02-15,Desktop,Social Media,Hyderabad,1,0,0,0,0,0,0,6.7
U01757,2026-03-22,Tablet,Paid Search,Pune,1,0,0,0,0,0,0,4.8
U01758,2026-01-10,Mobile,Referral,Delhi,1,0,0,0,0,0,0,12.5
U01759,2026-02-19,Mobile,Organic Search,Bengaluru,1,0,0,0,0,0,0,19.5
U01760,2026-02-25,Mobile,Social Media,Hyderabad,1,0,0,0,0,0,0,6.6
U01761,2026-03-13,Mobile,Organic Search,Pune,1,0,0,0,0,0,0,2.3
U01762,2026-01-01,Desktop,Social Media,Mumbai,1,0,0,0,0,0,0,8.8
U01763,2026-01-09,Mobile,Organic Search,Bengaluru,1,1,1,1,1,1,1010.86,13.8
U01764,2026-02-17,Mobile,Direct,Chennai,1,0,0,0,0,0,0,7.8
U01765,2026-01-26,Mobile,Referral,Pune,1,1,1,1,1,1,2090.24,8.1
U01766,2026-01-10,Mobile,Social Media,Bengaluru,1,0,0,0,0,0,0,3.1
U01767,2026-03-31,Desktop,Organic Search,Hyderabad,1,1,1,1,0,0,0,7
U01768,2026-02-27,Mobile,Social Media,Other,1,0,0,0,0,0,0,1.4
U01769,2026-02-14,Mobile,Referral,Chennai,1,1,1,1,1,0,0,10
U01770,2026-01-18,Mobile,Organic Search,Bengaluru,1,0,0,0,0,0,0,1.4
U01771,2026-02-28,Mobile,Social Media,Bengaluru,1,0,0,0,0,0,0,4.5
U01772,2026-02-26,Desktop,Referral,Pune,1,0,0,0,0,0,0,9.5
U01773,2026-03-08,Desktop,Referral,Bengaluru,1,0,0,0,0,0,0,15.8
U01774,2026-01-28,Tablet,Referral,Mumbai,1,0,0,0,0,0,0,7.7
U01775,2026-03-22,Desktop,Direct,Pune,1,0,0,0,0,0,0,3
U01776,2026-01-15,Mobile,Direct,Hyderabad,1,1,1,0,0,0,0,5.5
U01777,2026-02-04,Desktop,Paid Search,Pune,1,0,0,0,0,0,0,14.1
U01778,2026-02-11,Mobile,Social Media,Chennai,1,0,0,0,0,0,0,7.1
U01779,2026-01-25,Mobile,Referral,Mumbai,1,1,0,0,0,0,0,6.2
U01780,2026-01-13,Desktop,Email,Bengaluru,1,1,1,0,0,0,0,11.5
U01781,2026-03-07,Mobile,Direct,Delhi,1,0,0,0,0,0,0,12.1
U01782,2026-02-26,Desktop,Organic Search,Bengaluru,1,1,1,0,0,0,0,1.4
U01783,2026-03-02,Mobile,Paid Search,Hyderabad,1,0,0,0,0,0,0,18.4
U01784,2026-03-27,Desktop,Paid Search,Other,1,0,0,0,0,0,0,21.7
U01785,2026-03-23,Desktop,Paid Search,Hyderabad,1,0,0,0,0,0,0,2.5
U01786,2026-03-26,Desktop,Organic Search,Pune,1,0,0,0,0,0,0,4.5
U01787,2026-01-11,Desktop,Email,Hyderabad,1,0,0,0,0,0,0,5.7
U01788,2026-02-26,Mobile,Organic Search,Chennai,1,0,0,0,0,0,0,12.9
U01789,2026-02-12,Mobile,Email,Pune,1,0,0,0,0,0,0,5.9
U01790,2026-02-16,Mobile,Email,Bengaluru,1,1,0,0,0,0,0,4.5
U01791,2026-02-11,Mobile,Paid Search,Pune,1,1,0,0,0,0,0,7.6
U01792,2026-01-04,Desktop,Paid Search,Chennai,1,1,1,0,0,0,0,22.9
U01793,2026-03-03,Mobile,Social Media,Bengaluru,1,1,1,1,1,1,7493.78,17.2
U01794,2026-01-25,Desktop,Referral,Delhi,1,1,1,1,0,0,0,3.5
U01795,2026-02-03,Mobile,Direct,Bengaluru,1,1,1,0,0,0,0,22.7
U01796,2026-02-25,Mobile,Direct,Bengaluru,1,1,1,0,0,0,0,17.4
U01797,2026-03-10,Desktop,Direct,Delhi,1,0,0,0,0,0,0,12.8
U01798,2026-02-10,Mobile,Social Media,Bengaluru,1,0,0,0,0,0,0,5.4
U01799,2026-02-02,Mobile,Direct,Bengaluru,1,0,0,0,0,0,0,4.3
U01800,2026-02-13,Mobile,Referral,Pune,1,0,0,0,0,0,0,6.8
U01801,2026-03-12,Tablet,Direct,Pune,1,0,0,0,0,0,0,14.3
U01802,2026-03-25,Desktop,Organic Search,Chennai,1,0,0,0,0,0,0,2.2
U01803,2026-03-15,Mobile,Direct,Mumbai,1,1,1,1,1,1,2642.62,14.6
U01804,2026-01-30,Mobile,Social Media,Delhi,1,0,0,0,0,0,0,5.9
U01805,2026-03-08,Mobile,Referral,Chennai,1,0,0,0,0,0,0,8.8
U01806,2026-01-28,Desktop,Organic Search,Chennai,1,0,0,0,0,0,0,10.3
U01807,2026-02-09,Desktop,Paid Search,Other,1,1,1,0,0,0,0,4.2
U01808,2026-01-31,Mobile,Paid Search,Hyderabad,1,0,0,0,0,0,0,4.4
U01809,2026-03-07,Mobile,Paid Search,Mumbai,1,0,0,0,0,0,0,4.4
U01810,2026-01-18,Mobile,Organic Search,Pune,1,1,0,0,0,0,0,8.4
U01811,2026-01-10,Desktop,Referral,Delhi,1,1,0,0,0,0,0,0.8
U01812,2026-02-01,Desktop,Organic Search,Pune,1,1,1,0,0,0,0,10.3
U01813,2026-03-13,Mobile,Paid Search,Bengaluru,1,1,1,1,0,0,0,6.2
U01814,2026-03-26,Mobile,Organic Search,Bengaluru,1,0,0,0,0,0,0,7.1
U01815,2026-03-26,Mobile,Social Media,Pune,1,1,1,1,0,0,0,9.3
U01816,2026-02-12,Tablet,Paid Search,Chennai,1,0,0,0,0,0,0,6.6
U01817,2026-02-15,Mobile,Paid Search,Delhi,1,1,1,0,0,0,0,5.7
U01818,2026-03-26,Desktop,Social Media,Hyderabad,1,0,0,0,0,0,0,9.2
U01819,2026-01-27,Desktop,Email,Delhi,1,0,0,0,0,0,0,4
U01820,2026-03-19,Mobile,Organic Search,Mumbai,1,0,0,0,0,0,0,7.1
U01821,2026-01-09,Mobile,Organic Search,Bengaluru,1,0,0,0,0,0,0,3
U01822,2026-01-11,Mobile,Organic Search,Chennai,1,0,0,0,0,0,0,19.7
U01823,2026-03-12,Mobile,Direct,Delhi,1,0,0,0,0,0,0,8.7
U01824,2026-01-05,Desktop,Paid Search,Hyderabad,1,1,1,1,1,1,2985.13,12.9
U01825,2026-03-13,Desktop,Social Media,Mumbai,1,0,0,0,0,0,0,7.1
U01826,2026-02-28,Mobile,Organic Search,Mumbai,1,0,0,0,0,0,0,2.6
U01827,2026-03-08,Mobile,Social Media,Bengaluru,1,1,1,1,1,1,7416.44,3.5
U01828,2026-02-02,Tablet,Organic Search,Delhi,1,1,1,0,0,0,0,13
U01829,2026-03-24,Desktop,Organic Search,Bengaluru,1,0,0,0,0,0,0,5.4
U01830,2026-02-16,Mobile,Social Media,Bengaluru,1,0,0,0,0,0,0,5.5
U01831,2026-02-01,Tablet,Paid Search,Chennai,1,1,1,1,0,0,0,4.8
U01832,2026-02-10,Mobile,Organic Search,Delhi,1,0,0,0,0,0,0,4.4
U01833,2026-01-09,Mobile,Email,Other,1,0,0,0,0,0,0,7
U01834,2026-01-11,Desktop,Direct,Hyderabad,1,0,0,0,0,0,0,7.5
U01835,2026-02-04,Desktop,Paid Search,Chennai,1,1,0,0,0,0,0,13
U01836,2026-01-12,Desktop,Social Media,Hyderabad,1,0,0,0,0,0,0,4.1
U01837,2026-01-12,Mobile,Direct,Delhi,1,0,0,0,0,0,0,8
U01838,2026-02-19,Mobile,Referral,Chennai,1,1,0,0,0,0,0,10.7
U01839,2026-02-20,Tablet,Social Media,Delhi,1,0,0,0,0,0,0,3.1
U01840,2026-02-05,Mobile,Email,Bengaluru,1,0,0,0,0,0,0,6.5
U01841,2026-01-30,Mobile,Organic Search,Pune,1,0,0,0,0,0,0,3.9
U01842,2026-02-10,Mobile,Social Media,Mumbai,1,1,1,1,0,0,0,2.1
U01843,2026-01-03,Mobile,Paid Search,Other,1,1,1,0,0,0,0,2.1
U01844,2026-02-18,Mobile,Organic Search,Hyderabad,1,1,1,0,0,0,0,3.6
U01845,2026-02-24,Tablet,Paid Search,Mumbai,1,0,0,0,0,0,0,5.1
U01846,2026-02-01,Mobile,Organic Search,Delhi,1,0,0,0,0,0,0,7.2
U01847,2026-03-20,Mobile,Email,Mumbai,1,0,0,0,0,0,0,11.3
U01848,2026-01-08,Mobile,Social Media,Hyderabad,1,0,0,0,0,0,0,8.8
U01849,2026-02-20,Desktop,Social Media,Other,1,1,0,0,0,0,0,17.8
U01850,2026-02-18,Desktop,Organic Search,Bengaluru,1,1,1,0,0,0,0,4.1
U01851,2026-03-14,Mobile,Organic Search,Bengaluru,1,1,1,0,0,0,0,10.7
U01852,2026-03-31,Desktop,Social Media,Chennai,1,0,0,0,0,0,0,15.1
U01853,2026-03-04,Desktop,Direct,Mumbai,1,1,1,1,0,0,0,10.4
U01854,2026-01-22,Desktop,Organic Search,Delhi,1,1,1,0,0,0,0,4.3
U01855,2026-02-07,Desktop,Paid Search,Chennai,1,0,0,0,0,0,0,14.2
U01856,2026-02-02,Mobile,Direct,Chennai,1,1,0,0,0,0,0,6.9
U01857,2026-01-14,Desktop,Organic Search,Mumbai,1,0,0,0,0,0,0,3.1
U01858,2026-03-10,Mobile,Direct,Chennai,1,1,1,0,0,0,0,5.5
U01859,2026-01-10,Desktop,Social Media,Other,1,1,1,0,0,0,0,7.3
U01860,2026-02-13,Desktop,Paid Search,Pune,1,0,0,0,0,0,0,15.7
U01861,2026-01-25,Desktop,Paid Search,Chennai,1,0,0,0,0,0,0,5.3
U01862,2026-03-25,Desktop,Paid Search,Hyderabad,1,0,0,0,0,0,0,1.9
U01863,2026-02-21,Mobile,Paid Search,Other,1,1,1,0,0,0,0,4.8
U01864,2026-03-16,Mobile,Direct,Hyderabad,1,0,0,0,0,0,0,17.6
U01865,2026-02-20,Tablet,Email,Bengaluru,1,0,0,0,0,0,0,4.3
U01866,2026-02-20,Tablet,Email,Hyderabad,1,1,1,0,0,0,0,2.4
U01867,2026-02-03,Mobile,Referral,Hyderabad,1,1,1,0,0,0,0,10.6
U01868,2026-01-16,Mobile,Paid Search,Pune,1,1,1,0,0,0,0,13.7
U01869,2026-03-09,Mobile,Social Media,Mumbai,1,0,0,0,0,0,0,6.1
U01870,2026-02-26,Desktop,Social Media,Other,1,0,0,0,0,0,0,5.6
U01871,2026-02-22,Desktop,Referral,Bengaluru,1,1,1,1,1,1,2981.78,2.8
U01872,2026-02-21,Mobile,Paid Search,Chennai,1,0,0,0,0,0,0,7.5
U01873,2026-01-28,Mobile,Email,Other,1,1,1,0,0,0,0,3.5
U01874,2026-03-15,Desktop,Direct,Pune,1,1,1,1,0,0,0,3.2
U01875,2026-03-29,Desktop,Paid Search,Delhi,1,0,0,0,0,0,0,2.9
U01876,2026-02-17,Mobile,Organic Search,Hyderabad,1,0,0,0,0,0,0,7.8
U01877,2026-03-14,Mobile,Social Media,Delhi,1,0,0,0,0,0,0,8.3
U01878,2026-01-06,Mobile,Paid Search,Bengaluru,1,0,0,0,0,0,0,0.6
U01879,2026-02-06,Mobile,Email,Mumbai,1,0,0,0,0,0,0,10.8
U01880,2026-01-10,Mobile,Direct,Mumbai,1,1,1,0,0,0,0,6.6
U01881,2026-03-02,Desktop,Social Media,Mumbai,1,0,0,0,0,0,0,7.3
U01882,2026-02-10,Desktop,Social Media,Delhi,1,0,0,0,0,0,0,6
U01883,2026-02-21,Desktop,Email,Delhi,1,0,0,0,0,0,0,9.2
U01884,2026-02-03,Desktop,Organic Search,Hyderabad,1,0,0,0,0,0,0,5.2
U01885,2026-01-09,Mobile,Paid Search,Chennai,1,0,0,0,0,0,0,5.2
U01886,2026-01-29,Mobile,Direct,Delhi,1,0,0,0,0,0,0,10.7
U01887,2026-02-10,Mobile,Email,Bengaluru,1,0,0,0,0,0,0,2.6
U01888,2026-01-01,Mobile,Organic Search,Bengaluru,1,0,0,0,0,0,0,7.1
U01889,2026-03-05,Desktop,Organic Search,Hyderabad,1,0,0,0,0,0,0,6.4
U01890,2026-01-12,Tablet,Email,Chennai,1,1,1,1,0,0,0,11.7
U01891,2026-01-23,Mobile,Referral,Other,1,0,0,0,0,0,0,4
U01892,2026-01-01,Mobile,Referral,Bengaluru,1,0,0,0,0,0,0,15.9
U01893,2026-01-25,Desktop,Paid Search,Mumbai,1,1,1,0,0,0,0,5.6
U01894,2026-02-07,Mobile,Direct,Delhi,1,1,0,0,0,0,0,11.5
U01895,2026-01-04,Mobile,Social Media,Hyderabad,1,0,0,0,0,0,0,7.1
U01896,2026-02-12,Desktop,Email,Other,1,0,0,0,0,0,0,2.3
U01897,2026-03-31,Mobile,Social Media,Chennai,1,1,1,1,1,0,0,6.6
U01898,2026-03-02,Mobile,Organic Search,Pune,1,0,0,0,0,0,0,13.4
U01899,2026-02-01,Mobile,Direct,Hyderabad,1,0,0,0,0,0,0,16.6
U01900,2026-01-28,Desktop,Organic Search,Hyderabad,1,0,0,0,0,0,0,7.5
U01901,2026-02-02,Mobile,Paid Search,Bengaluru,1,1,0,0,0,0,0,5.9
U01902,2026-01-27,Mobile,Referral,Bengaluru,1,1,1,0,0,0,0,2.5
U01903,2026-01-01,Desktop,Social Media,Pune,1,0,0,0,0,0,0,5.2
U01904,2026-01-08,Mobile,Referral,Hyderabad,1,0,0,0,0,0,0,13.3
U01905,2026-03-26,Desktop,Social Media,Mumbai,1,0,0,0,0,0,0,3.1
U01906,2026-01-23,Mobile,Paid Search,Hyderabad,1,0,0,0,0,0,0,9
U01907,2026-02-01,Tablet,Direct,Pune,1,1,1,0,0,0,0,11.6
U01908,2026-01-03,Mobile,Organic Search,Delhi,1,0,0,0,0,0,0,8.9
U01909,2026-02-13,Mobile,Direct,Chennai,1,1,1,1,1,1,6019.79,11.3
U01910,2026-02-23,Mobile,Organic Search,Bengaluru,1,0,0,0,0,0,0,3.8
U01911,2026-01-06,Mobile,Referral,Mumbai,1,0,0,0,0,0,0,11.9
U01912,2026-03-11,Desktop,Organic Search,Hyderabad,1,0,0,0,0,0,0,10.7
U01913,2026-02-18,Tablet,Social Media,Hyderabad,1,1,1,0,0,0,0,4.7
U01914,2026-02-28,Mobile,Direct,Mumbai,1,0,0,0,0,0,0,13.3
U01915,2026-02-26,Mobile,Social Media,Other,1,1,0,0,0,0,0,15.6
U01916,2026-03-30,Desktop,Email,Pune,1,1,1,1,0,0,0,16.8
U01917,2026-03-02,Desktop,Referral,Mumbai,1,0,0,0,0,0,0,5.5
U01918,2026-02-25,Mobile,Email,Mumbai,1,1,0,0,0,0,0,3.5
U01919,2026-02-10,Mobile,Direct,Other,1,0,0,0,0,0,0,8.9
U01920,2026-01-14,Mobile,Paid Search,Mumbai,1,0,0,0,0,0,0,5
U01921,2026-03-24,Desktop,Organic Search,Chennai,1,0,0,0,0,0,0,0.6
U01922,2026-03-18,Mobile,Organic Search,Other,1,0,0,0,0,0,0,1.8
U01923,2026-02-06,Mobile,Organic Search,Bengaluru,1,1,1,0,0,0,0,14
U01924,2026-02-10,Mobile,Organic Search,Hyderabad,1,0,0,0,0,0,0,8.8
U01925,2026-01-30,Desktop,Social Media,Mumbai,1,1,1,1,1,1,730.67,5
U01926,2026-02-11,Mobile,Organic Search,Hyderabad,1,1,1,0,0,0,0,2.3
U01927,2026-02-05,Mobile,Organic Search,Bengaluru,1,0,0,0,0,0,0,6
U01928,2026-02-25,Mobile,Organic Search,Chennai,1,0,0,0,0,0,0,3.3
U01929,2026-03-12,Desktop,Referral,Mumbai,1,1,1,0,0,0,0,3.8
U01930,2026-03-24,Mobile,Social Media,Other,1,1,1,1,1,1,4366.77,8.3
U01931,2026-03-19,Mobile,Paid Search,Bengaluru,1,0,0,0,0,0,0,1.9
U01932,2026-01-26,Mobile,Direct,Bengaluru,1,1,1,0,0,0,0,9.8
U01933,2026-03-25,Mobile,Organic Search,Hyderabad,1,1,1,1,0,0,0,16.5
U01934,2026-01-14,Mobile,Direct,Mumbai,1,0,0,0,0,0,0,9.2
U01935,2026-02-08,Desktop,Social Media,Delhi,1,1,1,1,1,0,0,13.1
U01936,2026-03-01,Desktop,Organic Search,Chennai,1,0,0,0,0,0,0,4.6
U01937,2026-01-28,Mobile,Email,Bengaluru,1,1,1,0,0,0,0,5.4
U01938,2026-02-13,Desktop,Referral,Mumbai,1,0,0,0,0,0,0,11.2
U01939,2026-02-14,Mobile,Paid Search,Mumbai,1,0,0,0,0,0,0,2.1
U01940,2026-01-18,Mobile,Direct,Hyderabad,1,1,1,0,0,0,0,4.6
U01941,2026-01-30,Mobile,Organic Search,Chennai,1,0,0,0,0,0,0,1.3
U01942,2026-03-11,Mobile,Paid Search,Chennai,1,1,1,0,0,0,0,5
U01943,2026-03-11,Desktop,Organic Search,Other,1,1,1,1,1,0,0,5.5
U01944,2026-01-03,Desktop,Organic Search,Pune,1,0,0,0,0,0,0,5.3
U01945,2026-01-07,Desktop,Organic Search,Delhi,1,0,0,0,0,0,0,11.8
U01946,2026-02-03,Mobile,Direct,Pune,1,1,1,0,0,0,0,5
U01947,2026-03-23,Mobile,Organic Search,Delhi,1,0,0,0,0,0,0,12.2
U01948,2026-03-06,Mobile,Paid Search,Other,1,1,1,1,1,0,0,14.9
U01949,2026-01-27,Mobile,Social Media,Hyderabad,1,0,0,0,0,0,0,7.4
U01950,2026-02-23,Mobile,Direct,Chennai,1,1,0,0,0,0,0,3.6
U01951,2026-03-20,Mobile,Direct,Delhi,1,0,0,0,0,0,0,4.3
U01952,2026-02-12,Mobile,Referral,Mumbai,1,0,0,0,0,0,0,4
U01953,2026-01-24,Mobile,Direct,Hyderabad,1,0,0,0,0,0,0,2.3
U01954,2026-03-03,Desktop,Referral,Bengaluru,1,0,0,0,0,0,0,4.2
U01955,2026-03-25,Tablet,Direct,Bengaluru,1,0,0,0,0,0,0,3.5
U01956,2026-02-09,Tablet,Email,Bengaluru,1,1,1,0,0,0,0,5.1
U01957,2026-01-30,Desktop,Organic Search,Bengaluru,1,0,0,0,0,0,0,6.7
U01958,2026-02-13,Mobile,Paid Search,Mumbai,1,0,0,0,0,0,0,12.5
U01959,2026-03-23,Desktop,Email,Pune,1,0,0,0,0,0,0,5.1
U01960,2026-03-24,Desktop,Paid Search,Delhi,1,1,1,1,1,0,0,4
U01961,2026-01-15,Mobile,Paid Search,Pune,1,1,1,1,1,0,0,3.4
U01962,2026-02-18,Mobile,Social Media,Pune,1,0,0,0,0,0,0,7.6
U01963,2026-03-28,Desktop,Direct,Chennai,1,1,1,0,0,0,0,5.5
U01964,2026-02-12,Mobile,Organic Search,Bengaluru,1,1,0,0,0,0,0,1.2
U01965,2026-01-06,Mobile,Referral,Hyderabad,1,0,0,0,0,0,0,11.4
U01966,2026-02-19,Mobile,Email,Other,1,1,1,0,0,0,0,2.9
U01967,2026-02-15,Mobile,Direct,Hyderabad,1,0,0,0,0,0,0,9.1
U01968,2026-02-09,Mobile,Direct,Delhi,1,1,1,0,0,0,0,11.8
U01969,2026-01-30,Mobile,Referral,Bengaluru,1,0,0,0,0,0,0,15.9
U01970,2026-03-15,Mobile,Social Media,Other,1,1,1,0,0,0,0,13.3
U01971,2026-01-30,Mobile,Organic Search,Chennai,1,0,0,0,0,0,0,3
U01972,2026-01-01,Desktop,Social Media,Pune,1,0,0,0,0,0,0,12.8
U01973,2026-01-29,Mobile,Referral,Bengaluru,1,1,1,0,0,0,0,5.2
U01974,2026-03-30,Mobile,Direct,Bengaluru,1,1,1,1,1,1,1504.83,6.1
U01975,2026-01-15,Mobile,Referral,Mumbai,1,1,1,1,0,0,0,8.9
U01976,2026-01-17,Tablet,Organic Search,Other,1,1,1,0,0,0,0,6.2
U01977,2026-01-08,Mobile,Social Media,Mumbai,1,1,1,0,0,0,0,4.1
U01978,2026-03-15,Mobile,Paid Search,Other,1,1,0,0,0,0,0,5.4
U01979,2026-02-15,Desktop,Organic Search,Delhi,1,0,0,0,0,0,0,10.1
U01980,2026-02-26,Desktop,Organic Search,Delhi,1,0,0,0,0,0,0,1.5
U01981,2026-03-20,Mobile,Organic Search,Chennai,1,0,0,0,0,0,0,5.1
U01982,2026-01-28,Desktop,Referral,Chennai,1,1,1,0,0,0,0,1.8
U01983,2026-03-31,Mobile,Paid Search,Hyderabad,1,0,0,0,0,0,0,5.1
U01984,2026-03-25,Mobile,Paid Search,Other,1,0,0,0,0,0,0,10
U01985,2026-03-18,Mobile,Direct,Other,1,0,0,0,0,0,0,1.4
U01986,2026-01-31,Mobile,Paid Search,Delhi,1,1,1,0,0,0,0,5.4
U01987,2026-02-20,Desktop,Organic Search,Bengaluru,1,0,0,0,0,0,0,1.5
U01988,2026-03-19,Mobile,Paid Search,Bengaluru,1,0,0,0,0,0,0,3.1
U01989,2026-01-29,Mobile,Organic Search,Other,1,0,0,0,0,0,0,15.2
U01990,2026-03-19,Desktop,Organic Search,Hyderabad,1,0,0,0,0,0,0,7.6
U01991,2026-01-14,Desktop,Organic Search,Pune,1,0,0,0,0,0,0,5.3
U01992,2026-03-25,Mobile,Social Media,Bengaluru,1,0,0,0,0,0,0,4.6
U01993,2026-02-10,Mobile,Organic Search,Chennai,1,0,0,0,0,0,0,4.9
U01994,2026-02-04,Mobile,Paid Search,Pune,1,1,1,0,0,0,0,6.6
U01995,2026-01-05,Desktop,Direct,Hyderabad,1,1,1,0,0,0,0,5.4
U01996,2026-03-05,Desktop,Paid Search,Bengaluru,1,0,0,0,0,0,0,11.7
U01997,2026-03-20,Tablet,Direct,Other,1,1,1,1,0,0,0,6.4
U01998,2026-02-25,Mobile,Social Media,Delhi,1,1,1,0,0,0,0,7.6
U01999,2026-03-18,Mobile,Paid Search,Delhi,1,1,1,0,0,0,0,3.6
U02000,2026-01-01,Mobile,Referral,Delhi,1,0,0,0,0,0,0,1.7
U02001,2026-01-07,Mobile,Organic Search,Hyderabad,1,0,0,0,0,0,0,11.4
U02002,2026-01-12,Mobile,Organic Search,Bengaluru,1,1,1,1,0,0,0,9.4
U02003,2026-01-21,Desktop,Email,Chennai,1,0,0,0,0,0,0,11.1
U02004,2026-03-17,Mobile,Social Media,Bengaluru,1,0,0,0,0,0,0,7.8
U02005,2026-02-05,Mobile,Referral,Chennai,1,0,0,0,0,0,0,4.8
U02006,2026-02-02,Desktop,Direct,Delhi,1,1,1,1,1,0,0,16.9
U02007,2026-01-04,Mobile,Paid Search,Hyderabad,1,0,0,0,0,0,0,17.8
U02008,2026-02-20,Desktop,Social Media,Delhi,1,0,0,0,0,0,0,4.3
U02009,2026-02-18,Mobile,Social Media,Hyderabad,1,1,1,0,0,0,0,2.7
U02010,2026-03-14,Mobile,Direct,Hyderabad,1,1,1,1,1,0,0,4.3
U02011,2026-02-08,Mobile,Referral,Chennai,1,0,0,0,0,0,0,9.1
U02012,2026-03-12,Mobile,Direct,Pune,1,0,0,0,0,0,0,3
U02013,2026-01-18,Desktop,Paid Search,Hyderabad,1,1,1,0,0,0,0,6.6
U02014,2026-02-28,Mobile,Referral,Mumbai,1,0,0,0,0,0,0,2.6
U02015,2026-01-23,Mobile,Paid Search,Delhi,1,1,1,0,0,0,0,2.9
U02016,2026-01-20,Mobile,Organic Search,Bengaluru,1,1,1,0,0,0,0,9.5
U02017,2026-01-31,Mobile,Direct,Mumbai,1,0,0,0,0,0,0,6.6
U02018,2026-03-30,Desktop,Organic Search,Other,1,0,0,0,0,0,0,4.2
U02019,2026-03-08,Mobile,Direct,Mumbai,1,0,0,0,0,0,0,2.3
U02020,2026-02-22,Desktop,Organic Search,Hyderabad,1,1,1,0,0,0,0,1
U02021,2026-02-23,Tablet,Referral,Mumbai,1,0,0,0,0,0,0,9
U02022,2026-03-03,Mobile,Paid Search,Mumbai,1,0,0,0,0,0,0,16
U02023,2026-01-20,Tablet,Paid Search,Hyderabad,1,0,0,0,0,0,0,15.3
U02024,2026-01-25,Mobile,Organic Search,Hyderabad,1,0,0,0,0,0,0,0.9
U02025,2026-02-20,Mobile,Social Media,Hyderabad,1,0,0,0,0,0,0,19.7
U02026,2026-01-21,Mobile,Paid Search,Hyderabad,1,0,0,0,0,0,0,15.6
U02027,2026-02-17,Desktop,Email,Bengaluru,1,1,1,1,1,0,0,5.3
U02028,2026-02-23,Tablet,Organic Search,Chennai,1,0,0,0,0,0,0,7.6
U02029,2026-01-16,Mobile,Organic Search,Bengaluru,1,0,0,0,0,0,0,7.4
U02030,2026-03-28,Desktop,Organic Search,Pune,1,1,1,1,1,0,0,1.4
U02031,2026-03-01,Mobile,Paid Search,Mumbai,1,1,1,1,0,0,0,9.1
U02032,2026-03-16,Mobile,Referral,Pune,1,1,1,0,0,0,0,6.6
U02033,2026-01-12,Mobile,Direct,Mumbai,1,0,0,0,0,0,0,3.7
U02034,2026-03-10,Tablet,Organic Search,Hyderabad,1,0,0,0,0,0,0,8.7
U02035,2026-02-25,Mobile,Social Media,Chennai,1,1,0,0,0,0,0,31.6
U02036,2026-02-13,Mobile,Referral,Pune,1,1,1,0,0,0,0,6
U02037,2026-02-07,Mobile,Paid Search,Hyderabad,1,1,1,1,1,1,3739.51,15.3
U02038,2026-01-22,Mobile,Paid Search,Hyderabad,1,1,1,0,0,0,0,8.2
U02039,2026-03-22,Mobile,Social Media,Bengaluru,1,0,0,0,0,0,0,5.1
U02040,2026-01-21,Mobile,Organic Search,Chennai,1,1,1,1,1,1,1316.06,2.4
U02041,2026-01-13,Desktop,Organic Search,Bengaluru,1,1,1,0,0,0,0,5.9
U02042,2026-02-15,Mobile,Organic Search,Hyderabad,1,0,0,0,0,0,0,13.1
U02043,2026-02-28,Mobile,Social Media,Bengaluru,1,0,0,0,0,0,0,3.8
U02044,2026-03-20,Mobile,Organic Search,Delhi,1,0,0,0,0,0,0,14.4
U02045,2026-01-18,Desktop,Organic Search,Chennai,1,0,0,0,0,0,0,7.6
U02046,2026-02-12,Desktop,Paid Search,Mumbai,1,0,0,0,0,0,0,6.7
U02047,2026-02-24,Mobile,Organic Search,Mumbai,1,1,1,0,0,0,0,2.2
U02048,2026-03-16,Desktop,Organic Search,Mumbai,1,1,1,0,0,0,0,4
U02049,2026-03-12,Mobile,Direct,Bengaluru,1,1,1,0,0,0,0,4.7
U02050,2026-02-01,Mobile,Organic Search,Mumbai,1,0,0,0,0,0,0,3.5
U02051,2026-03-18,Mobile,Email,Hyderabad,1,0,0,0,0,0,0,5.8
U02052,2026-01-16,Mobile,Paid Search,Chennai,1,1,1,0,0,0,0,1.7
U02053,2026-03-31,Mobile,Email,Mumbai,1,0,0,0,0,0,0,7.4
U02054,2026-02-09,Tablet,Social Media,Hyderabad,1,0,0,0,0,0,0,3.5
U02055,2026-02-10,Desktop,Organic Search,Bengaluru,1,1,1,1,1,1,5320.48,5.8
U02056,2026-02-23,Desktop,Referral,Bengaluru,1,0,0,0,0,0,0,2.8
U02057,2026-02-03,Mobile,Social Media,Hyderabad,1,0,0,0,0,0,0,9.7
U02058,2026-03-26,Mobile,Referral,Bengaluru,1,0,0,0,0,0,0,6
U02059,2026-01-18,Desktop,Paid Search,Other,1,1,1,1,1,1,1435.86,2.6
U02060,2026-01-20,Mobile,Direct,Bengaluru,1,0,0,0,0,0,0,4.7
U02061,2026-03-17,Mobile,Referral,Chennai,1,0,0,0,0,0,0,2
U02062,2026-03-26,Mobile,Direct,Mumbai,1,1,1,1,1,1,2754.72,2
U02063,2026-01-09,Desktop,Social Media,Mumbai,1,0,0,0,0,0,0,5
U02064,2026-02-16,Mobile,Social Media,Other,1,0,0,0,0,0,0,1
U02065,2026-03-02,Mobile,Referral,Pune,1,0,0,0,0,0,0,10.6
U02066,2026-01-11,Desktop,Direct,Delhi,1,0,0,0,0,0,0,9.2
U02067,2026-01-11,Mobile,Direct,Other,1,0,0,0,0,0,0,12.1
U02068,2026-01-28,Mobile,Paid Search,Bengaluru,1,1,0,0,0,0,0,6.9
U02069,2026-03-22,Mobile,Referral,Mumbai,1,0,0,0,0,0,0,12.7
U02070,2026-01-24,Mobile,Organic Search,Pune,1,1,0,0,0,0,0,3.8
U02071,2026-01-21,Desktop,Social Media,Mumbai,1,0,0,0,0,0,0,4.1
U02072,2026-02-04,Mobile,Organic Search,Other,1,0,0,0,0,0,0,7.4
U02073,2026-02-06,Mobile,Paid Search,Hyderabad,1,0,0,0,0,0,0,7.6
U02074,2026-01-11,Desktop,Direct,Chennai,1,0,0,0,0,0,0,11.6
U02075,2026-02-01,Desktop,Organic Search,Other,1,0,0,0,0,0,0,2.1
U02076,2026-01-26,Desktop,Email,Bengaluru,1,1,1,1,1,1,5882.84,13.1
U02077,2026-01-18,Mobile,Social Media,Delhi,1,0,0,0,0,0,0,7.1
U02078,2026-03-17,Mobile,Organic Search,Hyderabad,1,1,1,1,0,0,0,6.1
U02079,2026-01-20,Tablet,Paid Search,Delhi,1,0,0,0,0,0,0,6.5
U02080,2026-02-03,Desktop,Social Media,Other,1,0,0,0,0,0,0,4.2
U02081,2026-02-23,Mobile,Organic Search,Chennai,1,1,0,0,0,0,0,3.1
U02082,2026-03-06,Mobile,Referral,Hyderabad,1,0,0,0,0,0,0,13.4
U02083,2026-03-20,Mobile,Direct,Hyderabad,1,1,0,0,0,0,0,3.9
U02084,2026-01-14,Desktop,Organic Search,Pune,1,1,1,0,0,0,0,5.1
U02085,2026-02-12,Mobile,Organic Search,Delhi,1,1,0,0,0,0,0,13.1
U02086,2026-01-27,Mobile,Social Media,Hyderabad,1,0,0,0,0,0,0,8.8
U02087,2026-03-08,Mobile,Email,Hyderabad,1,1,0,0,0,0,0,8.9
U02088,2026-01-02,Desktop,Paid Search,Pune,1,1,1,0,0,0,0,3.1
U02089,2026-03-17,Desktop,Organic Search,Pune,1,1,0,0,0,0,0,21.9
U02090,2026-03-04,Mobile,Social Media,Hyderabad,1,1,0,0,0,0,0,2.8
U02091,2026-02-20,Desktop,Direct,Bengaluru,1,1,0,0,0,0,0,6.3
U02092,2026-03-28,Tablet,Paid Search,Delhi,1,1,1,0,0,0,0,12.6
U02093,2026-02-18,Mobile,Paid Search,Mumbai,1,0,0,0,0,0,0,2.8
U02094,2026-03-14,Mobile,Direct,Other,1,1,0,0,0,0,0,26
U02095,2026-01-15,Mobile,Email,Chennai,1,0,0,0,0,0,0,13.5
U02096,2026-01-01,Desktop,Email,Delhi,1,0,0,0,0,0,0,9.6
U02097,2026-02-06,Mobile,Social Media,Chennai,1,0,0,0,0,0,0,5.8
U02098,2026-01-10,Desktop,Direct,Other,1,1,0,0,0,0,0,5.3
U02099,2026-01-21,Desktop,Email,Chennai,1,1,1,1,1,1,6273.52,3.8
U02100,2026-02-04,Mobile,Direct,Bengaluru,1,1,0,0,0,0,0,3.5
U02101,2026-02-19,Desktop,Email,Bengaluru,1,1,1,1,0,0,0,14.3
U02102,2026-02-03,Mobile,Email,Pune,1,0,0,0,0,0,0,1.4
U02103,2026-03-16,Mobile,Paid Search,Chennai,1,0,0,0,0,0,0,2.6
U02104,2026-02-17,Desktop,Paid Search,Bengaluru,1,0,0,0,0,0,0,2.4
U02105,2026-02-23,Desktop,Referral,Mumbai,1,0,0,0,0,0,0,2.9
U02106,2026-03-09,Mobile,Paid Search,Hyderabad,1,1,0,0,0,0,0,15.3
U02107,2026-03-15,Desktop,Social Media,Hyderabad,1,1,1,1,1,1,1597.74,8.2
U02108,2026-01-10,Desktop,Organic Search,Bengaluru,1,0,0,0,0,0,0,18.4
U02109,2026-01-31,Mobile,Referral,Mumbai,1,0,0,0,0,0,0,8.7
U02110,2026-01-11,Tablet,Organic Search,Delhi,1,0,0,0,0,0,0,5.3
U02111,2026-01-04,Mobile,Referral,Pune,1,0,0,0,0,0,0,15.4
U02112,2026-03-28,Mobile,Social Media,Other,1,0,0,0,0,0,0,8.8
U02113,2026-03-16,Mobile,Organic Search,Chennai,1,0,0,0,0,0,0,9.3
U02114,2026-01-05,Desktop,Social Media,Delhi,1,0,0,0,0,0,0,7.3
U02115,2026-01-22,Desktop,Paid Search,Hyderabad,1,1,1,0,0,0,0,19.4
U02116,2026-02-08,Mobile,Paid Search,Hyderabad,1,0,0,0,0,0,0,12
U02117,2026-02-10,Mobile,Paid Search,Hyderabad,1,1,1,0,0,0,0,12.3
U02118,2026-01-11,Mobile,Organic Search,Chennai,1,1,0,0,0,0,0,7.1
U02119,2026-02-27,Mobile,Direct,Bengaluru,1,0,0,0,0,0,0,17.6
U02120,2026-01-11,Desktop,Organic Search,Bengaluru,1,1,1,0,0,0,0,20.3
U02121,2026-02-17,Desktop,Email,Mumbai,1,1,1,0,0,0,0,3.7
U02122,2026-03-13,Mobile,Paid Search,Bengaluru,1,0,0,0,0,0,0,3.1
U02123,2026-02-22,Tablet,Email,Mumbai,1,0,0,0,0,0,0,6.5
U02124,2026-02-26,Mobile,Paid Search,Chennai,1,1,1,0,0,0,0,10.7
U02125,2026-02-09,Tablet,Email,Hyderabad,1,0,0,0,0,0,0,4.5
U02126,2026-02-18,Desktop,Email,Hyderabad,1,0,0,0,0,0,0,3.3
U02127,2026-03-03,Desktop,Email,Bengaluru,1,0,0,0,0,0,0,14.7
U02128,2026-03-02,Mobile,Organic Search,Hyderabad,1,0,0,0,0,0,0,8.4
U02129,2026-02-21,Desktop,Email,Mumbai,1,1,0,0,0,0,0,8.4
U02130,2026-01-28,Mobile,Paid Search,Delhi,1,1,1,0,0,0,0,15.5
U02131,2026-03-07,Mobile,Organic Search,Bengaluru,1,1,1,1,0,0,0,8.1
U02132,2026-03-18,Mobile,Paid Search,Chennai,1,0,0,0,0,0,0,5.6
U02133,2026-02-11,Mobile,Paid Search,Pune,1,1,1,0,0,0,0,4.8
U02134,2026-03-19,Mobile,Social Media,Bengaluru,1,1,1,0,0,0,0,4.3
U02135,2026-03-10,Desktop,Email,Hyderabad,1,1,1,0,0,0,0,19.7
U02136,2026-02-04,Desktop,Paid Search,Chennai,1,0,0,0,0,0,0,2.2
U02137,2026-01-09,Mobile,Paid Search,Mumbai,1,0,0,0,0,0,0,5.2
U02138,2026-01-07,Desktop,Organic Search,Mumbai,1,1,1,1,0,0,0,3.5
U02139,2026-02-26,Mobile,Email,Delhi,1,0,0,0,0,0,0,8.1
U02140,2026-02-05,Desktop,Social Media,Hyderabad,1,1,0,0,0,0,0,7.9
U02141,2026-02-04,Desktop,Paid Search,Chennai,1,1,1,0,0,0,0,8.8
U02142,2026-01-14,Mobile,Email,Bengaluru,1,0,0,0,0,0,0,12.2
U02143,2026-03-15,Desktop,Social Media,Delhi,1,1,1,1,1,1,2204.36,6.6
U02144,2026-03-22,Mobile,Social Media,Pune,1,0,0,0,0,0,0,5.2
U02145,2026-03-15,Mobile,Social Media,Bengaluru,1,1,1,0,0,0,0,5.2
U02146,2026-02-01,Desktop,Email,Hyderabad,1,1,1,0,0,0,0,5.5
U02147,2026-01-24,Mobile,Email,Bengaluru,1,1,1,0,0,0,0,4.3
U02148,2026-02-08,Mobile,Paid Search,Hyderabad,1,1,1,1,1,1,7653,3.3
U02149,2026-03-25,Mobile,Organic Search,Bengaluru,1,0,0,0,0,0,0,10.7
U02150,2026-02-03,Desktop,Organic Search,Mumbai,1,1,1,1,0,0,0,2.4
U02151,2026-02-08,Mobile,Email,Other,1,1,1,1,1,0,0,2.4
U02152,2026-02-09,Mobile,Direct,Chennai,1,0,0,0,0,0,0,20.2
U02153,2026-01-15,Desktop,Paid Search,Bengaluru,1,0,0,0,0,0,0,0.7
U02154,2026-02-18,Desktop,Organic Search,Hyderabad,1,1,1,1,1,0,0,14.5
U02155,2026-03-01,Mobile,Referral,Hyderabad,1,0,0,0,0,0,0,13.4
U02156,2026-01-14,Mobile,Referral,Hyderabad,1,1,1,0,0,0,0,10.5
U02157,2026-01-15,Mobile,Direct,Delhi,1,0,0,0,0,0,0,3.8
U02158,2026-01-12,Mobile,Social Media,Hyderabad,1,0,0,0,0,0,0,6.8
U02159,2026-01-18,Mobile,Direct,Other,1,0,0,0,0,0,0,3.9
U02160,2026-01-15,Desktop,Organic Search,Mumbai,1,1,1,0,0,0,0,6.8
U02161,2026-01-06,Desktop,Organic Search,Mumbai,1,1,1,1,1,1,1913.63,8.8
U02162,2026-03-02,Desktop,Organic Search,Bengaluru,1,0,0,0,0,0,0,25.7
U02163,2026-01-08,Mobile,Email,Delhi,1,1,1,1,0,0,0,3
U02164,2026-02-19,Desktop,Organic Search,Chennai,1,1,1,1,1,1,3857.71,3.6
U02165,2026-01-18,Mobile,Social Media,Bengaluru,1,1,0,0,0,0,0,3.9
U02166,2026-03-08,Tablet,Social Media,Bengaluru,1,1,0,0,0,0,0,13.9
U02167,2026-01-24,Desktop,Paid Search,Other,1,0,0,0,0,0,0,2.5
U02168,2026-03-29,Mobile,Direct,Bengaluru,1,0,0,0,0,0,0,5.7
U02169,2026-02-09,Desktop,Organic Search,Chennai,1,0,0,0,0,0,0,11.4
U02170,2026-01-24,Mobile,Paid Search,Bengaluru,1,0,0,0,0,0,0,4.9
U02171,2026-02-25,Desktop,Referral,Hyderabad,1,0,0,0,0,0,0,8.9
U02172,2026-02-14,Mobile,Organic Search,Hyderabad,1,0,0,0,0,0,0,4.4
U02173,2026-01-12,Mobile,Email,Hyderabad,1,1,1,0,0,0,0,12.4
U02174,2026-02-08,Desktop,Referral,Delhi,1,0,0,0,0,0,0,12.9
U02175,2026-01-29,Mobile,Direct,Chennai,1,1,1,1,0,0,0,9.9
U02176,2026-01-01,Desktop,Direct,Delhi,1,1,1,1,1,1,3428.53,19.4
U02177,2026-01-01,Mobile,Paid Search,Delhi,1,1,1,0,0,0,0,9.2
U02178,2026-02-06,Desktop,Social Media,Hyderabad,1,1,1,0,0,0,0,4.6
U02179,2026-01-12,Desktop,Organic Search,Mumbai,1,1,0,0,0,0,0,5.2
U02180,2026-03-09,Mobile,Paid Search,Delhi,1,0,0,0,0,0,0,1.5
U02181,2026-03-12,Mobile,Organic Search,Mumbai,1,1,1,0,0,0,0,1.9
U02182,2026-02-17,Mobile,Paid Search,Mumbai,1,0,0,0,0,0,0,14.8
U02183,2026-02-09,Mobile,Direct,Delhi,1,1,0,0,0,0,0,3.5
U02184,2026-01-15,Mobile,Paid Search,Hyderabad,1,0,0,0,0,0,0,4.8
U02185,2026-01-26,Desktop,Social Media,Delhi,1,1,1,0,0,0,0,2.3
U02186,2026-02-24,Tablet,Paid Search,Bengaluru,1,0,0,0,0,0,0,2
U02187,2026-01-25,Desktop,Social Media,Mumbai,1,0,0,0,0,0,0,13.5
U02188,2026-02-11,Desktop,Direct,Bengaluru,1,1,1,0,0,0,0,5.6
U02189,2026-01-25,Desktop,Paid Search,Pune,1,1,1,0,0,0,0,14.9
U02190,2026-01-25,Desktop,Social Media,Chennai,1,0,0,0,0,0,0,2
U02191,2026-01-25,Mobile,Paid Search,Mumbai,1,1,1,0,0,0,0,12.8
U02192,2026-01-17,Desktop,Organic Search,Delhi,1,0,0,0,0,0,0,0.5
U02193,2026-03-16,Desktop,Social Media,Pune,1,1,1,0,0,0,0,5.9
U02194,2026-01-21,Mobile,Referral,Delhi,1,1,1,0,0,0,0,5.1
U02195,2026-02-27,Mobile,Organic Search,Hyderabad,1,0,0,0,0,0,0,2
U02196,2026-01-16,Mobile,Organic Search,Pune,1,0,0,0,0,0,0,9.6
U02197,2026-01-07,Mobile,Organic Search,Mumbai,1,0,0,0,0,0,0,9.2
U02198,2026-03-16,Desktop,Referral,Mumbai,1,0,0,0,0,0,0,1.6
U02199,2026-01-05,Mobile,Email,Other,1,1,1,0,0,0,0,2.5
U02200,2026-03-20,Mobile,Social Media,Bengaluru,1,1,1,0,0,0,0,18
U02201,2026-01-25,Tablet,Social Media,Bengaluru,1,1,1,0,0,0,0,7
U02202,2026-01-08,Mobile,Direct,Mumbai,1,0,0,0,0,0,0,15.2
U02203,2026-01-01,Mobile,Referral,Delhi,1,0,0,0,0,0,0,2.3
U02204,2026-03-03,Mobile,Referral,Chennai,1,0,0,0,0,0,0,8.9
U02205,2026-02-02,Desktop,Referral,Mumbai,1,1,1,0,0,0,0,9.9
U02206,2026-03-19,Desktop,Email,Chennai,1,0,0,0,0,0,0,5.1
U02207,2026-02-16,Mobile,Social Media,Mumbai,1,1,1,0,0,0,0,15.4
U02208,2026-03-01,Desktop,Direct,Pune,1,0,0,0,0,0,0,19.7
U02209,2026-02-12,Mobile,Direct,Hyderabad,1,1,1,0,0,0,0,13.1
U02210,2026-01-05,Desktop,Organic Search,Delhi,1,0,0,0,0,0,0,5.5
U02211,2026-03-31,Desktop,Organic Search,Delhi,1,1,0,0,0,0,0,3.2
U02212,2026-01-22,Desktop,Direct,Chennai,1,1,1,0,0,0,0,14
U02213,2026-03-04,Mobile,Paid Search,Bengaluru,1,1,1,1,1,1,7010.02,6.2
U02214,2026-01-02,Tablet,Direct,Hyderabad,1,1,0,0,0,0,0,6
U02215,2026-01-03,Desktop,Paid Search,Delhi,1,0,0,0,0,0,0,2.3
U02216,2026-01-01,Mobile,Organic Search,Bengaluru,1,0,0,0,0,0,0,4.4
U02217,2026-01-11,Desktop,Organic Search,Bengaluru,1,1,1,1,1,0,0,2.4
U02218,2026-03-10,Mobile,Organic Search,Bengaluru,1,0,0,0,0,0,0,5.8
U02219,2026-01-17,Desktop,Organic Search,Chennai,1,1,1,0,0,0,0,4.5
U02220,2026-01-01,Mobile,Social Media,Delhi,1,1,0,0,0,0,0,5.1
U02221,2026-02-02,Desktop,Email,Delhi,1,0,0,0,0,0,0,14.1
U02222,2026-02-15,Mobile,Direct,Chennai,1,1,1,0,0,0,0,13.2
U02223,2026-01-30,Mobile,Paid Search,Delhi,1,1,0,0,0,0,0,1
U02224,2026-03-18,Mobile,Social Media,Delhi,1,1,1,0,0,0,0,2.3
U02225,2026-02-21,Mobile,Social Media,Bengaluru,1,1,0,0,0,0,0,7.7
U02226,2026-01-09,Mobile,Social Media,Hyderabad,1,0,0,0,0,0,0,4.6
U02227,2026-03-13,Mobile,Social Media,Pune,1,1,1,1,1,1,2660.07,2.7
U02228,2026-03-16,Mobile,Organic Search,Delhi,1,0,0,0,0,0,0,9.7
U02229,2026-01-03,Mobile,Organic Search,Mumbai,1,1,1,1,0,0,0,2.1
U02230,2026-02-17,Mobile,Organic Search,Hyderabad,1,0,0,0,0,0,0,2.9
U02231,2026-01-26,Desktop,Organic Search,Pune,1,0,0,0,0,0,0,3.9
U02232,2026-03-25,Mobile,Email,Mumbai,1,1,1,0,0,0,0,5.5
U02233,2026-02-22,Desktop,Organic Search,Pune,1,0,0,0,0,0,0,5.3
U02234,2026-01-12,Desktop,Direct,Other,1,1,0,0,0,0,0,7.8
U02235,2026-03-07,Desktop,Direct,Other,1,0,0,0,0,0,0,13.6
U02236,2026-03-24,Mobile,Direct,Pune,1,0,0,0,0,0,0,7.9
U02237,2026-03-06,Desktop,Direct,Hyderabad,1,0,0,0,0,0,0,5.2
U02238,2026-01-23,Mobile,Paid Search,Pune,1,0,0,0,0,0,0,8
U02239,2026-01-06,Mobile,Social Media,Hyderabad,1,1,0,0,0,0,0,8.9
U02240,2026-02-12,Mobile,Organic Search,Pune,1,0,0,0,0,0,0,6.5
U02241,2026-03-24,Desktop,Referral,Bengaluru,1,0,0,0,0,0,0,4.1
U02242,2026-03-24,Mobile,Direct,Mumbai,1,0,0,0,0,0,0,15.2
U02243,2026-02-28,Mobile,Direct,Hyderabad,1,0,0,0,0,0,0,5.7
U02244,2026-03-02,Tablet,Paid Search,Delhi,1,0,0,0,0,0,0,5.3
U02245,2026-02-11,Desktop,Referral,Hyderabad,1,1,0,0,0,0,0,11.4
U02246,2026-03-06,Mobile,Organic Search,Chennai,1,1,1,0,0,0,0,5.2
U02247,2026-01-24,Mobile,Organic Search,Pune,1,1,0,0,0,0,0,3.3
U02248,2026-02-04,Desktop,Referral,Delhi,1,1,1,1,0,0,0,9
U02249,2026-01-25,Mobile,Paid Search,Hyderabad,1,1,1,0,0,0,0,8.3
U02250,2026-01-15,Mobile,Direct,Chennai,1,0,0,0,0,0,0,7
U02251,2026-01-27,Mobile,Organic Search,Hyderabad,1,0,0,0,0,0,0,3.9
U02252,2026-01-15,Desktop,Direct,Delhi,1,1,1,0,0,0,0,11
U02253,2026-01-16,Desktop,Social Media,Other,1,1,1,0,0,0,0,3.6
U02254,2026-03-03,Desktop,Referral,Mumbai,1,0,0,0,0,0,0,9.7
U02255,2026-02-25,Desktop,Referral,Bengaluru,1,1,1,1,1,1,3308.94,13.9
U02256,2026-01-22,Mobile,Direct,Bengaluru,1,1,1,0,0,0,0,5.5
U02257,2026-03-28,Mobile,Paid Search,Other,1,1,0,0,0,0,0,8.4
U02258,2026-03-06,Mobile,Direct,Bengaluru,1,0,0,0,0,0,0,5.8
U02259,2026-01-17,Mobile,Organic Search,Mumbai,1,1,0,0,0,0,0,5
U02260,2026-02-28,Mobile,Organic Search,Chennai,1,1,1,1,0,0,0,3.4
U02261,2026-01-11,Desktop,Paid Search,Delhi,1,0,0,0,0,0,0,15.3
U02262,2026-01-02,Mobile,Referral,Pune,1,1,1,1,0,0,0,12.6
U02263,2026-02-27,Desktop,Social Media,Bengaluru,1,1,1,0,0,0,0,29.7
U02264,2026-03-11,Mobile,Referral,Delhi,1,0,0,0,0,0,0,6.8
U02265,2026-01-12,Mobile,Email,Mumbai,1,1,0,0,0,0,0,0.9
U02266,2026-02-24,Desktop,Organic Search,Bengaluru,1,0,0,0,0,0,0,9.3
U02267,2026-01-03,Mobile,Direct,Bengaluru,1,1,1,0,0,0,0,4.8
U02268,2026-03-18,Desktop,Organic Search,Mumbai,1,1,1,0,0,0,0,10.2
U02269,2026-03-07,Mobile,Direct,Hyderabad,1,0,0,0,0,0,0,8
U02270,2026-03-07,Mobile,Paid Search,Pune,1,0,0,0,0,0,0,9.4
U02271,2026-01-01,Mobile,Social Media,Hyderabad,1,1,1,0,0,0,0,32.1
U02272,2026-03-21,Mobile,Paid Search,Hyderabad,1,1,0,0,0,0,0,8.8
U02273,2026-03-06,Mobile,Organic Search,Bengaluru,1,0,0,0,0,0,0,6.8
U02274,2026-01-31,Desktop,Paid Search,Hyderabad,1,1,1,1,1,1,1925.62,6.2
U02275,2026-01-18,Tablet,Organic Search,Chennai,1,0,0,0,0,0,0,2.1
U02276,2026-02-15,Mobile,Organic Search,Chennai,1,0,0,0,0,0,0,6.9
U02277,2026-01-26,Desktop,Organic Search,Delhi,1,1,1,0,0,0,0,4.5
U02278,2026-01-24,Mobile,Social Media,Other,1,1,0,0,0,0,0,5.4
U02279,2026-02-10,Desktop,Referral,Delhi,1,1,1,1,1,0,0,3.8
U02280,2026-01-30,Mobile,Social Media,Hyderabad,1,0,0,0,0,0,0,4
U02281,2026-01-08,Mobile,Direct,Other,1,0,0,0,0,0,0,5.2
U02282,2026-03-09,Mobile,Email,Chennai,1,1,1,0,0,0,0,7.6
U02283,2026-02-15,Mobile,Email,Chennai,1,0,0,0,0,0,0,9.4
U02284,2026-03-01,Mobile,Email,Chennai,1,0,0,0,0,0,0,10.5
U02285,2026-02-15,Mobile,Paid Search,Bengaluru,1,1,1,0,0,0,0,6.6
U02286,2026-03-30,Mobile,Email,Pune,1,1,0,0,0,0,0,11.4
U02287,2026-03-31,Tablet,Organic Search,Bengaluru,1,0,0,0,0,0,0,12.3
U02288,2026-03-15,Mobile,Direct,Mumbai,1,0,0,0,0,0,0,14.9
U02289,2026-01-01,Mobile,Referral,Bengaluru,1,1,1,1,1,1,1755.42,5.9
U02290,2026-03-03,Mobile,Organic Search,Delhi,1,1,1,0,0,0,0,9.7
U02291,2026-02-15,Mobile,Referral,Delhi,1,0,0,0,0,0,0,4.5
U02292,2026-01-19,Mobile,Organic Search,Bengaluru,1,0,0,0,0,0,0,2.8
U02293,2026-01-03,Mobile,Organic Search,Delhi,1,0,0,0,0,0,0,4
U02294,2026-03-27,Mobile,Organic Search,Delhi,1,1,1,1,0,0,0,7.7
U02295,2026-02-27,Mobile,Referral,Mumbai,1,0,0,0,0,0,0,1.8
U02296,2026-03-31,Mobile,Referral,Mumbai,1,1,1,0,0,0,0,5.6
U02297,2026-03-20,Mobile,Referral,Mumbai,1,0,0,0,0,0,0,3
U02298,2026-03-04,Mobile,Organic Search,Hyderabad,1,0,0,0,0,0,0,4.1
U02299,2026-03-18,Mobile,Social Media,Delhi,1,1,1,1,1,0,0,6.5
U02300,2026-01-10,Mobile,Email,Chennai,1,0,0,0,0,0,0,8
U02301,2026-02-23,Desktop,Organic Search,Chennai,1,1,1,1,1,0,0,7
U02302,2026-01-18,Mobile,Email,Pune,1,0,0,0,0,0,0,5.8
U02303,2026-03-10,Mobile,Organic Search,Hyderabad,1,0,0,0,0,0,0,1.9
U02304,2026-02-28,Mobile,Organic Search,Bengaluru,1,0,0,0,0,0,0,20.1
U02305,2026-02-13,Tablet,Social Media,Hyderabad,1,0,0,0,0,0,0,16.3
U02306,2026-02-18,Mobile,Email,Hyderabad,1,0,0,0,0,0,0,4
U02307,2026-02-25,Mobile,Organic Search,Bengaluru,1,1,1,0,0,0,0,3.2
U02308,2026-01-20,Mobile,Organic Search,Other,1,1,1,0,0,0,0,15
U02309,2026-01-24,Mobile,Organic Search,Bengaluru,1,1,1,0,0,0,0,11
U02310,2026-03-20,Mobile,Organic Search,Delhi,1,0,0,0,0,0,0,11
U02311,2026-02-09,Mobile,Organic Search,Hyderabad,1,0,0,0,0,0,0,7.9
U02312,2026-02-27,Desktop,Paid Search,Mumbai,1,0,0,0,0,0,0,7.5
U02313,2026-01-23,Mobile,Email,Other,1,1,0,0,0,0,0,2.6
U02314,2026-02-10,Desktop,Paid Search,Bengaluru,1,0,0,0,0,0,0,4.6
U02315,2026-02-28,Tablet,Referral,Pune,1,0,0,0,0,0,0,2.3
U02316,2026-01-14,Mobile,Email,Other,1,0,0,0,0,0,0,3.7
U02317,2026-02-12,Mobile,Organic Search,Mumbai,1,0,0,0,0,0,0,9.5
U02318,2026-01-11,Mobile,Organic Search,Bengaluru,1,0,0,0,0,0,0,4.8
U02319,2026-03-27,Mobile,Direct,Delhi,1,0,0,0,0,0,0,12.4
U02320,2026-01-31,Mobile,Organic Search,Pune,1,0,0,0,0,0,0,3.7
U02321,2026-01-17,Desktop,Organic Search,Hyderabad,1,0,0,0,0,0,0,5.6
U02322,2026-03-23,Desktop,Organic Search,Chennai,1,1,0,0,0,0,0,6.2
U02323,2026-02-22,Mobile,Social Media,Bengaluru,1,1,1,1,1,1,2799.28,7.7
U02324,2026-02-15,Mobile,Social Media,Bengaluru,1,1,1,1,1,0,0,6.2
U02325,2026-03-19,Desktop,Direct,Pune,1,0,0,0,0,0,0,9.5
U02326,2026-01-25,Tablet,Direct,Chennai,1,0,0,0,0,0,0,4.2
U02327,2026-01-25,Desktop,Paid Search,Bengaluru,1,1,1,0,0,0,0,2.5
U02328,2026-02-24,Mobile,Paid Search,Mumbai,1,0,0,0,0,0,0,8.3
U02329,2026-01-22,Desktop,Paid Search,Bengaluru,1,0,0,0,0,0,0,4.9
U02330,2026-03-31,Mobile,Organic Search,Bengaluru,1,1,1,0,0,0,0,3.1
U02331,2026-02-11,Mobile,Organic Search,Mumbai,1,1,1,1,1,0,0,17
U02332,2026-01-12,Mobile,Organic Search,Chennai,1,1,0,0,0,0,0,8.6
U02333,2026-02-24,Mobile,Organic Search,Bengaluru,1,1,1,1,1,1,1628.46,5.9
U02334,2026-02-12,Desktop,Organic Search,Hyderabad,1,1,1,1,0,0,0,1.6
U02335,2026-02-07,Mobile,Paid Search,Mumbai,1,1,1,1,0,0,0,8.3
U02336,2026-01-05,Mobile,Direct,Pune,1,0,0,0,0,0,0,14.1
U02337,2026-02-23,Mobile,Social Media,Pune,1,1,1,1,1,1,1146.58,13.4
U02338,2026-01-17,Mobile,Direct,Bengaluru,1,1,1,0,0,0,0,15.6
U02339,2026-03-26,Mobile,Paid Search,Mumbai,1,0,0,0,0,0,0,4.8
U02340,2026-01-17,Mobile,Social Media,Pune,1,0,0,0,0,0,0,7.2
U02341,2026-02-01,Desktop,Paid Search,Chennai,1,0,0,0,0,0,0,6.9
U02342,2026-03-03,Mobile,Organic Search,Other,1,1,1,0,0,0,0,6.5
U02343,2026-02-03,Mobile,Organic Search,Other,1,1,1,1,1,0,0,8
U02344,2026-02-28,Mobile,Direct,Bengaluru,1,0,0,0,0,0,0,7.7
U02345,2026-03-10,Tablet,Direct,Bengaluru,1,0,0,0,0,0,0,5.8
U02346,2026-03-31,Desktop,Organic Search,Hyderabad,1,1,1,1,0,0,0,7.2
U02347,2026-01-04,Desktop,Organic Search,Hyderabad,1,1,1,1,1,0,0,12.5
U02348,2026-03-25,Mobile,Paid Search,Other,1,0,0,0,0,0,0,18.7
U02349,2026-03-13,Mobile,Organic Search,Other,1,0,0,0,0,0,0,13.3
U02350,2026-03-11,Mobile,Paid Search,Hyderabad,1,0,0,0,0,0,0,8.1
U02351,2026-03-22,Desktop,Organic Search,Mumbai,1,0,0,0,0,0,0,2.9
U02352,2026-03-30,Desktop,Social Media,Mumbai,1,1,1,1,0,0,0,3.7
U02353,2026-01-04,Mobile,Paid Search,Chennai,1,0,0,0,0,0,0,13.3
U02354,2026-01-14,Desktop,Paid Search,Mumbai,1,0,0,0,0,0,0,11.4
U02355,2026-03-22,Desktop,Organic Search,Other,1,1,1,0,0,0,0,10.6
U02356,2026-03-01,Mobile,Paid Search,Hyderabad,1,0,0,0,0,0,0,8.1
U02357,2026-03-20,Desktop,Direct,Hyderabad,1,1,1,0,0,0,0,7.8
U02358,2026-03-30,Mobile,Paid Search,Hyderabad,1,0,0,0,0,0,0,2
U02359,2026-02-20,Mobile,Direct,Bengaluru,1,0,0,0,0,0,0,2.1
U02360,2026-01-13,Mobile,Referral,Bengaluru,1,0,0,0,0,0,0,7.3
U02361,2026-03-15,Mobile,Direct,Chennai,1,0,0,0,0,0,0,21.5
U02362,2026-01-30,Mobile,Referral,Chennai,1,0,0,0,0,0,0,15.3
U02363,2026-03-23,Mobile,Email,Delhi,1,0,0,0,0,0,0,8.1
U02364,2026-03-08,Mobile,Direct,Chennai,1,1,0,0,0,0,0,3.8
U02365,2026-01-18,Mobile,Organic Search,Bengaluru,1,0,0,0,0,0,0,6.4
U02366,2026-01-21,Mobile,Social Media,Pune,1,0,0,0,0,0,0,11.3
U02367,2026-03-30,Mobile,Direct,Pune,1,1,1,1,0,0,0,22.6
U02368,2026-02-13,Mobile,Referral,Bengaluru,1,0,0,0,0,0,0,16.1
U02369,2026-02-26,Mobile,Direct,Bengaluru,1,1,1,0,0,0,0,3.9
U02370,2026-02-25,Desktop,Referral,Pune,1,0,0,0,0,0,0,11.3
U02371,2026-02-16,Desktop,Direct,Hyderabad,1,0,0,0,0,0,0,17.6
U02372,2026-01-07,Desktop,Email,Bengaluru,1,0,0,0,0,0,0,9.8
U02373,2026-03-10,Desktop,Referral,Chennai,1,0,0,0,0,0,0,13.3
U02374,2026-03-14,Mobile,Social Media,Hyderabad,1,1,1,1,1,1,4637.2,5.4
U02375,2026-03-06,Desktop,Direct,Hyderabad,1,0,0,0,0,0,0,4.4
U02376,2026-01-19,Mobile,Referral,Chennai,1,1,1,1,1,1,1948.16,10.1
U02377,2026-02-10,Mobile,Referral,Delhi,1,1,1,0,0,0,0,1.6
U02378,2026-03-07,Desktop,Email,Pune,1,0,0,0,0,0,0,2.8
U02379,2026-03-23,Mobile,Paid Search,Other,1,1,1,0,0,0,0,2.8
U02380,2026-01-17,Desktop,Organic Search,Hyderabad,1,0,0,0,0,0,0,2
U02381,2026-02-27,Desktop,Direct,Bengaluru,1,1,1,1,0,0,0,5
U02382,2026-03-09,Desktop,Social Media,Delhi,1,1,1,1,1,0,0,4.5
U02383,2026-02-16,Desktop,Paid Search,Mumbai,1,0,0,0,0,0,0,3.8
U02384,2026-03-06,Mobile,Organic Search,Bengaluru,1,0,0,0,0,0,0,6.4
U02385,2026-01-14,Mobile,Referral,Bengaluru,1,0,0,0,0,0,0,2.1
U02386,2026-03-18,Mobile,Referral,Bengaluru,1,0,0,0,0,0,0,6.8
U02387,2026-01-16,Mobile,Referral,Chennai,1,0,0,0,0,0,0,8.6
U02388,2026-02-02,Mobile,Email,Hyderabad,1,1,0,0,0,0,0,6.9
U02389,2026-01-05,Desktop,Paid Search,Other,1,0,0,0,0,0,0,6.2
U02390,2026-02-25,Desktop,Paid Search,Hyderabad,1,0,0,0,0,0,0,4.5
U02391,2026-02-06,Mobile,Organic Search,Other,1,0,0,0,0,0,0,5.5
U02392,2026-01-12,Mobile,Referral,Pune,1,0,0,0,0,0,0,11.5
U02393,2026-03-14,Mobile,Organic Search,Chennai,1,0,0,0,0,0,0,2.7
U02394,2026-03-06,Mobile,Email,Delhi,1,0,0,0,0,0,0,14.9
U02395,2026-02-06,Desktop,Social Media,Delhi,1,0,0,0,0,0,0,4.3
U02396,2026-03-23,Mobile,Social Media,Bengaluru,1,0,0,0,0,0,0,6
U02397,2026-03-06,Mobile,Direct,Bengaluru,1,1,1,0,0,0,0,7
U02398,2026-02-16,Mobile,Organic Search,Mumbai,1,1,1,0,0,0,0,5.1
U02399,2026-01-07,Desktop,Referral,Mumbai,1,0,0,0,0,0,0,3.2
U02400,2026-01-23,Desktop,Organic Search,Mumbai,1,1,1,1,0,0,0,9.7
U02401,2026-01-17,Mobile,Organic Search,Chennai,1,0,0,0,0,0,0,14.4
U02402,2026-02-11,Mobile,Paid Search,Chennai,1,1,1,0,0,0,0,0.8
U02403,2026-03-03,Mobile,Organic Search,Chennai,1,0,0,0,0,0,0,3.9
U02404,2026-02-23,Mobile,Referral,Chennai,1,1,1,0,0,0,0,9.7
U02405,2026-02-13,Desktop,Social Media,Mumbai,1,1,1,0,0,0,0,7.8
U02406,2026-02-18,Mobile,Organic Search,Pune,1,1,1,1,1,1,4143.06,0.9
U02407,2026-01-31,Mobile,Organic Search,Mumbai,1,1,1,0,0,0,0,19
U02408,2026-02-12,Mobile,Social Media,Delhi,1,1,1,1,1,0,0,13.6
U02409,2026-01-10,Tablet,Referral,Mumbai,1,0,0,0,0,0,0,8.7
U02410,2026-02-18,Mobile,Paid Search,Mumbai,1,1,1,1,0,0,0,5.5
U02411,2026-01-12,Desktop,Social Media,Mumbai,1,0,0,0,0,0,0,4.9
U02412,2026-02-06,Mobile,Referral,Hyderabad,1,0,0,0,0,0,0,9.8
U02413,2026-02-02,Mobile,Social Media,Other,1,0,0,0,0,0,0,10.4
U02414,2026-02-13,Mobile,Organic Search,Hyderabad,1,1,1,1,1,1,3996.31,8.4
U02415,2026-02-02,Mobile,Social Media,Chennai,1,0,0,0,0,0,0,5.3
U02416,2026-02-14,Tablet,Social Media,Hyderabad,1,1,1,0,0,0,0,10.6
U02417,2026-02-16,Mobile,Email,Hyderabad,1,1,1,1,1,0,0,9.6
U02418,2026-03-13,Mobile,Social Media,Delhi,1,0,0,0,0,0,0,18.3
U02419,2026-03-17,Mobile,Direct,Chennai,1,0,0,0,0,0,0,8.4
U02420,2026-02-22,Mobile,Organic Search,Pune,1,1,1,0,0,0,0,5.4
U02421,2026-01-27,Mobile,Direct,Bengaluru,1,1,1,0,0,0,0,3.5
U02422,2026-02-28,Mobile,Social Media,Bengaluru,1,0,0,0,0,0,0,5.1
U02423,2026-03-16,Desktop,Email,Bengaluru,1,0,0,0,0,0,0,1.7
U02424,2026-02-19,Mobile,Organic Search,Mumbai,1,0,0,0,0,0,0,6.1
U02425,2026-03-15,Mobile,Paid Search,Pune,1,0,0,0,0,0,0,5.1
U02426,2026-01-20,Desktop,Referral,Chennai,1,0,0,0,0,0,0,30
U02427,2026-02-25,Mobile,Email,Bengaluru,1,1,1,1,1,1,1858.84,7
U02428,2026-01-18,Tablet,Organic Search,Other,1,1,1,1,0,0,0,15.3
U02429,2026-03-21,Mobile,Social Media,Hyderabad,1,1,1,1,0,0,0,7.7
U02430,2026-03-06,Desktop,Organic Search,Chennai,1,0,0,0,0,0,0,10.4
U02431,2026-03-20,Mobile,Direct,Chennai,1,0,0,0,0,0,0,10.4
U02432,2026-02-23,Desktop,Direct,Hyderabad,1,1,1,0,0,0,0,12.1
U02433,2026-01-05,Tablet,Organic Search,Bengaluru,1,1,0,0,0,0,0,2.8
U02434,2026-01-15,Mobile,Direct,Hyderabad,1,0,0,0,0,0,0,3.9
U02435,2026-03-03,Tablet,Direct,Pune,1,1,1,1,0,0,0,6.2
U02436,2026-03-27,Mobile,Paid Search,Mumbai,1,1,1,0,0,0,0,2.3
U02437,2026-02-07,Mobile,Email,Pune,1,1,1,0,0,0,0,3.2
U02438,2026-02-14,Mobile,Paid Search,Mumbai,1,0,0,0,0,0,0,5.5
U02439,2026-03-30,Mobile,Email,Mumbai,1,1,0,0,0,0,0,11.9
U02440,2026-03-02,Mobile,Paid Search,Delhi,1,0,0,0,0,0,0,5.4
U02441,2026-02-21,Mobile,Paid Search,Other,1,1,1,0,0,0,0,6.6
U02442,2026-03-01,Mobile,Paid Search,Hyderabad,1,0,0,0,0,0,0,4.9
U02443,2026-01-24,Desktop,Organic Search,Bengaluru,1,0,0,0,0,0,0,5.1
U02444,2026-03-04,Desktop,Referral,Delhi,1,0,0,0,0,0,0,9.2
U02445,2026-03-01,Mobile,Paid Search,Other,1,0,0,0,0,0,0,6.2
U02446,2026-01-10,Mobile,Paid Search,Other,1,1,1,1,1,0,0,12.3
U02447,2026-02-15,Mobile,Direct,Mumbai,1,0,0,0,0,0,0,10.6
U02448,2026-03-09,Mobile,Social Media,Hyderabad,1,1,1,0,0,0,0,1.7
U02449,2026-01-06,Mobile,Social Media,Hyderabad,1,0,0,0,0,0,0,13.8
U02450,2026-03-14,Mobile,Direct,Other,1,0,0,0,0,0,0,13.5
U02451,2026-02-13,Mobile,Direct,Chennai,1,0,0,0,0,0,0,13.6
U02452,2026-03-19,Tablet,Organic Search,Hyderabad,1,0,0,0,0,0,0,1.5
U02453,2026-03-23,Mobile,Social Media,Other,1,1,1,0,0,0,0,3.3
U02454,2026-01-31,Mobile,Direct,Hyderabad,1,0,0,0,0,0,0,1.5
U02455,2026-02-04,Mobile,Paid Search,Delhi,1,1,0,0,0,0,0,11.6
U02456,2026-02-04,Mobile,Paid Search,Mumbai,1,0,0,0,0,0,0,6.6
U02457,2026-01-19,Mobile,Organic Search,Hyderabad,1,1,1,1,0,0,0,8.8
U02458,2026-02-02,Desktop,Organic Search,Bengaluru,1,0,0,0,0,0,0,4.6
U02459,2026-03-30,Mobile,Email,Hyderabad,1,1,1,0,0,0,0,1.9
U02460,2026-02-28,Mobile,Referral,Mumbai,1,1,1,0,0,0,0,5.1
U02461,2026-02-16,Tablet,Direct,Chennai,1,0,0,0,0,0,0,9
U02462,2026-03-12,Desktop,Referral,Hyderabad,1,0,0,0,0,0,0,11.6
U02463,2026-03-09,Desktop,Organic Search,Other,1,1,1,0,0,0,0,5.2
U02464,2026-01-02,Mobile,Organic Search,Bengaluru,1,1,0,0,0,0,0,9.3
U02465,2026-03-30,Desktop,Direct,Bengaluru,1,0,0,0,0,0,0,8.4
U02466,2026-01-25,Mobile,Paid Search,Bengaluru,1,1,0,0,0,0,0,4.8
U02467,2026-02-03,Mobile,Paid Search,Hyderabad,1,0,0,0,0,0,0,4.5
U02468,2026-02-22,Mobile,Direct,Other,1,0,0,0,0,0,0,20.9
U02469,2026-01-25,Mobile,Social Media,Bengaluru,1,1,0,0,0,0,0,24.3
U02470,2026-01-22,Mobile,Organic Search,Chennai,1,1,1,1,1,0,0,9.5
U02471,2026-02-06,Mobile,Direct,Pune,1,1,1,0,0,0,0,9.2
U02472,2026-01-01,Tablet,Direct,Mumbai,1,0,0,0,0,0,0,9.1
U02473,2026-02-01,Desktop,Organic Search,Bengaluru,1,0,0,0,0,0,0,4.2
U02474,2026-03-20,Desktop,Direct,Pune,1,1,1,1,1,1,2128.04,11.8
U02475,2026-02-17,Mobile,Paid Search,Delhi,1,1,0,0,0,0,0,7.1
U02476,2026-03-19,Desktop,Social Media,Bengaluru,1,1,1,0,0,0,0,14.1
U02477,2026-01-07,Mobile,Direct,Mumbai,1,0,0,0,0,0,0,7
U02478,2026-03-08,Desktop,Direct,Other,1,0,0,0,0,0,0,10.8
U02479,2026-03-07,Mobile,Paid Search,Chennai,1,0,0,0,0,0,0,5.9
U02480,2026-02-26,Desktop,Organic Search,Delhi,1,1,1,1,1,1,2238.05,7.5
U02481,2026-02-05,Mobile,Organic Search,Other,1,0,0,0,0,0,0,15.7
U02482,2026-03-15,Desktop,Social Media,Delhi,1,0,0,0,0,0,0,13.4
U02483,2026-01-13,Tablet,Organic Search,Hyderabad,1,1,0,0,0,0,0,8.4
U02484,2026-03-24,Mobile,Paid Search,Bengaluru,1,1,1,0,0,0,0,6.3
U02485,2026-02-13,Mobile,Organic Search,Mumbai,1,1,0,0,0,0,0,1.1
U02486,2026-03-23,Tablet,Paid Search,Bengaluru,1,1,1,1,1,0,0,7.8
U02487,2026-03-03,Mobile,Organic Search,Other,1,0,0,0,0,0,0,3.7
U02488,2026-03-09,Desktop,Referral,Chennai,1,1,1,0,0,0,0,3.2
U02489,2026-02-16,Mobile,Organic Search,Chennai,1,1,1,1,1,0,0,7.8
U02490,2026-01-30,Mobile,Paid Search,Delhi,1,1,0,0,0,0,0,2.9
U02491,2026-03-14,Mobile,Direct,Mumbai,1,0,0,0,0,0,0,8.8
U02492,2026-02-04,Mobile,Email,Chennai,1,0,0,0,0,0,0,16.9
U02493,2026-02-20,Desktop,Organic Search,Hyderabad,1,1,1,0,0,0,0,6.9
U02494,2026-02-22,Mobile,Organic Search,Mumbai,1,1,0,0,0,0,0,8.2
U02495,2026-01-10,Mobile,Email,Pune,1,1,1,0,0,0,0,12.9
U02496,2026-02-12,Mobile,Paid Search,Delhi,1,1,1,1,0,0,0,11.5
U02497,2026-01-01,Mobile,Referral,Chennai,1,0,0,0,0,0,0,9.7
U02498,2026-01-02,Desktop,Paid Search,Hyderabad,1,1,1,1,1,1,5767.31,2.1
U02499,2026-01-05,Tablet,Paid Search,Pune,1,1,1,1,0,0,0,4.9
U02500,2026-02-01,Mobile,Social Media,Other,1,1,0,0,0,0,0,7.4
U02501,2026-02-08,Desktop,Email,Chennai,1,1,0,0,0,0,0,9.1
U02502,2026-01-28,Desktop,Direct,Delhi,1,0,0,0,0,0,0,11.8
U02503,2026-03-12,Mobile,Organic Search,Chennai,1,1,0,0,0,0,0,4.9
U02504,2026-02-20,Tablet,Social Media,Chennai,1,0,0,0,0,0,0,5.3
U02505,2026-01-02,Mobile,Organic Search,Pune,1,1,0,0,0,0,0,13.7
U02506,2026-03-16,Mobile,Social Media,Hyderabad,1,1,0,0,0,0,0,16.2
U02507,2026-02-17,Desktop,Direct,Mumbai,1,1,0,0,0,0,0,12.2
U02508,2026-03-24,Mobile,Paid Search,Bengaluru,1,1,1,1,0,0,0,3.3
U02509,2026-01-27,Desktop,Direct,Bengaluru,1,0,0,0,0,0,0,1.8
U02510,2026-02-17,Desktop,Email,Mumbai,1,0,0,0,0,0,0,15.5
U02511,2026-03-05,Mobile,Direct,Hyderabad,1,1,1,0,0,0,0,4.1
U02512,2026-03-28,Desktop,Referral,Mumbai,1,0,0,0,0,0,0,15.6
U02513,2026-03-11,Mobile,Organic Search,Bengaluru,1,0,0,0,0,0,0,5.4
U02514,2026-02-18,Mobile,Organic Search,Delhi,1,1,1,0,0,0,0,3.7
U02515,2026-01-09,Desktop,Paid Search,Hyderabad,1,1,1,1,1,0,0,3
U02516,2026-02-02,Tablet,Organic Search,Delhi,1,0,0,0,0,0,0,5
U02517,2026-01-23,Mobile,Social Media,Mumbai,1,0,0,0,0,0,0,7.5
U02518,2026-03-11,Mobile,Social Media,Other,1,0,0,0,0,0,0,3.8
U02519,2026-03-01,Desktop,Direct,Other,1,1,1,1,0,0,0,4.7
U02520,2026-01-17,Desktop,Paid Search,Bengaluru,1,0,0,0,0,0,0,2.9
U02521,2026-01-02,Desktop,Referral,Hyderabad,1,1,1,0,0,0,0,5.5
U02522,2026-02-08,Mobile,Direct,Mumbai,1,1,1,1,1,1,2135.03,2.7
U02523,2026-01-14,Mobile,Direct,Mumbai,1,0,0,0,0,0,0,12.9
U02524,2026-03-21,Mobile,Organic Search,Hyderabad,1,0,0,0,0,0,0,3.4
U02525,2026-02-06,Desktop,Social Media,Hyderabad,1,1,1,1,1,1,2680.32,16
U02526,2026-03-29,Mobile,Paid Search,Mumbai,1,0,0,0,0,0,0,2.5
U02527,2026-03-09,Mobile,Paid Search,Other,1,0,0,0,0,0,0,6.8
U02528,2026-01-29,Tablet,Paid Search,Other,1,1,0,0,0,0,0,6.7
U02529,2026-03-31,Mobile,Referral,Hyderabad,1,0,0,0,0,0,0,1.9
U02530,2026-01-19,Tablet,Social Media,Chennai,1,0,0,0,0,0,0,3.1
U02531,2026-01-18,Desktop,Social Media,Hyderabad,1,1,1,0,0,0,0,4.4
U02532,2026-01-31,Desktop,Direct,Chennai,1,0,0,0,0,0,0,5.5
U02533,2026-01-12,Mobile,Organic Search,Delhi,1,0,0,0,0,0,0,3.4
U02534,2026-03-26,Mobile,Social Media,Delhi,1,0,0,0,0,0,0,2.3
U02535,2026-02-01,Desktop,Referral,Chennai,1,1,1,1,1,1,2997.83,13.4
U02536,2026-03-09,Desktop,Organic Search,Hyderabad,1,1,1,0,0,0,0,8.6
U02537,2026-01-23,Desktop,Social Media,Chennai,1,0,0,0,0,0,0,10.7
U02538,2026-02-27,Mobile,Organic Search,Other,1,0,0,0,0,0,0,8.8
U02539,2026-01-13,Desktop,Direct,Bengaluru,1,0,0,0,0,0,0,7.9
U02540,2026-01-17,Desktop,Paid Search,Bengaluru,1,1,1,1,1,1,6005.87,5.4
U02541,2026-01-22,Desktop,Paid Search,Delhi,1,0,0,0,0,0,0,12.7
U02542,2026-03-14,Desktop,Social Media,Delhi,1,0,0,0,0,0,0,7.4
U02543,2026-01-06,Desktop,Organic Search,Other,1,1,0,0,0,0,0,12.5
U02544,2026-03-14,Mobile,Paid Search,Chennai,1,0,0,0,0,0,0,1.6
U02545,2026-03-07,Mobile,Paid Search,Mumbai,1,0,0,0,0,0,0,11.7
U02546,2026-02-28,Mobile,Paid Search,Chennai,1,1,0,0,0,0,0,4.1
U02547,2026-03-03,Mobile,Social Media,Other,1,1,1,1,1,0,0,13.6
U02548,2026-01-08,Mobile,Social Media,Delhi,1,1,1,1,1,1,2220.22,16.8
U02549,2026-02-17,Mobile,Social Media,Pune,1,1,1,0,0,0,0,13.4
U02550,2026-01-09,Mobile,Email,Hyderabad,1,0,0,0,0,0,0,8.2
U02551,2026-01-21,Mobile,Paid Search,Delhi,1,0,0,0,0,0,0,4.2
U02552,2026-02-07,Mobile,Organic Search,Chennai,1,0,0,0,0,0,0,2.7
U02553,2026-03-17,Desktop,Referral,Hyderabad,1,0,0,0,0,0,0,7.6
U02554,2026-02-10,Tablet,Direct,Hyderabad,1,0,0,0,0,0,0,4.1
U02555,2026-01-03,Mobile,Paid Search,Delhi,1,0,0,0,0,0,0,6.3
U02556,2026-01-24,Tablet,Paid Search,Bengaluru,1,0,0,0,0,0,0,1.7
U02557,2026-01-28,Mobile,Social Media,Pune,1,0,0,0,0,0,0,6.6
U02558,2026-03-02,Mobile,Social Media,Delhi,1,0,0,0,0,0,0,1.6
U02559,2026-02-24,Mobile,Email,Hyderabad,1,0,0,0,0,0,0,8.4
U02560,2026-02-11,Mobile,Organic Search,Delhi,1,1,0,0,0,0,0,13.1
U02561,2026-03-14,Desktop,Email,Hyderabad,1,0,0,0,0,0,0,10.6
U02562,2026-01-04,Desktop,Organic Search,Chennai,1,0,0,0,0,0,0,11.9
U02563,2026-01-03,Mobile,Social Media,Mumbai,1,1,1,0,0,0,0,1.4
U02564,2026-03-16,Mobile,Referral,Pune,1,1,1,1,1,0,0,30.7
U02565,2026-03-14,Mobile,Social Media,Chennai,1,0,0,0,0,0,0,16.1
U02566,2026-03-03,Mobile,Organic Search,Pune,1,1,0,0,0,0,0,8.7
U02567,2026-02-16,Mobile,Direct,Delhi,1,1,0,0,0,0,0,7.3
U02568,2026-02-04,Mobile,Direct,Chennai,1,0,0,0,0,0,0,5.8
U02569,2026-03-03,Desktop,Referral,Chennai,1,0,0,0,0,0,0,7.4
U02570,2026-03-02,Tablet,Paid Search,Delhi,1,1,1,0,0,0,0,10.4
U02571,2026-01-15,Mobile,Organic Search,Hyderabad,1,0,0,0,0,0,0,3.6
U02572,2026-03-16,Desktop,Direct,Pune,1,0,0,0,0,0,0,12
U02573,2026-02-21,Mobile,Social Media,Delhi,1,0,0,0,0,0,0,5.2
U02574,2026-03-05,Mobile,Direct,Bengaluru,1,0,0,0,0,0,0,2.9
U02575,2026-02-25,Mobile,Paid Search,Other,1,1,1,0,0,0,0,13.1
U02576,2026-01-31,Desktop,Paid Search,Hyderabad,1,0,0,0,0,0,0,9
U02577,2026-01-02,Tablet,Direct,Other,1,0,0,0,0,0,0,8.2
U02578,2026-03-12,Mobile,Social Media,Bengaluru,1,1,1,0,0,0,0,14.3
U02579,2026-03-02,Mobile,Organic Search,Delhi,1,0,0,0,0,0,0,0.9
U02580,2026-02-26,Desktop,Organic Search,Chennai,1,1,1,1,0,0,0,7.9
U02581,2026-01-09,Mobile,Social Media,Delhi,1,0,0,0,0,0,0,5.3
U02582,2026-03-31,Desktop,Organic Search,Hyderabad,1,0,0,0,0,0,0,3
U02583,2026-02-21,Mobile,Social Media,Bengaluru,1,1,1,1,0,0,0,2.2
U02584,2026-01-10,Mobile,Paid Search,Hyderabad,1,0,0,0,0,0,0,3.3
U02585,2026-01-31,Mobile,Referral,Pune,1,0,0,0,0,0,0,9.4
U02586,2026-01-15,Desktop,Paid Search,Bengaluru,1,1,1,1,0,0,0,5.7
U02587,2026-01-17,Mobile,Direct,Delhi,1,0,0,0,0,0,0,9.8
U02588,2026-01-27,Desktop,Organic Search,Pune,1,0,0,0,0,0,0,4.2
U02589,2026-02-23,Mobile,Social Media,Other,1,0,0,0,0,0,0,16.9
U02590,2026-03-02,Desktop,Organic Search,Hyderabad,1,0,0,0,0,0,0,4.8
U02591,2026-01-14,Desktop,Email,Pune,1,0,0,0,0,0,0,4
U02592,2026-03-13,Desktop,Direct,Hyderabad,1,0,0,0,0,0,0,11.1
U02593,2026-02-19,Mobile,Referral,Delhi,1,0,0,0,0,0,0,10.1
U02594,2026-01-30,Mobile,Social Media,Delhi,1,0,0,0,0,0,0,6.7
U02595,2026-02-10,Mobile,Social Media,Hyderabad,1,0,0,0,0,0,0,6.9
U02596,2026-01-12,Desktop,Referral,Bengaluru,1,1,1,1,1,1,3500.59,15.1
U02597,2026-03-24,Mobile,Direct,Chennai,1,1,1,0,0,0,0,13.2
U02598,2026-02-23,Mobile,Direct,Chennai,1,0,0,0,0,0,0,5.1
U02599,2026-02-15,Mobile,Paid Search,Other,1,1,1,0,0,0,0,16.2
U02600,2026-03-10,Mobile,Direct,Bengaluru,1,1,0,0,0,0,0,3.3
U02601,2026-03-17,Desktop,Organic Search,Other,1,1,0,0,0,0,0,0.9
U02602,2026-03-11,Mobile,Paid Search,Chennai,1,0,0,0,0,0,0,5.6
U02603,2026-01-05,Desktop,Organic Search,Other,1,1,0,0,0,0,0,13.4
U02604,2026-03-29,Mobile,Paid Search,Delhi,1,1,1,1,0,0,0,11.2
U02605,2026-01-18,Mobile,Referral,Pune,1,0,0,0,0,0,0,3.2
U02606,2026-01-25,Mobile,Direct,Hyderabad,1,1,1,0,0,0,0,4.7
U02607,2026-02-27,Mobile,Referral,Mumbai,1,1,1,0,0,0,0,2.2
U02608,2026-02-25,Mobile,Email,Hyderabad,1,0,0,0,0,0,0,4.1
U02609,2026-01-28,Desktop,Social Media,Bengaluru,1,0,0,0,0,0,0,3.8
U02610,2026-02-18,Mobile,Email,Mumbai,1,0,0,0,0,0,0,20.4
U02611,2026-03-29,Desktop,Paid Search,Delhi,1,0,0,0,0,0,0,8.8
U02612,2026-03-28,Mobile,Referral,Hyderabad,1,0,0,0,0,0,0,6.1
U02613,2026-03-06,Mobile,Email,Mumbai,1,1,1,0,0,0,0,0.7
U02614,2026-03-19,Desktop,Email,Mumbai,1,1,1,1,0,0,0,22.9
U02615,2026-03-24,Mobile,Social Media,Hyderabad,1,1,1,0,0,0,0,2.2
U02616,2026-02-07,Mobile,Direct,Chennai,1,0,0,0,0,0,0,8.5
U02617,2026-03-11,Mobile,Paid Search,Delhi,1,0,0,0,0,0,0,1.7
U02618,2026-02-03,Mobile,Paid Search,Hyderabad,1,0,0,0,0,0,0,1.2
U02619,2026-01-23,Desktop,Referral,Delhi,1,1,1,1,1,0,0,7.1
U02620,2026-01-14,Mobile,Social Media,Mumbai,1,0,0,0,0,0,0,5.3
U02621,2026-03-27,Desktop,Direct,Pune,1,1,0,0,0,0,0,4.3
U02622,2026-02-07,Desktop,Paid Search,Bengaluru,1,0,0,0,0,0,0,7.3
U02623,2026-03-19,Mobile,Paid Search,Pune,1,0,0,0,0,0,0,5.4
U02624,2026-03-27,Desktop,Direct,Hyderabad,1,0,0,0,0,0,0,20.9
U02625,2026-02-14,Mobile,Social Media,Chennai,1,0,0,0,0,0,0,4.2
U02626,2026-03-02,Tablet,Social Media,Hyderabad,1,1,1,0,0,0,0,9.9
U02627,2026-01-09,Mobile,Paid Search,Pune,1,0,0,0,0,0,0,3.3
U02628,2026-03-16,Desktop,Paid Search,Delhi,1,0,0,0,0,0,0,4.8
U02629,2026-03-17,Mobile,Email,Hyderabad,1,1,0,0,0,0,0,6.5
U02630,2026-03-30,Mobile,Organic Search,Hyderabad,1,0,0,0,0,0,0,2.2
U02631,2026-01-02,Desktop,Direct,Bengaluru,1,0,0,0,0,0,0,6.2
U02632,2026-01-09,Desktop,Referral,Hyderabad,1,1,0,0,0,0,0,1.3
U02633,2026-02-19,Mobile,Organic Search,Mumbai,1,0,0,0,0,0,0,4.1
U02634,2026-02-14,Mobile,Email,Delhi,1,1,1,0,0,0,0,5.4
U02635,2026-02-04,Desktop,Social Media,Other,1,1,1,1,1,0,0,3.4
U02636,2026-03-03,Desktop,Organic Search,Other,1,0,0,0,0,0,0,5.4
U02637,2026-03-19,Tablet,Paid Search,Mumbai,1,0,0,0,0,0,0,1.7
U02638,2026-02-26,Desktop,Paid Search,Hyderabad,1,0,0,0,0,0,0,9.6
U02639,2026-03-24,Tablet,Email,Bengaluru,1,0,0,0,0,0,0,4.5
U02640,2026-02-15,Desktop,Email,Mumbai,1,1,1,0,0,0,0,1.7
U02641,2026-03-10,Mobile,Social Media,Chennai,1,0,0,0,0,0,0,12.7
U02642,2026-03-22,Mobile,Referral,Mumbai,1,0,0,0,0,0,0,5.4
U02643,2026-03-27,Desktop,Referral,Other,1,0,0,0,0,0,0,3.3
U02644,2026-03-16,Desktop,Social Media,Pune,1,1,1,1,1,1,6579.42,7.3
U02645,2026-01-30,Mobile,Referral,Hyderabad,1,1,0,0,0,0,0,3.6
U02646,2026-02-19,Mobile,Paid Search,Bengaluru,1,1,0,0,0,0,0,2.1
U02647,2026-01-15,Tablet,Direct,Pune,1,1,0,0,0,0,0,12.2
U02648,2026-02-05,Mobile,Social Media,Pune,1,1,1,0,0,0,0,11
U02649,2026-02-08,Mobile,Referral,Bengaluru,1,0,0,0,0,0,0,3.9
U02650,2026-03-22,Mobile,Social Media,Delhi,1,1,1,0,0,0,0,0.7
U02651,2026-03-01,Mobile,Organic Search,Delhi,1,0,0,0,0,0,0,12.2
U02652,2026-01-27,Mobile,Social Media,Chennai,1,1,1,1,1,1,5572.88,4.1
U02653,2026-02-23,Mobile,Paid Search,Bengaluru,1,0,0,0,0,0,0,27
U02654,2026-01-02,Mobile,Email,Pune,1,1,1,0,0,0,0,2.4
U02655,2026-03-11,Desktop,Social Media,Delhi,1,1,0,0,0,0,0,6.8
U02656,2026-01-04,Mobile,Referral,Hyderabad,1,1,1,0,0,0,0,1.4
U02657,2026-03-28,Desktop,Email,Delhi,1,0,0,0,0,0,0,12
U02658,2026-02-16,Desktop,Email,Delhi,1,0,0,0,0,0,0,5.4
U02659,2026-02-17,Mobile,Organic Search,Pune,1,0,0,0,0,0,0,5.2
U02660,2026-02-26,Desktop,Direct,Bengaluru,1,0,0,0,0,0,0,4.3
U02661,2026-03-06,Mobile,Referral,Other,1,1,0,0,0,0,0,0.7
U02662,2026-02-27,Desktop,Referral,Hyderabad,1,1,1,0,0,0,0,4.3
U02663,2026-02-20,Mobile,Paid Search,Mumbai,1,1,1,0,0,0,0,8.8
U02664,2026-02-16,Desktop,Social Media,Mumbai,1,0,0,0,0,0,0,1.3
U02665,2026-03-18,Mobile,Organic Search,Chennai,1,0,0,0,0,0,0,6.7
U02666,2026-03-11,Mobile,Social Media,Chennai,1,1,0,0,0,0,0,3.7
U02667,2026-02-03,Mobile,Organic Search,Pune,1,0,0,0,0,0,0,3.2
U02668,2026-02-06,Desktop,Social Media,Mumbai,1,1,1,1,1,1,5754.85,3.4
U02669,2026-03-21,Desktop,Email,Chennai,1,1,1,0,0,0,0,21
U02670,2026-02-24,Mobile,Paid Search,Hyderabad,1,0,0,0,0,0,0,5.8
U02671,2026-02-13,Desktop,Social Media,Hyderabad,1,1,1,0,0,0,0,5.5
U02672,2026-03-20,Mobile,Direct,Hyderabad,1,1,1,1,1,1,2147.11,5.7
U02673,2026-03-09,Desktop,Organic Search,Other,1,1,1,1,1,0,0,8.4
U02674,2026-02-12,Mobile,Referral,Delhi,1,0,0,0,0,0,0,2.9
U02675,2026-03-17,Desktop,Organic Search,Other,1,0,0,0,0,0,0,11.2
U02676,2026-01-10,Mobile,Organic Search,Hyderabad,1,0,0,0,0,0,0,1.2
U02677,2026-03-07,Mobile,Organic Search,Delhi,1,1,1,0,0,0,0,14.9
U02678,2026-03-29,Mobile,Referral,Hyderabad,1,0,0,0,0,0,0,1.5
U02679,2026-01-16,Mobile,Paid Search,Delhi,1,1,1,1,0,0,0,6.5
U02680,2026-02-04,Mobile,Direct,Chennai,1,0,0,0,0,0,0,4.9
U02681,2026-02-09,Mobile,Social Media,Hyderabad,1,1,1,0,0,0,0,7.2
U02682,2026-03-22,Desktop,Organic Search,Mumbai,1,1,1,1,1,1,2385.25,6.8
U02683,2026-03-13,Mobile,Email,Bengaluru,1,1,1,1,0,0,0,6.5
U02684,2026-03-03,Mobile,Organic Search,Mumbai,1,0,0,0,0,0,0,8.3
U02685,2026-02-03,Mobile,Referral,Mumbai,1,0,0,0,0,0,0,6.3
U02686,2026-02-11,Mobile,Organic Search,Delhi,1,0,0,0,0,0,0,8.8
U02687,2026-03-22,Mobile,Paid Search,Other,1,0,0,0,0,0,0,3.6
U02688,2026-01-04,Mobile,Referral,Chennai,1,1,1,0,0,0,0,8.1
U02689,2026-03-04,Mobile,Direct,Chennai,1,1,1,1,1,1,4405.99,3.2
U02690,2026-01-23,Mobile,Paid Search,Pune,1,0,0,0,0,0,0,5.3
U02691,2026-01-11,Mobile,Referral,Mumbai,1,0,0,0,0,0,0,7.3
U02692,2026-01-23,Mobile,Organic Search,Hyderabad,1,0,0,0,0,0,0,5.8
U02693,2026-03-02,Mobile,Referral,Pune,1,1,1,1,1,0,0,2.9
U02694,2026-03-10,Mobile,Email,Hyderabad,1,0,0,0,0,0,0,3.5
U02695,2026-02-21,Tablet,Organic Search,Hyderabad,1,0,0,0,0,0,0,9
U02696,2026-03-02,Mobile,Paid Search,Hyderabad,1,1,1,0,0,0,0,7.5
U02697,2026-01-05,Desktop,Organic Search,Hyderabad,1,0,0,0,0,0,0,10.1
U02698,2026-01-17,Mobile,Paid Search,Hyderabad,1,1,1,1,0,0,0,4.5
U02699,2026-03-28,Desktop,Organic Search,Hyderabad,1,1,1,0,0,0,0,13.7
U02700,2026-02-03,Desktop,Email,Chennai,1,0,0,0,0,0,0,5.1
U02701,2026-01-16,Mobile,Direct,Bengaluru,1,0,0,0,0,0,0,7.9
U02702,2026-01-04,Tablet,Organic Search,Hyderabad,1,1,1,0,0,0,0,6.4
U02703,2026-02-21,Mobile,Social Media,Mumbai,1,0,0,0,0,0,0,3
U02704,2026-01-20,Mobile,Social Media,Bengaluru,1,0,0,0,0,0,0,14.4
U02705,2026-02-17,Desktop,Direct,Hyderabad,1,0,0,0,0,0,0,6.6
U02706,2026-02-20,Desktop,Social Media,Chennai,1,0,0,0,0,0,0,2.4
U02707,2026-02-14,Mobile,Social Media,Bengaluru,1,1,1,0,0,0,0,8.7
U02708,2026-03-21,Mobile,Social Media,Bengaluru,1,1,0,0,0,0,0,11
U02709,2026-02-18,Mobile,Paid Search,Chennai,1,1,0,0,0,0,0,0.8
U02710,2026-02-25,Mobile,Organic Search,Delhi,1,0,0,0,0,0,0,4.2
U02711,2026-01-03,Desktop,Paid Search,Mumbai,1,0,0,0,0,0,0,9.8
U02712,2026-02-11,Mobile,Organic Search,Other,1,0,0,0,0,0,0,5.3
U02713,2026-03-12,Mobile,Social Media,Mumbai,1,1,1,1,0,0,0,12.2
U02714,2026-02-11,Mobile,Paid Search,Chennai,1,0,0,0,0,0,0,7.7
U02715,2026-03-26,Mobile,Social Media,Bengaluru,1,0,0,0,0,0,0,3.7
U02716,2026-01-29,Mobile,Organic Search,Delhi,1,1,0,0,0,0,0,10.6
U02717,2026-01-17,Desktop,Direct,Hyderabad,1,0,0,0,0,0,0,14.5
U02718,2026-03-26,Tablet,Direct,Chennai,1,0,0,0,0,0,0,2.2
U02719,2026-01-28,Desktop,Organic Search,Chennai,1,0,0,0,0,0,0,3.6
U02720,2026-03-01,Mobile,Paid Search,Mumbai,1,1,1,1,1,1,5289.65,3.2
U02721,2026-03-28,Desktop,Social Media,Other,1,1,1,0,0,0,0,3.1
U02722,2026-02-16,Desktop,Organic Search,Other,1,1,0,0,0,0,0,3
U02723,2026-01-11,Desktop,Paid Search,Hyderabad,1,0,0,0,0,0,0,6
U02724,2026-03-06,Mobile,Paid Search,Bengaluru,1,0,0,0,0,0,0,3.9
U02725,2026-03-01,Mobile,Direct,Pune,1,1,1,0,0,0,0,8.7
U02726,2026-03-29,Mobile,Direct,Mumbai,1,1,1,0,0,0,0,13.2
U02727,2026-03-02,Mobile,Social Media,Chennai,1,0,0,0,0,0,0,2.8
U02728,2026-03-18,Mobile,Social Media,Delhi,1,0,0,0,0,0,0,4.7
U02729,2026-02-12,Mobile,Direct,Mumbai,1,1,1,0,0,0,0,3.5
U02730,2026-02-08,Mobile,Direct,Other,1,0,0,0,0,0,0,7.8
U02731,2026-01-01,Desktop,Direct,Mumbai,1,0,0,0,0,0,0,8.9
U02732,2026-01-09,Mobile,Organic Search,Chennai,1,0,0,0,0,0,0,7
U02733,2026-03-26,Mobile,Organic Search,Mumbai,1,1,1,0,0,0,0,7.5
U02734,2026-03-15,Tablet,Email,Pune,1,1,0,0,0,0,0,16
U02735,2026-01-09,Tablet,Social Media,Mumbai,1,0,0,0,0,0,0,7.5
U02736,2026-01-03,Desktop,Organic Search,Mumbai,1,1,0,0,0,0,0,3.4
U02737,2026-01-29,Tablet,Organic Search,Other,1,0,0,0,0,0,0,9.9
U02738,2026-03-27,Mobile,Direct,Mumbai,1,0,0,0,0,0,0,6.5
U02739,2026-02-11,Tablet,Direct,Chennai,1,0,0,0,0,0,0,2.5
U02740,2026-02-12,Mobile,Paid Search,Delhi,1,0,0,0,0,0,0,4.3
U02741,2026-01-24,Mobile,Direct,Mumbai,1,1,0,0,0,0,0,5.3
U02742,2026-01-03,Mobile,Social Media,Hyderabad,1,0,0,0,0,0,0,7.4
U02743,2026-01-08,Mobile,Referral,Chennai,1,0,0,0,0,0,0,4.4
U02744,2026-02-14,Mobile,Paid Search,Delhi,1,1,1,1,1,1,1044.02,4.3
U02745,2026-01-26,Desktop,Organic Search,Chennai,1,0,0,0,0,0,0,4.1
U02746,2026-02-20,Desktop,Paid Search,Delhi,1,0,0,0,0,0,0,11
U02747,2026-02-24,Mobile,Social Media,Chennai,1,0,0,0,0,0,0,10.8
U02748,2026-02-02,Mobile,Social Media,Other,1,1,1,0,0,0,0,1.5
U02749,2026-02-04,Desktop,Organic Search,Bengaluru,1,1,1,0,0,0,0,7.4
U02750,2026-03-21,Desktop,Direct,Hyderabad,1,0,0,0,0,0,0,3.2
U02751,2026-01-11,Mobile,Organic Search,Chennai,1,1,1,0,0,0,0,1.5
U02752,2026-02-18,Desktop,Organic Search,Mumbai,1,1,0,0,0,0,0,13.2
U02753,2026-03-20,Mobile,Social Media,Bengaluru,1,1,1,0,0,0,0,9.2
U02754,2026-01-25,Mobile,Social Media,Bengaluru,1,0,0,0,0,0,0,7.9
U02755,2026-03-19,Desktop,Paid Search,Delhi,1,1,1,0,0,0,0,4.6
U02756,2026-03-14,Mobile,Referral,Bengaluru,1,1,1,0,0,0,0,4.3
U02757,2026-01-10,Mobile,Social Media,Mumbai,1,1,1,1,1,1,2143.95,6.3
U02758,2026-03-28,Desktop,Social Media,Delhi,1,1,1,1,0,0,0,11.6
U02759,2026-02-14,Desktop,Email,Delhi,1,0,0,0,0,0,0,5.9
U02760,2026-01-06,Mobile,Organic Search,Bengaluru,1,1,1,1,0,0,0,2.4
U02761,2026-01-28,Mobile,Social Media,Mumbai,1,1,1,0,0,0,0,10.3
U02762,2026-01-13,Mobile,Direct,Chennai,1,0,0,0,0,0,0,6.7
U02763,2026-03-18,Desktop,Organic Search,Pune,1,0,0,0,0,0,0,3.3
U02764,2026-03-05,Mobile,Paid Search,Pune,1,0,0,0,0,0,0,8.4
U02765,2026-01-30,Mobile,Direct,Bengaluru,1,1,1,0,0,0,0,15.5
U02766,2026-01-05,Tablet,Paid Search,Hyderabad,1,1,1,0,0,0,0,9.2
U02767,2026-03-12,Mobile,Social Media,Hyderabad,1,0,0,0,0,0,0,4
U02768,2026-02-24,Mobile,Direct,Bengaluru,1,1,0,0,0,0,0,16.2
U02769,2026-03-31,Mobile,Organic Search,Mumbai,1,1,1,0,0,0,0,12.6
U02770,2026-03-28,Desktop,Organic Search,Mumbai,1,1,1,1,0,0,0,0.8
U02771,2026-02-21,Mobile,Direct,Bengaluru,1,0,0,0,0,0,0,14.3
U02772,2026-01-28,Mobile,Direct,Delhi,1,0,0,0,0,0,0,10.2
U02773,2026-01-24,Desktop,Social Media,Other,1,1,1,0,0,0,0,6
U02774,2026-03-18,Mobile,Social Media,Mumbai,1,0,0,0,0,0,0,7.2
U02775,2026-02-18,Mobile,Referral,Hyderabad,1,0,0,0,0,0,0,6.6
U02776,2026-03-18,Mobile,Email,Mumbai,1,0,0,0,0,0,0,2.1
U02777,2026-02-17,Mobile,Paid Search,Mumbai,1,1,1,0,0,0,0,8.6
U02778,2026-01-31,Mobile,Organic Search,Pune,1,0,0,0,0,0,0,1.8
U02779,2026-01-24,Mobile,Social Media,Bengaluru,1,0,0,0,0,0,0,7.9
U02780,2026-03-12,Mobile,Direct,Chennai,1,0,0,0,0,0,0,20.3
U02781,2026-01-20,Mobile,Direct,Mumbai,1,0,0,0,0,0,0,5.8
U02782,2026-01-02,Desktop,Direct,Mumbai,1,1,1,1,1,1,3447.24,3.8
U02783,2026-03-23,Tablet,Direct,Delhi,1,0,0,0,0,0,0,13.1
U02784,2026-03-17,Desktop,Social Media,Hyderabad,1,1,1,1,1,1,7745.23,10.6
U02785,2026-02-27,Desktop,Paid Search,Mumbai,1,0,0,0,0,0,0,2.4
U02786,2026-02-23,Mobile,Referral,Hyderabad,1,0,0,0,0,0,0,9.7
U02787,2026-03-26,Tablet,Email,Bengaluru,1,1,1,1,1,0,0,4
U02788,2026-02-08,Mobile,Social Media,Delhi,1,1,1,1,1,1,2202.28,12.4
U02789,2026-01-19,Tablet,Organic Search,Hyderabad,1,0,0,0,0,0,0,5.7
U02790,2026-03-11,Tablet,Direct,Bengaluru,1,0,0,0,0,0,0,13.3
U02791,2026-03-14,Desktop,Social Media,Delhi,1,0,0,0,0,0,0,3.5
U02792,2026-01-04,Tablet,Paid Search,Mumbai,1,0,0,0,0,0,0,3.3
U02793,2026-01-20,Mobile,Social Media,Hyderabad,1,1,1,0,0,0,0,3.4
U02794,2026-01-03,Mobile,Email,Mumbai,1,0,0,0,0,0,0,15.4
U02795,2026-03-14,Mobile,Organic Search,Hyderabad,1,1,1,1,1,1,3306.01,1.3
U02796,2026-03-03,Mobile,Referral,Bengaluru,1,1,1,0,0,0,0,6.3
U02797,2026-03-10,Mobile,Paid Search,Chennai,1,0,0,0,0,0,0,3.6
U02798,2026-03-09,Desktop,Organic Search,Hyderabad,1,1,1,1,1,1,2554.35,7.7
U02799,2026-01-19,Tablet,Paid Search,Other,1,1,1,0,0,0,0,1.9
U02800,2026-01-16,Mobile,Email,Hyderabad,1,1,0,0,0,0,0,10.8
U02801,2026-01-22,Desktop,Direct,Delhi,1,1,1,1,0,0,0,9.5
U02802,2026-03-21,Desktop,Referral,Pune,1,1,1,1,0,0,0,13.2
U02803,2026-01-21,Tablet,Direct,Other,1,1,0,0,0,0,0,11.7
U02804,2026-02-25,Tablet,Organic Search,Chennai,1,1,1,0,0,0,0,4.2
U02805,2026-03-01,Mobile,Organic Search,Pune,1,1,1,0,0,0,0,16.3
U02806,2026-02-03,Tablet,Social Media,Other,1,0,0,0,0,0,0,4.9
U02807,2026-03-10,Desktop,Paid Search,Hyderabad,1,0,0,0,0,0,0,6.4
U02808,2026-03-21,Mobile,Referral,Chennai,1,1,0,0,0,0,0,11.5
U02809,2026-03-07,Mobile,Email,Hyderabad,1,0,0,0,0,0,0,18.2
U02810,2026-01-13,Desktop,Direct,Mumbai,1,0,0,0,0,0,0,11.6
U02811,2026-03-19,Mobile,Paid Search,Mumbai,1,0,0,0,0,0,0,6.2
U02812,2026-01-21,Desktop,Social Media,Bengaluru,1,1,0,0,0,0,0,11
U02813,2026-03-01,Desktop,Social Media,Delhi,1,1,1,1,1,1,1615.77,11.6
U02814,2026-03-09,Mobile,Organic Search,Hyderabad,1,0,0,0,0,0,0,11.7
U02815,2026-03-15,Mobile,Social Media,Pune,1,0,0,0,0,0,0,21.7
U02816,2026-02-15,Desktop,Paid Search,Hyderabad,1,1,1,0,0,0,0,17.9
U02817,2026-01-16,Mobile,Paid Search,Mumbai,1,1,1,0,0,0,0,5.1
U02818,2026-02-24,Mobile,Paid Search,Hyderabad,1,1,1,1,0,0,0,10.3
U02819,2026-01-11,Mobile,Organic Search,Bengaluru,1,0,0,0,0,0,0,4.2
U02820,2026-02-02,Mobile,Social Media,Delhi,1,1,1,1,1,1,2797,5.7
U02821,2026-03-27,Tablet,Paid Search,Bengaluru,1,1,1,1,1,0,0,10.4
U02822,2026-02-19,Mobile,Organic Search,Mumbai,1,0,0,0,0,0,0,3
U02823,2026-02-21,Desktop,Paid Search,Other,1,1,1,0,0,0,0,6.9
U02824,2026-03-16,Mobile,Paid Search,Hyderabad,1,0,0,0,0,0,0,13.3
U02825,2026-03-03,Mobile,Paid Search,Pune,1,1,0,0,0,0,0,6.3
U02826,2026-02-10,Desktop,Organic Search,Hyderabad,1,1,0,0,0,0,0,6.6
U02827,2026-01-11,Desktop,Social Media,Hyderabad,1,1,1,0,0,0,0,9.1
U02828,2026-01-07,Mobile,Email,Hyderabad,1,1,1,0,0,0,0,14.4
U02829,2026-03-20,Mobile,Email,Other,1,0,0,0,0,0,0,4.9
U02830,2026-03-25,Mobile,Referral,Hyderabad,1,1,1,0,0,0,0,8.7
U02831,2026-01-16,Mobile,Social Media,Pune,1,0,0,0,0,0,0,5.4
U02832,2026-01-29,Desktop,Social Media,Other,1,0,0,0,0,0,0,2.3
U02833,2026-01-05,Mobile,Referral,Chennai,1,0,0,0,0,0,0,7.5
U02834,2026-03-26,Mobile,Paid Search,Mumbai,1,0,0,0,0,0,0,3.3
U02835,2026-03-05,Mobile,Email,Delhi,1,1,1,0,0,0,0,6.5
U02836,2026-01-15,Desktop,Paid Search,Chennai,1,1,0,0,0,0,0,3.9
U02837,2026-01-06,Tablet,Paid Search,Hyderabad,1,0,0,0,0,0,0,7.2
U02838,2026-02-18,Mobile,Referral,Chennai,1,0,0,0,0,0,0,7.1
U02839,2026-03-28,Desktop,Organic Search,Delhi,1,0,0,0,0,0,0,9.1
U02840,2026-02-20,Mobile,Paid Search,Delhi,1,1,1,1,1,1,3380.03,7.2
U02841,2026-02-11,Mobile,Organic Search,Bengaluru,1,0,0,0,0,0,0,1.6
U02842,2026-03-06,Desktop,Paid Search,Hyderabad,1,0,0,0,0,0,0,3.9
U02843,2026-01-05,Desktop,Organic Search,Other,1,1,1,1,0,0,0,3.8
U02844,2026-03-14,Tablet,Social Media,Hyderabad,1,0,0,0,0,0,0,0.6
U02845,2026-03-20,Mobile,Referral,Delhi,1,0,0,0,0,0,0,7.5
U02846,2026-01-24,Mobile,Referral,Hyderabad,1,0,0,0,0,0,0,3.4
U02847,2026-02-06,Desktop,Paid Search,Pune,1,0,0,0,0,0,0,13.8
U02848,2026-02-22,Mobile,Direct,Other,1,0,0,0,0,0,0,3.7
U02849,2026-01-06,Mobile,Social Media,Bengaluru,1,1,0,0,0,0,0,2.7
U02850,2026-02-08,Mobile,Paid Search,Hyderabad,1,0,0,0,0,0,0,8
U02851,2026-03-16,Desktop,Referral,Chennai,1,0,0,0,0,0,0,5.7
U02852,2026-03-30,Mobile,Email,Bengaluru,1,0,0,0,0,0,0,4.1
U02853,2026-03-03,Mobile,Email,Chennai,1,1,1,0,0,0,0,5.7
U02854,2026-03-23,Desktop,Organic Search,Delhi,1,1,1,0,0,0,0,6.4
U02855,2026-03-27,Mobile,Social Media,Bengaluru,1,1,1,1,1,0,0,4
U02856,2026-03-01,Mobile,Direct,Bengaluru,1,0,0,0,0,0,0,8.6
U02857,2026-02-10,Mobile,Social Media,Delhi,1,1,1,0,0,0,0,6.5
U02858,2026-03-19,Mobile,Email,Mumbai,1,0,0,0,0,0,0,7.6
U02859,2026-01-10,Mobile,Social Media,Bengaluru,1,0,0,0,0,0,0,10.9
U02860,2026-03-22,Mobile,Referral,Delhi,1,0,0,0,0,0,0,9.1
U02861,2026-03-11,Desktop,Paid Search,Delhi,1,0,0,0,0,0,0,1.3
U02862,2026-01-07,Mobile,Social Media,Mumbai,1,0,0,0,0,0,0,5.9
U02863,2026-01-05,Tablet,Organic Search,Bengaluru,1,0,0,0,0,0,0,4.3
U02864,2026-01-27,Mobile,Email,Hyderabad,1,0,0,0,0,0,0,2.9
U02865,2026-02-04,Mobile,Email,Pune,1,1,1,1,0,0,0,6.3
U02866,2026-02-24,Mobile,Organic Search,Pune,1,1,1,0,0,0,0,11.5
U02867,2026-01-17,Mobile,Email,Delhi,1,1,0,0,0,0,0,1
U02868,2026-01-07,Desktop,Paid Search,Hyderabad,1,0,0,0,0,0,0,5.2
U02869,2026-03-02,Mobile,Organic Search,Mumbai,1,1,1,0,0,0,0,2.6
U02870,2026-03-06,Mobile,Paid Search,Pune,1,1,1,0,0,0,0,7.6
U02871,2026-01-15,Desktop,Organic Search,Chennai,1,1,1,1,0,0,0,1.6
U02872,2026-02-27,Tablet,Paid Search,Hyderabad,1,0,0,0,0,0,0,6.4
U02873,2026-02-18,Desktop,Paid Search,Mumbai,1,1,1,0,0,0,0,7
U02874,2026-03-16,Mobile,Email,Pune,1,0,0,0,0,0,0,2.5
U02875,2026-02-21,Desktop,Referral,Hyderabad,1,0,0,0,0,0,0,8.6
U02876,2026-01-26,Mobile,Social Media,Mumbai,1,0,0,0,0,0,0,2.5
U02877,2026-02-12,Mobile,Organic Search,Mumbai,1,1,1,0,0,0,0,6.8
U02878,2026-02-22,Mobile,Direct,Mumbai,1,0,0,0,0,0,0,11
U02879,2026-02-25,Mobile,Email,Mumbai,1,0,0,0,0,0,0,8.7
U02880,2026-03-19,Mobile,Organic Search,Mumbai,1,1,1,1,1,1,5608.5,4.6
U02881,2026-03-18,Mobile,Referral,Hyderabad,1,0,0,0,0,0,0,4.1
U02882,2026-03-09,Desktop,Organic Search,Bengaluru,1,1,1,1,0,0,0,11
U02883,2026-02-02,Mobile,Social Media,Mumbai,1,1,0,0,0,0,0,7.2
U02884,2026-01-14,Mobile,Social Media,Hyderabad,1,0,0,0,0,0,0,7.3
U02885,2026-03-18,Mobile,Paid Search,Mumbai,1,0,0,0,0,0,0,3.7
U02886,2026-01-17,Tablet,Direct,Delhi,1,0,0,0,0,0,0,4.6
U02887,2026-02-08,Mobile,Paid Search,Bengaluru,1,1,1,1,1,0,0,9.2
U02888,2026-02-17,Mobile,Organic Search,Mumbai,1,1,1,0,0,0,0,7.6
U02889,2026-01-06,Desktop,Direct,Mumbai,1,0,0,0,0,0,0,8.9
U02890,2026-01-22,Desktop,Direct,Bengaluru,1,0,0,0,0,0,0,10.2
U02891,2026-03-28,Mobile,Email,Chennai,1,0,0,0,0,0,0,14.6
U02892,2026-02-06,Desktop,Social Media,Other,1,1,1,0,0,0,0,6.2
U02893,2026-02-12,Desktop,Organic Search,Chennai,1,0,0,0,0,0,0,12.4
U02894,2026-02-14,Desktop,Referral,Mumbai,1,0,0,0,0,0,0,7.5
U02895,2026-03-06,Mobile,Organic Search,Hyderabad,1,1,0,0,0,0,0,8.4
U02896,2026-01-04,Desktop,Organic Search,Hyderabad,1,0,0,0,0,0,0,8.8
U02897,2026-03-09,Mobile,Social Media,Hyderabad,1,0,0,0,0,0,0,12.7
U02898,2026-02-26,Mobile,Organic Search,Delhi,1,1,1,0,0,0,0,5.4
U02899,2026-02-03,Mobile,Organic Search,Bengaluru,1,1,1,1,0,0,0,6.5
U02900,2026-01-30,Mobile,Paid Search,Bengaluru,1,0,0,0,0,0,0,7.9
U02901,2026-02-08,Mobile,Organic Search,Delhi,1,1,0,0,0,0,0,10.4
U02902,2026-03-20,Desktop,Organic Search,Hyderabad,1,0,0,0,0,0,0,6.1
U02903,2026-03-31,Mobile,Organic Search,Bengaluru,1,1,1,1,1,1,3117.16,3.7
U02904,2026-02-08,Mobile,Organic Search,Chennai,1,1,1,1,1,1,1381.13,8.3
U02905,2026-03-13,Mobile,Email,Bengaluru,1,1,1,0,0,0,0,3.3
U02906,2026-03-31,Mobile,Referral,Mumbai,1,1,0,0,0,0,0,7.1
U02907,2026-01-17,Tablet,Social Media,Bengaluru,1,1,1,0,0,0,0,6.8
U02908,2026-01-12,Mobile,Social Media,Chennai,1,0,0,0,0,0,0,6.8
U02909,2026-01-06,Mobile,Organic Search,Pune,1,0,0,0,0,0,0,10.1
U02910,2026-01-29,Mobile,Organic Search,Pune,1,0,0,0,0,0,0,6.2
U02911,2026-01-14,Mobile,Paid Search,Pune,1,1,1,0,0,0,0,12.3
U02912,2026-01-01,Mobile,Social Media,Pune,1,0,0,0,0,0,0,6.4
U02913,2026-02-08,Desktop,Email,Mumbai,1,0,0,0,0,0,0,6.5
U02914,2026-01-06,Tablet,Social Media,Mumbai,1,1,1,1,1,1,1970.55,13.7
U02915,2026-02-13,Mobile,Paid Search,Mumbai,1,0,0,0,0,0,0,7.1
U02916,2026-02-10,Desktop,Organic Search,Delhi,1,1,0,0,0,0,0,4.6
U02917,2026-02-01,Desktop,Referral,Mumbai,1,0,0,0,0,0,0,1.5
U02918,2026-03-25,Desktop,Paid Search,Hyderabad,1,0,0,0,0,0,0,4.2
U02919,2026-01-05,Mobile,Email,Pune,1,0,0,0,0,0,0,3.8
U02920,2026-02-16,Mobile,Social Media,Delhi,1,0,0,0,0,0,0,8.8
U02921,2026-01-17,Mobile,Email,Pune,1,0,0,0,0,0,0,2.6
U02922,2026-02-02,Desktop,Direct,Hyderabad,1,0,0,0,0,0,0,7.5
U02923,2026-02-11,Desktop,Direct,Bengaluru,1,0,0,0,0,0,0,4.9
U02924,2026-01-23,Mobile,Social Media,Bengaluru,1,1,1,0,0,0,0,11.1
U02925,2026-03-11,Mobile,Social Media,Chennai,1,0,0,0,0,0,0,7.1
U02926,2026-02-19,Desktop,Paid Search,Hyderabad,1,1,1,1,0,0,0,2.2
U02927,2026-01-29,Desktop,Direct,Chennai,1,1,1,0,0,0,0,3
U02928,2026-03-05,Tablet,Social Media,Hyderabad,1,0,0,0,0,0,0,0.9
U02929,2026-01-04,Desktop,Organic Search,Bengaluru,1,0,0,0,0,0,0,4.5
U02930,2026-01-07,Mobile,Paid Search,Delhi,1,0,0,0,0,0,0,3.1
U02931,2026-03-20,Mobile,Organic Search,Pune,1,1,1,0,0,0,0,3.9
U02932,2026-03-03,Desktop,Social Media,Hyderabad,1,1,0,0,0,0,0,5.1
U02933,2026-02-28,Mobile,Social Media,Mumbai,1,0,0,0,0,0,0,4.6
U02934,2026-01-21,Mobile,Paid Search,Hyderabad,1,1,1,0,0,0,0,4.1
U02935,2026-01-16,Desktop,Organic Search,Hyderabad,1,1,1,1,1,1,6751.17,12.9
U02936,2026-03-11,Mobile,Direct,Delhi,1,1,1,0,0,0,0,9.8
U02937,2026-01-13,Desktop,Referral,Delhi,1,0,0,0,0,0,0,6
U02938,2026-01-08,Mobile,Referral,Pune,1,0,0,0,0,0,0,1
U02939,2026-03-02,Tablet,Paid Search,Chennai,1,0,0,0,0,0,0,8.8
U02940,2026-01-03,Mobile,Referral,Pune,1,1,1,0,0,0,0,7.7
U02941,2026-02-15,Mobile,Social Media,Hyderabad,1,1,1,0,0,0,0,7.4
U02942,2026-03-03,Mobile,Organic Search,Bengaluru,1,0,0,0,0,0,0,3.9
U02943,2026-01-23,Mobile,Organic Search,Hyderabad,1,0,0,0,0,0,0,7.1
U02944,2026-01-08,Desktop,Paid Search,Delhi,1,1,1,1,1,0,0,12
U02945,2026-01-20,Desktop,Organic Search,Bengaluru,1,1,1,1,1,1,5113.1,10
U02946,2026-01-30,Mobile,Direct,Hyderabad,1,0,0,0,0,0,0,5.2
U02947,2026-03-16,Mobile,Organic Search,Mumbai,1,0,0,0,0,0,0,3.3
U02948,2026-02-23,Mobile,Paid Search,Hyderabad,1,0,0,0,0,0,0,2.3
U02949,2026-01-20,Mobile,Social Media,Hyderabad,1,0,0,0,0,0,0,4.6
U02950,2026-01-02,Tablet,Paid Search,Hyderabad,1,0,0,0,0,0,0,5.8
U02951,2026-01-17,Desktop,Social Media,Hyderabad,1,0,0,0,0,0,0,6.5
U02952,2026-01-15,Desktop,Organic Search,Delhi,1,1,1,0,0,0,0,4.7
U02953,2026-03-06,Desktop,Referral,Mumbai,1,1,1,0,0,0,0,2.9
U02954,2026-03-10,Mobile,Paid Search,Bengaluru,1,0,0,0,0,0,0,3.4
U02955,2026-03-10,Tablet,Social Media,Bengaluru,1,1,1,0,0,0,0,2.7
U02956,2026-03-13,Desktop,Email,Pune,1,1,1,0,0,0,0,8.5
U02957,2026-03-09,Desktop,Direct,Chennai,1,0,0,0,0,0,0,4.7
U02958,2026-02-12,Desktop,Referral,Delhi,1,1,1,1,1,0,0,2.5
U02959,2026-01-12,Mobile,Social Media,Chennai,1,1,1,1,0,0,0,6.9
U02960,2026-03-24,Desktop,Paid Search,Bengaluru,1,1,0,0,0,0,0,2.3
U02961,2026-01-22,Mobile,Social Media,Other,1,0,0,0,0,0,0,3.6
U02962,2026-03-11,Mobile,Referral,Mumbai,1,0,0,0,0,0,0,5.6
U02963,2026-01-20,Mobile,Direct,Hyderabad,1,0,0,0,0,0,0,7.4
U02964,2026-01-15,Tablet,Organic Search,Chennai,1,0,0,0,0,0,0,1.3
U02965,2026-01-08,Desktop,Paid Search,Bengaluru,1,1,1,0,0,0,0,7.7
U02966,2026-02-06,Desktop,Referral,Bengaluru,1,1,1,0,0,0,0,6
U02967,2026-01-28,Desktop,Paid Search,Other,1,1,1,1,1,1,1731.94,14.4
U02968,2026-01-11,Mobile,Paid Search,Pune,1,0,0,0,0,0,0,8.2
U02969,2026-03-11,Tablet,Paid Search,Hyderabad,1,0,0,0,0,0,0,3.7
U02970,2026-01-27,Mobile,Social Media,Bengaluru,1,1,1,0,0,0,0,10.6
U02971,2026-02-11,Mobile,Direct,Delhi,1,0,0,0,0,0,0,4.8
U02972,2026-03-16,Mobile,Social Media,Bengaluru,1,0,0,0,0,0,0,2.6
U02973,2026-03-24,Desktop,Organic Search,Mumbai,1,1,0,0,0,0,0,0.6
U02974,2026-03-17,Desktop,Organic Search,Delhi,1,1,1,0,0,0,0,7.7
U02975,2026-03-22,Mobile,Organic Search,Mumbai,1,1,1,1,1,1,2578.51,2.1
U02976,2026-01-08,Mobile,Social Media,Delhi,1,0,0,0,0,0,0,4.8
U02977,2026-02-28,Desktop,Social Media,Delhi,1,0,0,0,0,0,0,8.6
U02978,2026-03-01,Mobile,Organic Search,Other,1,1,1,1,1,0,0,6.5
U02979,2026-03-03,Desktop,Email,Bengaluru,1,1,1,1,1,0,0,8
U02980,2026-01-19,Tablet,Email,Pune,1,1,0,0,0,0,0,5.8
U02981,2026-02-12,Mobile,Paid Search,Hyderabad,1,0,0,0,0,0,0,5.6
U02982,2026-03-01,Mobile,Paid Search,Bengaluru,1,1,1,1,1,1,1012.09,11.6
U02983,2026-02-20,Desktop,Direct,Hyderabad,1,0,0,0,0,0,0,17
U02984,2026-03-25,Desktop,Paid Search,Mumbai,1,0,0,0,0,0,0,4.5
U02985,2026-03-05,Mobile,Referral,Hyderabad,1,0,0,0,0,0,0,3.8
U02986,2026-03-07,Tablet,Social Media,Pune,1,1,1,0,0,0,0,14.4
U02987,2026-03-11,Mobile,Referral,Mumbai,1,0,0,0,0,0,0,15.4
U02988,2026-02-17,Mobile,Referral,Hyderabad,1,0,0,0,0,0,0,12.2
U02989,2026-01-18,Desktop,Email,Delhi,1,1,0,0,0,0,0,9.2
U02990,2026-01-20,Desktop,Direct,Pune,1,0,0,0,0,0,0,4.8
U02991,2026-03-14,Mobile,Direct,Delhi,1,0,0,0,0,0,0,11.3
U02992,2026-03-08,Desktop,Social Media,Hyderabad,1,1,1,0,0,0,0,12.3
U02993,2026-02-09,Mobile,Organic Search,Pune,1,1,1,0,0,0,0,10.4
U02994,2026-01-18,Mobile,Paid Search,Delhi,1,0,0,0,0,0,0,4.3
U02995,2026-01-12,Mobile,Referral,Bengaluru,1,1,0,0,0,0,0,15.6
U02996,2026-03-24,Desktop,Email,Bengaluru,1,0,0,0,0,0,0,2.5
U02997,2026-01-26,Mobile,Organic Search,Chennai,1,1,0,0,0,0,0,4.6
U02998,2026-02-02,Mobile,Organic Search,Pune,1,1,1,1,0,0,0,4.2
U02999,2026-01-06,Mobile,Email,Bengaluru,1,0,0,0,0,0,0,3.1
U03000,2026-02-27,Desktop,Paid Search,Hyderabad,1,1,1,0,0,0,0,7.6
U03001,2026-02-26,Desktop,Social Media,Pune,1,0,0,0,0,0,0,13.2
U03002,2026-01-09,Desktop,Email,Hyderabad,1,0,0,0,0,0,0,11
U03003,2026-01-10,Mobile,Social Media,Other,1,1,1,1,1,1,7141.12,2.3
U03004,2026-02-13,Desktop,Organic Search,Bengaluru,1,0,0,0,0,0,0,5.8
U03005,2026-02-22,Mobile,Organic Search,Chennai,1,0,0,0,0,0,0,8.8
U03006,2026-01-27,Desktop,Organic Search,Hyderabad,1,0,0,0,0,0,0,5.7
U03007,2026-03-22,Desktop,Paid Search,Other,1,0,0,0,0,0,0,4
U03008,2026-02-21,Mobile,Social Media,Delhi,1,1,1,1,1,1,1281.71,2.6
U03009,2026-03-25,Desktop,Social Media,Other,1,1,1,0,0,0,0,1.7
U03010,2026-03-05,Mobile,Organic Search,Delhi,1,0,0,0,0,0,0,10.4
U03011,2026-02-23,Mobile,Organic Search,Hyderabad,1,0,0,0,0,0,0,13.8
U03012,2026-01-13,Mobile,Organic Search,Bengaluru,1,0,0,0,0,0,0,9.5
U03013,2026-01-31,Mobile,Direct,Chennai,1,0,0,0,0,0,0,16.3
U03014,2026-03-22,Mobile,Social Media,Mumbai,1,0,0,0,0,0,0,3.2
U03015,2026-02-18,Desktop,Direct,Other,1,0,0,0,0,0,0,4.7
U03016,2026-03-16,Mobile,Referral,Chennai,1,0,0,0,0,0,0,10.9
U03017,2026-01-27,Desktop,Social Media,Delhi,1,1,1,1,1,1,1699.33,9.3
U03018,2026-01-13,Mobile,Email,Other,1,1,0,0,0,0,0,5.8
U03019,2026-02-15,Mobile,Organic Search,Hyderabad,1,1,1,1,1,1,2686.95,2.7
U03020,2026-02-20,Desktop,Email,Pune,1,1,1,1,0,0,0,14.3
U03021,2026-02-12,Mobile,Paid Search,Chennai,1,0,0,0,0,0,0,10.4
U03022,2026-03-20,Mobile,Referral,Delhi,1,1,1,0,0,0,0,9.6
U03023,2026-03-27,Desktop,Organic Search,Bengaluru,1,1,0,0,0,0,0,1.8
U03024,2026-03-30,Mobile,Referral,Bengaluru,1,1,0,0,0,0,0,13.4
U03025,2026-01-19,Mobile,Organic Search,Hyderabad,1,0,0,0,0,0,0,11.9
U03026,2026-01-29,Mobile,Direct,Other,1,1,1,1,0,0,0,12
U03027,2026-03-28,Tablet,Paid Search,Pune,1,1,0,0,0,0,0,5
U03028,2026-03-24,Desktop,Email,Hyderabad,1,0,0,0,0,0,0,3.5
U03029,2026-03-08,Desktop,Social Media,Other,1,1,1,0,0,0,0,4.7
U03030,2026-01-19,Desktop,Paid Search,Mumbai,1,0,0,0,0,0,0,9.3
U03031,2026-01-13,Mobile,Email,Pune,1,0,0,0,0,0,0,4.8
U03032,2026-03-29,Mobile,Direct,Hyderabad,1,0,0,0,0,0,0,15.3
U03033,2026-02-07,Desktop,Organic Search,Chennai,1,0,0,0,0,0,0,3
U03034,2026-02-04,Mobile,Direct,Delhi,1,1,1,1,1,0,0,3.7
U03035,2026-02-02,Mobile,Social Media,Hyderabad,1,0,0,0,0,0,0,3.7
U03036,2026-02-14,Mobile,Referral,Chennai,1,0,0,0,0,0,0,8.7
U03037,2026-02-26,Mobile,Paid Search,Chennai,1,1,1,0,0,0,0,7
U03038,2026-02-18,Tablet,Social Media,Bengaluru,1,0,0,0,0,0,0,2.7
U03039,2026-03-07,Mobile,Direct,Bengaluru,1,1,0,0,0,0,0,9.6
U03040,2026-03-24,Mobile,Paid Search,Other,1,1,1,0,0,0,0,11.1
U03041,2026-02-08,Mobile,Social Media,Bengaluru,1,0,0,0,0,0,0,6.6
U03042,2026-02-16,Tablet,Organic Search,Bengaluru,1,1,1,1,1,1,1258.53,5.1
U03043,2026-02-02,Mobile,Organic Search,Mumbai,1,1,1,0,0,0,0,1.4
U03044,2026-02-19,Mobile,Email,Delhi,1,1,1,0,0,0,0,16.6
U03045,2026-03-07,Desktop,Email,Delhi,1,1,1,0,0,0,0,5.6
U03046,2026-02-02,Desktop,Social Media,Delhi,1,1,1,1,1,1,2897.63,5.3
U03047,2026-02-18,Mobile,Organic Search,Hyderabad,1,0,0,0,0,0,0,2.9
U03048,2026-03-12,Mobile,Paid Search,Chennai,1,0,0,0,0,0,0,5
U03049,2026-01-10,Mobile,Paid Search,Delhi,1,1,0,0,0,0,0,4.5
U03050,2026-01-28,Mobile,Social Media,Other,1,1,1,0,0,0,0,2.1
U03051,2026-03-30,Mobile,Direct,Mumbai,1,0,0,0,0,0,0,4.8
U03052,2026-02-13,Mobile,Referral,Hyderabad,1,0,0,0,0,0,0,6.5
U03053,2026-01-13,Mobile,Organic Search,Chennai,1,0,0,0,0,0,0,7.3
U03054,2026-01-29,Mobile,Direct,Hyderabad,1,1,1,0,0,0,0,3.3
U03055,2026-02-09,Desktop,Social Media,Delhi,1,0,0,0,0,0,0,4.9
U03056,2026-01-09,Tablet,Email,Hyderabad,1,1,0,0,0,0,0,8.7
U03057,2026-01-29,Mobile,Organic Search,Hyderabad,1,1,0,0,0,0,0,2.7
U03058,2026-01-04,Mobile,Email,Chennai,1,0,0,0,0,0,0,11.9
U03059,2026-03-22,Mobile,Organic Search,Chennai,1,0,0,0,0,0,0,10.1
U03060,2026-03-22,Tablet,Paid Search,Chennai,1,1,1,1,1,1,6970.31,5.1
U03061,2026-01-19,Mobile,Organic Search,Chennai,1,0,0,0,0,0,0,17.7
U03062,2026-02-17,Mobile,Organic Search,Delhi,1,0,0,0,0,0,0,9.2
U03063,2026-03-08,Mobile,Organic Search,Bengaluru,1,0,0,0,0,0,0,18.4
U03064,2026-02-11,Desktop,Organic Search,Mumbai,1,1,0,0,0,0,0,4.2
U03065,2026-03-23,Desktop,Organic Search,Bengaluru,1,0,0,0,0,0,0,8.1
U03066,2026-03-26,Mobile,Email,Bengaluru,1,1,1,1,0,0,0,3.3
U03067,2026-02-27,Mobile,Organic Search,Mumbai,1,1,1,1,1,0,0,18.9
U03068,2026-03-29,Tablet,Social Media,Chennai,1,1,1,0,0,0,0,5.6
U03069,2026-02-28,Mobile,Organic Search,Delhi,1,0,0,0,0,0,0,5.4
U03070,2026-01-16,Desktop,Direct,Mumbai,1,0,0,0,0,0,0,2.9
U03071,2026-03-01,Desktop,Direct,Pune,1,0,0,0,0,0,0,9.7
U03072,2026-03-08,Mobile,Organic Search,Chennai,1,0,0,0,0,0,0,0.5
U03073,2026-01-17,Mobile,Social Media,Chennai,1,0,0,0,0,0,0,11.1
U03074,2026-03-05,Mobile,Organic Search,Delhi,1,1,1,1,1,1,2544.82,5
U03075,2026-02-02,Mobile,Direct,Bengaluru,1,1,1,0,0,0,0,13
U03076,2026-03-12,Desktop,Social Media,Chennai,1,0,0,0,0,0,0,2.8
U03077,2026-01-22,Tablet,Organic Search,Mumbai,1,0,0,0,0,0,0,7
U03078,2026-01-07,Mobile,Paid Search,Hyderabad,1,0,0,0,0,0,0,3.1
U03079,2026-01-05,Mobile,Organic Search,Chennai,1,0,0,0,0,0,0,6.4
U03080,2026-01-13,Tablet,Paid Search,Mumbai,1,1,1,1,1,1,3294.16,2.5
U03081,2026-01-10,Desktop,Email,Other,1,0,0,0,0,0,0,16.9
U03082,2026-01-14,Desktop,Social Media,Pune,1,0,0,0,0,0,0,13.2
U03083,2026-03-12,Mobile,Paid Search,Bengaluru,1,0,0,0,0,0,0,1.5
U03084,2026-01-31,Mobile,Organic Search,Chennai,1,0,0,0,0,0,0,11.2
U03085,2026-01-04,Desktop,Organic Search,Hyderabad,1,1,1,0,0,0,0,9.6
U03086,2026-02-17,Desktop,Organic Search,Bengaluru,1,0,0,0,0,0,0,1.8
U03087,2026-03-04,Mobile,Referral,Delhi,1,1,1,0,0,0,0,8.4
U03088,2026-01-04,Mobile,Organic Search,Hyderabad,1,0,0,0,0,0,0,3.6
U03089,2026-03-19,Mobile,Social Media,Bengaluru,1,1,1,0,0,0,0,2.8
U03090,2026-03-20,Mobile,Paid Search,Other,1,1,1,1,1,1,1150.96,5.4
U03091,2026-02-26,Mobile,Organic Search,Pune,1,1,1,0,0,0,0,6
U03092,2026-02-04,Tablet,Email,Delhi,1,0,0,0,0,0,0,4.4
U03093,2026-01-14,Mobile,Social Media,Pune,1,1,1,0,0,0,0,3.9
U03094,2026-03-18,Desktop,Paid Search,Delhi,1,0,0,0,0,0,0,3.1
U03095,2026-01-24,Mobile,Social Media,Hyderabad,1,0,0,0,0,0,0,7.3
U03096,2026-01-23,Desktop,Social Media,Mumbai,1,1,1,0,0,0,0,2
U03097,2026-02-22,Tablet,Paid Search,Chennai,1,1,1,0,0,0,0,3.6
U03098,2026-03-21,Mobile,Social Media,Bengaluru,1,0,0,0,0,0,0,10.2
U03099,2026-01-27,Mobile,Email,Pune,1,1,1,1,1,1,5495.37,1.7
U03100,2026-03-26,Mobile,Organic Search,Chennai,1,0,0,0,0,0,0,7.3
U03101,2026-01-08,Mobile,Social Media,Hyderabad,1,0,0,0,0,0,0,16.4
U03102,2026-02-02,Desktop,Organic Search,Bengaluru,1,1,1,0,0,0,0,0.5
U03103,2026-01-17,Desktop,Organic Search,Bengaluru,1,1,1,1,1,1,2845.37,3.1
U03104,2026-02-27,Mobile,Social Media,Pune,1,0,0,0,0,0,0,14.6
U03105,2026-03-03,Mobile,Direct,Mumbai,1,0,0,0,0,0,0,10.9
U03106,2026-03-19,Mobile,Direct,Mumbai,1,1,0,0,0,0,0,11.9
U03107,2026-01-30,Desktop,Organic Search,Chennai,1,1,1,1,1,1,3431.22,1.8
U03108,2026-02-15,Mobile,Paid Search,Mumbai,1,0,0,0,0,0,0,8.9
U03109,2026-01-17,Mobile,Social Media,Delhi,1,0,0,0,0,0,0,7.8
U03110,2026-03-08,Mobile,Organic Search,Mumbai,1,1,1,0,0,0,0,17.8
U03111,2026-02-26,Desktop,Referral,Other,1,1,1,0,0,0,0,9.1
U03112,2026-01-06,Mobile,Email,Other,1,1,1,1,1,1,1447.74,10.4
U03113,2026-02-25,Desktop,Direct,Other,1,1,1,0,0,0,0,5.8
U03114,2026-03-30,Mobile,Organic Search,Delhi,1,0,0,0,0,0,0,11
U03115,2026-03-11,Mobile,Organic Search,Other,1,1,1,0,0,0,0,9.9
U03116,2026-02-19,Desktop,Referral,Chennai,1,0,0,0,0,0,0,8.9
U03117,2026-03-08,Desktop,Email,Pune,1,0,0,0,0,0,0,4.3
U03118,2026-02-04,Mobile,Direct,Other,1,0,0,0,0,0,0,7.1
U03119,2026-01-19,Mobile,Organic Search,Other,1,1,1,0,0,0,0,9.4
U03120,2026-03-16,Mobile,Social Media,Pune,1,0,0,0,0,0,0,7.3
U03121,2026-01-15,Mobile,Social Media,Chennai,1,0,0,0,0,0,0,8.8
U03122,2026-02-06,Mobile,Organic Search,Hyderabad,1,0,0,0,0,0,0,9.7
U03123,2026-01-31,Mobile,Social Media,Bengaluru,1,0,0,0,0,0,0,6.4
U03124,2026-02-24,Mobile,Social Media,Delhi,1,0,0,0,0,0,0,18
U03125,2026-03-27,Desktop,Organic Search,Bengaluru,1,1,0,0,0,0,0,1.7
U03126,2026-03-12,Mobile,Paid Search,Chennai,1,0,0,0,0,0,0,7.9
U03127,2026-01-01,Desktop,Email,Mumbai,1,0,0,0,0,0,0,15.6
U03128,2026-02-23,Mobile,Social Media,Mumbai,1,1,1,1,0,0,0,14.8
U03129,2026-03-26,Tablet,Direct,Other,1,1,1,0,0,0,0,1.7
U03130,2026-02-03,Desktop,Paid Search,Delhi,1,1,1,0,0,0,0,7.5
U03131,2026-03-13,Desktop,Paid Search,Delhi,1,0,0,0,0,0,0,4.6
U03132,2026-01-27,Desktop,Direct,Mumbai,1,1,1,0,0,0,0,9.6
U03133,2026-02-12,Tablet,Direct,Pune,1,0,0,0,0,0,0,8.3
U03134,2026-03-28,Mobile,Organic Search,Bengaluru,1,1,1,0,0,0,0,1.2
U03135,2026-01-16,Mobile,Referral,Bengaluru,1,0,0,0,0,0,0,3.6
U03136,2026-03-19,Mobile,Organic Search,Other,1,0,0,0,0,0,0,22.2
U03137,2026-01-25,Desktop,Organic Search,Delhi,1,1,0,0,0,0,0,10.1
U03138,2026-03-10,Desktop,Paid Search,Delhi,1,0,0,0,0,0,0,8.9
U03139,2026-01-03,Mobile,Paid Search,Chennai,1,0,0,0,0,0,0,0.9
U03140,2026-03-09,Mobile,Referral,Bengaluru,1,1,1,1,0,0,0,3.9
U03141,2026-03-16,Mobile,Email,Mumbai,1,0,0,0,0,0,0,15.1
U03142,2026-03-13,Tablet,Direct,Hyderabad,1,1,0,0,0,0,0,8.7
U03143,2026-02-28,Mobile,Email,Chennai,1,1,0,0,0,0,0,7.7
U03144,2026-03-02,Mobile,Paid Search,Chennai,1,0,0,0,0,0,0,5.8
U03145,2026-03-27,Mobile,Email,Mumbai,1,0,0,0,0,0,0,4.5
U03146,2026-01-15,Mobile,Direct,Mumbai,1,1,1,0,0,0,0,4.9
U03147,2026-03-02,Desktop,Email,Other,1,1,1,1,1,0,0,7.2
U03148,2026-01-12,Desktop,Referral,Mumbai,1,1,1,0,0,0,0,16.8
U03149,2026-03-04,Desktop,Direct,Pune,1,0,0,0,0,0,0,5.5
U03150,2026-01-24,Mobile,Organic Search,Mumbai,1,1,1,1,1,0,0,2.4
U03151,2026-03-12,Desktop,Email,Mumbai,1,0,0,0,0,0,0,9.2
U03152,2026-01-24,Mobile,Direct,Hyderabad,1,0,0,0,0,0,0,8.5
U03153,2026-03-19,Desktop,Direct,Hyderabad,1,0,0,0,0,0,0,1.6
U03154,2026-03-03,Mobile,Organic Search,Mumbai,1,1,1,0,0,0,0,5.8
U03155,2026-01-13,Mobile,Social Media,Chennai,1,0,0,0,0,0,0,4
U03156,2026-01-10,Desktop,Email,Delhi,1,1,1,0,0,0,0,2.2
U03157,2026-03-06,Tablet,Organic Search,Mumbai,1,0,0,0,0,0,0,13.5
U03158,2026-01-05,Mobile,Social Media,Pune,1,0,0,0,0,0,0,13.6
U03159,2026-02-16,Desktop,Paid Search,Other,1,1,0,0,0,0,0,5.6
U03160,2026-01-08,Mobile,Paid Search,Hyderabad,1,0,0,0,0,0,0,5.2
U03161,2026-02-20,Mobile,Paid Search,Chennai,1,0,0,0,0,0,0,14.9
U03162,2026-03-19,Mobile,Social Media,Delhi,1,0,0,0,0,0,0,2.6
U03163,2026-02-06,Mobile,Paid Search,Bengaluru,1,1,0,0,0,0,0,5
U03164,2026-03-22,Mobile,Social Media,Bengaluru,1,0,0,0,0,0,0,4.1
U03165,2026-02-12,Mobile,Paid Search,Pune,1,0,0,0,0,0,0,9.6
U03166,2026-03-27,Mobile,Organic Search,Other,1,1,0,0,0,0,0,7.1
U03167,2026-02-26,Tablet,Organic Search,Delhi,1,0,0,0,0,0,0,2.4
U03168,2026-02-13,Mobile,Organic Search,Mumbai,1,0,0,0,0,0,0,13.9
U03169,2026-03-06,Desktop,Social Media,Chennai,1,1,1,0,0,0,0,0.9
U03170,2026-02-18,Mobile,Referral,Mumbai,1,0,0,0,0,0,0,8.8
U03171,2026-02-08,Desktop,Organic Search,Chennai,1,1,1,1,1,1,2569.11,3.6
U03172,2026-03-17,Mobile,Organic Search,Chennai,1,0,0,0,0,0,0,8.3
U03173,2026-01-30,Mobile,Email,Bengaluru,1,1,1,0,0,0,0,13.4
U03174,2026-03-21,Mobile,Paid Search,Other,1,1,0,0,0,0,0,10.4
U03175,2026-03-07,Mobile,Direct,Delhi,1,0,0,0,0,0,0,4.3
U03176,2026-02-20,Mobile,Email,Delhi,1,1,0,0,0,0,0,3.7
U03177,2026-03-20,Desktop,Paid Search,Other,1,1,0,0,0,0,0,3.9
U03178,2026-02-15,Desktop,Paid Search,Bengaluru,1,0,0,0,0,0,0,3.1
U03179,2026-01-08,Desktop,Social Media,Hyderabad,1,0,0,0,0,0,0,10.7
U03180,2026-01-06,Desktop,Organic Search,Pune,1,1,1,0,0,0,0,17.4
U03181,2026-02-28,Mobile,Organic Search,Other,1,0,0,0,0,0,0,3.7
U03182,2026-01-05,Mobile,Organic Search,Mumbai,1,0,0,0,0,0,0,3.2
U03183,2026-03-19,Mobile,Referral,Hyderabad,1,1,1,0,0,0,0,5.1
U03184,2026-03-09,Mobile,Social Media,Delhi,1,1,1,0,0,0,0,3.6
U03185,2026-01-03,Mobile,Organic Search,Hyderabad,1,0,0,0,0,0,0,3.9
U03186,2026-02-01,Mobile,Email,Mumbai,1,0,0,0,0,0,0,6.8
U03187,2026-03-29,Mobile,Paid Search,Bengaluru,1,0,0,0,0,0,0,9.8
U03188,2026-03-03,Mobile,Social Media,Other,1,1,1,0,0,0,0,19.6
U03189,2026-03-29,Desktop,Organic Search,Chennai,1,1,1,0,0,0,0,4.7
U03190,2026-01-30,Desktop,Social Media,Pune,1,0,0,0,0,0,0,9
U03191,2026-02-18,Mobile,Direct,Bengaluru,1,1,0,0,0,0,0,11.6
U03192,2026-01-12,Desktop,Organic Search,Chennai,1,0,0,0,0,0,0,7.3
U03193,2026-03-30,Tablet,Paid Search,Other,1,1,0,0,0,0,0,3.2
U03194,2026-02-19,Mobile,Organic Search,Bengaluru,1,0,0,0,0,0,0,7.3
U03195,2026-03-23,Mobile,Organic Search,Mumbai,1,0,0,0,0,0,0,15.8
U03196,2026-01-18,Mobile,Paid Search,Chennai,1,0,0,0,0,0,0,8
U03197,2026-02-16,Tablet,Referral,Delhi,1,0,0,0,0,0,0,17.5
U03198,2026-03-04,Desktop,Direct,Hyderabad,1,0,0,0,0,0,0,6.1
U03199,2026-02-13,Mobile,Organic Search,Chennai,1,0,0,0,0,0,0,10.6
U03200,2026-01-21,Mobile,Social Media,Delhi,1,1,1,1,1,1,4502.02,4.5
U03201,2026-02-17,Mobile,Email,Chennai,1,1,1,0,0,0,0,3.4
U03202,2026-03-07,Mobile,Social Media,Hyderabad,1,1,1,0,0,0,0,9.7
U03203,2026-02-01,Mobile,Paid Search,Delhi,1,0,0,0,0,0,0,11.6
U03204,2026-02-14,Desktop,Organic Search,Chennai,1,0,0,0,0,0,0,2.5
U03205,2026-02-20,Desktop,Social Media,Hyderabad,1,0,0,0,0,0,0,14.1
U03206,2026-02-22,Desktop,Paid Search,Mumbai,1,0,0,0,0,0,0,2.1
U03207,2026-01-28,Desktop,Referral,Other,1,0,0,0,0,0,0,8.3
U03208,2026-03-30,Desktop,Referral,Hyderabad,1,1,1,1,1,0,0,3.7
U03209,2026-03-03,Mobile,Organic Search,Mumbai,1,0,0,0,0,0,0,2.6
U03210,2026-01-29,Mobile,Organic Search,Delhi,1,1,1,0,0,0,0,6.9
U03211,2026-03-02,Mobile,Direct,Hyderabad,1,1,1,1,0,0,0,1.1
U03212,2026-01-08,Desktop,Social Media,Hyderabad,1,0,0,0,0,0,0,7.3
U03213,2026-02-15,Mobile,Direct,Chennai,1,1,0,0,0,0,0,11
U03214,2026-01-31,Desktop,Organic Search,Delhi,1,0,0,0,0,0,0,11.1
U03215,2026-03-07,Mobile,Social Media,Hyderabad,1,0,0,0,0,0,0,14.1
U03216,2026-03-03,Mobile,Social Media,Pune,1,0,0,0,0,0,0,6.8
U03217,2026-01-18,Mobile,Direct,Mumbai,1,1,1,1,1,0,0,2.7
U03218,2026-02-24,Mobile,Organic Search,Bengaluru,1,0,0,0,0,0,0,3.8
U03219,2026-03-26,Desktop,Organic Search,Mumbai,1,1,1,0,0,0,0,42.4
U03220,2026-02-06,Desktop,Paid Search,Other,1,0,0,0,0,0,0,5.1
U03221,2026-03-27,Mobile,Direct,Bengaluru,1,0,0,0,0,0,0,2
U03222,2026-01-30,Mobile,Direct,Chennai,1,0,0,0,0,0,0,15.4
U03223,2026-03-24,Mobile,Direct,Mumbai,1,1,0,0,0,0,0,2.6
U03224,2026-01-21,Mobile,Direct,Hyderabad,1,0,0,0,0,0,0,7.9
U03225,2026-03-19,Mobile,Organic Search,Hyderabad,1,1,1,0,0,0,0,2.8
U03226,2026-01-13,Desktop,Organic Search,Hyderabad,1,0,0,0,0,0,0,11.3
U03227,2026-01-19,Mobile,Organic Search,Bengaluru,1,0,0,0,0,0,0,2.8
U03228,2026-01-04,Mobile,Paid Search,Hyderabad,1,1,1,0,0,0,0,5.4
U03229,2026-01-21,Mobile,Referral,Pune,1,0,0,0,0,0,0,7.9
U03230,2026-01-24,Mobile,Direct,Other,1,0,0,0,0,0,0,7.7
U03231,2026-02-14,Mobile,Organic Search,Hyderabad,1,0,0,0,0,0,0,7.1
U03232,2026-01-13,Mobile,Social Media,Chennai,1,1,1,1,0,0,0,5.8
U03233,2026-01-22,Mobile,Direct,Hyderabad,1,1,0,0,0,0,0,16.8
U03234,2026-03-28,Mobile,Social Media,Hyderabad,1,0,0,0,0,0,0,2.9
U03235,2026-02-18,Mobile,Organic Search,Bengaluru,1,1,1,0,0,0,0,2.9
U03236,2026-02-17,Mobile,Social Media,Chennai,1,1,1,0,0,0,0,7.1
U03237,2026-01-17,Mobile,Paid Search,Other,1,0,0,0,0,0,0,11.3
U03238,2026-01-20,Tablet,Social Media,Chennai,1,0,0,0,0,0,0,2.2
U03239,2026-02-01,Mobile,Paid Search,Chennai,1,1,1,0,0,0,0,7.6
U03240,2026-02-19,Mobile,Organic Search,Bengaluru,1,1,1,1,0,0,0,4
U03241,2026-03-03,Mobile,Direct,Hyderabad,1,0,0,0,0,0,0,12.6
U03242,2026-01-15,Mobile,Social Media,Pune,1,1,1,0,0,0,0,4.2
U03243,2026-02-11,Mobile,Social Media,Hyderabad,1,0,0,0,0,0,0,4.9
U03244,2026-01-11,Desktop,Direct,Other,1,1,1,0,0,0,0,2.7
U03245,2026-02-06,Desktop,Organic Search,Hyderabad,1,0,0,0,0,0,0,5
U03246,2026-03-09,Mobile,Organic Search,Mumbai,1,0,0,0,0,0,0,3
U03247,2026-02-07,Mobile,Referral,Other,1,0,0,0,0,0,0,8.8
U03248,2026-03-22,Mobile,Paid Search,Hyderabad,1,0,0,0,0,0,0,7.5
U03249,2026-03-02,Desktop,Referral,Chennai,1,0,0,0,0,0,0,6.6
U03250,2026-03-02,Desktop,Paid Search,Delhi,1,1,1,0,0,0,0,1.5
U03251,2026-01-15,Mobile,Organic Search,Hyderabad,1,1,0,0,0,0,0,2.6
U03252,2026-01-28,Mobile,Social Media,Delhi,1,1,0,0,0,0,0,5.5
U03253,2026-03-28,Mobile,Organic Search,Hyderabad,1,0,0,0,0,0,0,2.2
U03254,2026-03-08,Mobile,Referral,Bengaluru,1,1,1,1,0,0,0,1.6
U03255,2026-01-21,Mobile,Email,Hyderabad,1,0,0,0,0,0,0,4.5
U03256,2026-01-29,Mobile,Direct,Other,1,0,0,0,0,0,0,12.8
U03257,2026-03-02,Desktop,Referral,Hyderabad,1,0,0,0,0,0,0,3.8
U03258,2026-01-16,Mobile,Organic Search,Hyderabad,1,0,0,0,0,0,0,8.9
U03259,2026-02-12,Mobile,Referral,Mumbai,1,0,0,0,0,0,0,2.8
U03260,2026-01-24,Desktop,Email,Bengaluru,1,0,0,0,0,0,0,13
U03261,2026-01-31,Mobile,Email,Chennai,1,1,1,0,0,0,0,4.7
U03262,2026-03-26,Mobile,Referral,Hyderabad,1,1,1,1,1,1,5523.12,1.5
U03263,2026-01-13,Mobile,Social Media,Delhi,1,1,1,1,1,1,4596.28,4.1
U03264,2026-01-25,Mobile,Social Media,Mumbai,1,0,0,0,0,0,0,2.4
U03265,2026-01-06,Desktop,Email,Bengaluru,1,1,1,1,0,0,0,2.3
U03266,2026-03-27,Mobile,Paid Search,Hyderabad,1,0,0,0,0,0,0,3.5
U03267,2026-03-20,Mobile,Organic Search,Mumbai,1,1,1,0,0,0,0,1
U03268,2026-02-12,Mobile,Social Media,Delhi,1,0,0,0,0,0,0,5
U03269,2026-03-23,Desktop,Organic Search,Bengaluru,1,0,0,0,0,0,0,5
U03270,2026-02-20,Desktop,Organic Search,Hyderabad,1,0,0,0,0,0,0,15.6
U03271,2026-03-16,Mobile,Organic Search,Bengaluru,1,0,0,0,0,0,0,13.8
U03272,2026-03-30,Mobile,Social Media,Delhi,1,0,0,0,0,0,0,12.8
U03273,2026-02-10,Desktop,Paid Search,Other,1,1,0,0,0,0,0,14
U03274,2026-03-30,Mobile,Referral,Hyderabad,1,1,1,0,0,0,0,8.9
U03275,2026-03-23,Desktop,Paid Search,Bengaluru,1,0,0,0,0,0,0,2.1
U03276,2026-02-04,Desktop,Social Media,Hyderabad,1,0,0,0,0,0,0,1.9
U03277,2026-02-13,Desktop,Paid Search,Bengaluru,1,1,1,1,1,0,0,2.9
U03278,2026-01-14,Mobile,Email,Chennai,1,0,0,0,0,0,0,21.6
U03279,2026-02-25,Mobile,Paid Search,Other,1,1,1,1,0,0,0,11.9
U03280,2026-03-25,Desktop,Direct,Hyderabad,1,1,1,1,0,0,0,5.4
U03281,2026-02-27,Mobile,Direct,Delhi,1,0,0,0,0,0,0,3.7
U03282,2026-02-12,Mobile,Referral,Chennai,1,0,0,0,0,0,0,3.7
U03283,2026-02-28,Desktop,Direct,Pune,1,1,1,0,0,0,0,11.9
U03284,2026-02-24,Desktop,Paid Search,Mumbai,1,1,1,1,0,0,0,4.2
U03285,2026-02-06,Mobile,Social Media,Hyderabad,1,0,0,0,0,0,0,13.8
U03286,2026-02-03,Mobile,Email,Other,1,0,0,0,0,0,0,7.4
U03287,2026-02-15,Mobile,Email,Hyderabad,1,1,1,0,0,0,0,10.3
U03288,2026-02-17,Desktop,Direct,Mumbai,1,0,0,0,0,0,0,22.3
U03289,2026-03-31,Desktop,Email,Pune,1,1,1,1,1,1,2380.12,1.7
U03290,2026-02-09,Mobile,Direct,Hyderabad,1,1,1,1,1,1,3360.26,2.8
U03291,2026-01-20,Mobile,Paid Search,Mumbai,1,1,1,0,0,0,0,7.8
U03292,2026-02-11,Desktop,Referral,Pune,1,0,0,0,0,0,0,9.1
U03293,2026-03-13,Mobile,Email,Other,1,1,0,0,0,0,0,4.4
U03294,2026-03-05,Mobile,Email,Delhi,1,0,0,0,0,0,0,11.3
U03295,2026-01-23,Tablet,Paid Search,Bengaluru,1,0,0,0,0,0,0,2.7
U03296,2026-02-20,Mobile,Referral,Delhi,1,0,0,0,0,0,0,6.2
U03297,2026-01-12,Desktop,Direct,Delhi,1,0,0,0,0,0,0,2.5
U03298,2026-02-20,Mobile,Organic Search,Delhi,1,1,1,0,0,0,0,18
U03299,2026-01-03,Mobile,Social Media,Pune,1,1,0,0,0,0,0,6.7
U03300,2026-01-07,Desktop,Paid Search,Hyderabad,1,0,0,0,0,0,0,11.6
U03301,2026-02-06,Mobile,Direct,Hyderabad,1,0,0,0,0,0,0,4.9
U03302,2026-01-20,Tablet,Social Media,Mumbai,1,0,0,0,0,0,0,8.9
U03303,2026-03-29,Mobile,Organic Search,Other,1,0,0,0,0,0,0,6.6
U03304,2026-02-27,Mobile,Paid Search,Chennai,1,1,0,0,0,0,0,2.9
U03305,2026-03-30,Mobile,Email,Other,1,0,0,0,0,0,0,1.9
U03306,2026-01-19,Mobile,Organic Search,Other,1,1,1,0,0,0,0,6.5
U03307,2026-01-27,Mobile,Social Media,Other,1,1,1,1,1,1,2133.92,3
U03308,2026-03-18,Mobile,Direct,Other,1,0,0,0,0,0,0,3.1
U03309,2026-03-27,Mobile,Direct,Pune,1,0,0,0,0,0,0,8.3
U03310,2026-02-05,Mobile,Organic Search,Pune,1,0,0,0,0,0,0,2.2
U03311,2026-03-01,Desktop,Direct,Delhi,1,0,0,0,0,0,0,6.6
U03312,2026-01-23,Desktop,Email,Hyderabad,1,0,0,0,0,0,0,10.4
U03313,2026-03-25,Desktop,Organic Search,Hyderabad,1,0,0,0,0,0,0,0.8
U03314,2026-01-30,Mobile,Organic Search,Hyderabad,1,1,0,0,0,0,0,9.9
U03315,2026-03-24,Mobile,Organic Search,Hyderabad,1,0,0,0,0,0,0,2.7
U03316,2026-02-08,Desktop,Referral,Hyderabad,1,1,1,0,0,0,0,6.6
U03317,2026-03-07,Mobile,Organic Search,Other,1,0,0,0,0,0,0,1.8
U03318,2026-02-03,Mobile,Organic Search,Delhi,1,0,0,0,0,0,0,5.9
U03319,2026-01-09,Desktop,Referral,Bengaluru,1,0,0,0,0,0,0,2.5
U03320,2026-03-26,Desktop,Social Media,Delhi,1,0,0,0,0,0,0,1.4
U03321,2026-03-25,Mobile,Referral,Chennai,1,0,0,0,0,0,0,3.6
U03322,2026-03-13,Mobile,Email,Hyderabad,1,1,1,1,0,0,0,9.9
U03323,2026-02-19,Desktop,Organic Search,Pune,1,1,0,0,0,0,0,11.2
U03324,2026-03-26,Mobile,Direct,Bengaluru,1,1,1,1,0,0,0,13.1
U03325,2026-03-21,Desktop,Organic Search,Delhi,1,1,1,0,0,0,0,2.9
U03326,2026-01-01,Desktop,Social Media,Bengaluru,1,1,1,0,0,0,0,6.6
U03327,2026-01-02,Desktop,Email,Chennai,1,1,1,0,0,0,0,8.3
U03328,2026-03-10,Mobile,Organic Search,Pune,1,0,0,0,0,0,0,2
U03329,2026-02-04,Mobile,Direct,Hyderabad,1,1,0,0,0,0,0,13.6
U03330,2026-03-15,Desktop,Social Media,Other,1,1,1,0,0,0,0,8.4
U03331,2026-02-14,Desktop,Organic Search,Hyderabad,1,1,1,0,0,0,0,5.2
U03332,2026-01-10,Desktop,Direct,Mumbai,1,0,0,0,0,0,0,0.5
U03333,2026-03-04,Mobile,Social Media,Other,1,0,0,0,0,0,0,4.6
U03334,2026-01-26,Mobile,Email,Other,1,1,1,0,0,0,0,7.7
U03335,2026-03-20,Desktop,Social Media,Bengaluru,1,1,1,1,1,1,3657.41,4.2
U03336,2026-01-03,Desktop,Referral,Hyderabad,1,1,0,0,0,0,0,4.2
U03337,2026-03-20,Desktop,Organic Search,Delhi,1,1,1,0,0,0,0,3.9
U03338,2026-02-15,Desktop,Paid Search,Hyderabad,1,0,0,0,0,0,0,3.6
U03339,2026-02-08,Mobile,Social Media,Chennai,1,0,0,0,0,0,0,8.5
U03340,2026-03-21,Desktop,Organic Search,Delhi,1,1,1,1,1,1,6023.73,4.1
U03341,2026-02-19,Desktop,Email,Mumbai,1,0,0,0,0,0,0,15.1
U03342,2026-03-01,Mobile,Paid Search,Hyderabad,1,1,1,0,0,0,0,27.3
U03343,2026-03-28,Desktop,Paid Search,Chennai,1,1,1,1,1,1,2638.21,4.8
U03344,2026-01-19,Mobile,Organic Search,Other,1,0,0,0,0,0,0,7.5
U03345,2026-01-10,Mobile,Email,Mumbai,1,0,0,0,0,0,0,2.1
U03346,2026-01-04,Desktop,Referral,Delhi,1,1,1,1,0,0,0,2
U03347,2026-02-08,Mobile,Paid Search,Bengaluru,1,0,0,0,0,0,0,10.9
U03348,2026-03-18,Mobile,Social Media,Hyderabad,1,0,0,0,0,0,0,1.6
U03349,2026-03-16,Mobile,Organic Search,Bengaluru,1,1,0,0,0,0,0,9.9
U03350,2026-02-12,Mobile,Social Media,Mumbai,1,1,1,0,0,0,0,10.6
U03351,2026-03-13,Mobile,Organic Search,Bengaluru,1,1,1,0,0,0,0,8
U03352,2026-02-06,Mobile,Social Media,Mumbai,1,0,0,0,0,0,0,2.6
U03353,2026-03-26,Desktop,Email,Delhi,1,0,0,0,0,0,0,10.3
U03354,2026-01-18,Mobile,Direct,Delhi,1,1,1,0,0,0,0,5.6
U03355,2026-01-29,Mobile,Paid Search,Hyderabad,1,1,1,1,1,0,0,5.1
U03356,2026-02-15,Mobile,Referral,Delhi,1,1,0,0,0,0,0,5.5
U03357,2026-02-19,Desktop,Social Media,Delhi,1,0,0,0,0,0,0,2.7
U03358,2026-01-17,Mobile,Direct,Hyderabad,1,0,0,0,0,0,0,3.2
U03359,2026-01-23,Desktop,Paid Search,Hyderabad,1,0,0,0,0,0,0,7.9
U03360,2026-01-06,Desktop,Paid Search,Mumbai,1,0,0,0,0,0,0,5.2
U03361,2026-02-04,Desktop,Direct,Chennai,1,0,0,0,0,0,0,7.4
U03362,2026-02-06,Mobile,Organic Search,Hyderabad,1,1,0,0,0,0,0,15.3
U03363,2026-03-30,Desktop,Organic Search,Hyderabad,1,0,0,0,0,0,0,10.1
U03364,2026-02-18,Mobile,Organic Search,Hyderabad,1,0,0,0,0,0,0,3.6
U03365,2026-01-03,Tablet,Referral,Other,1,0,0,0,0,0,0,5.5
U03366,2026-02-09,Desktop,Organic Search,Delhi,1,1,1,0,0,0,0,5.2
U03367,2026-03-01,Mobile,Direct,Mumbai,1,1,1,0,0,0,0,18.8
U03368,2026-02-04,Mobile,Social Media,Other,1,1,0,0,0,0,0,4.6
U03369,2026-02-09,Mobile,Organic Search,Mumbai,1,1,0,0,0,0,0,3.8
U03370,2026-02-28,Desktop,Paid Search,Delhi,1,1,1,1,0,0,0,5.2
U03371,2026-01-04,Mobile,Organic Search,Bengaluru,1,1,1,1,0,0,0,2.6
U03372,2026-02-10,Mobile,Social Media,Mumbai,1,0,0,0,0,0,0,5.2
U03373,2026-02-24,Mobile,Email,Hyderabad,1,0,0,0,0,0,0,3.9
U03374,2026-01-05,Desktop,Social Media,Chennai,1,0,0,0,0,0,0,12.3
U03375,2026-03-06,Desktop,Organic Search,Hyderabad,1,0,0,0,0,0,0,7.9
U03376,2026-01-31,Desktop,Email,Bengaluru,1,1,1,1,1,0,0,12.9
U03377,2026-03-01,Desktop,Referral,Hyderabad,1,0,0,0,0,0,0,10.9
U03378,2026-02-12,Mobile,Email,Chennai,1,1,1,0,0,0,0,3.2
U03379,2026-01-09,Mobile,Referral,Pune,1,0,0,0,0,0,0,1.2
U03380,2026-02-27,Desktop,Organic Search,Bengaluru,1,0,0,0,0,0,0,15.3
U03381,2026-01-16,Mobile,Direct,Pune,1,0,0,0,0,0,0,2.9
U03382,2026-03-11,Mobile,Paid Search,Mumbai,1,1,1,0,0,0,0,3.8
U03383,2026-03-29,Mobile,Organic Search,Chennai,1,1,1,1,0,0,0,11.1
U03384,2026-03-30,Mobile,Referral,Bengaluru,1,1,1,0,0,0,0,3.2
U03385,2026-02-03,Mobile,Direct,Other,1,1,1,1,1,0,0,4.9
U03386,2026-02-04,Desktop,Email,Hyderabad,1,0,0,0,0,0,0,3.9
U03387,2026-03-26,Mobile,Organic Search,Delhi,1,0,0,0,0,0,0,6.1
U03388,2026-03-18,Mobile,Paid Search,Mumbai,1,1,0,0,0,0,0,6
U03389,2026-02-07,Mobile,Social Media,Chennai,1,1,1,0,0,0,0,7.4
U03390,2026-02-19,Desktop,Direct,Bengaluru,1,0,0,0,0,0,0,1.4
U03391,2026-01-12,Mobile,Organic Search,Chennai,1,0,0,0,0,0,0,7.4
U03392,2026-01-30,Desktop,Referral,Pune,1,1,1,1,1,1,3333.72,4.9
U03393,2026-02-13,Desktop,Paid Search,Pune,1,0,0,0,0,0,0,9.1
U03394,2026-03-28,Mobile,Referral,Other,1,1,1,0,0,0,0,7.5
U03395,2026-03-30,Desktop,Direct,Bengaluru,1,1,1,0,0,0,0,3.1
U03396,2026-01-02,Tablet,Paid Search,Chennai,1,0,0,0,0,0,0,14.6
U03397,2026-03-15,Desktop,Paid Search,Hyderabad,1,0,0,0,0,0,0,23.5
U03398,2026-01-09,Desktop,Referral,Other,1,1,1,0,0,0,0,7.5
U03399,2026-03-12,Mobile,Social Media,Bengaluru,1,1,0,0,0,0,0,2.9
U03400,2026-01-12,Mobile,Email,Chennai,1,1,0,0,0,0,0,11.3
U03401,2026-02-03,Mobile,Social Media,Other,1,1,1,0,0,0,0,11.4
U03402,2026-03-20,Mobile,Organic Search,Mumbai,1,1,1,0,0,0,0,5.8
U03403,2026-02-18,Tablet,Referral,Mumbai,1,0,0,0,0,0,0,5.8
U03404,2026-02-20,Mobile,Organic Search,Hyderabad,1,1,0,0,0,0,0,5.8
U03405,2026-01-12,Desktop,Direct,Chennai,1,0,0,0,0,0,0,1.5
U03406,2026-01-06,Desktop,Paid Search,Other,1,0,0,0,0,0,0,12
U03407,2026-01-26,Desktop,Email,Mumbai,1,0,0,0,0,0,0,15.1
U03408,2026-03-10,Tablet,Paid Search,Bengaluru,1,0,0,0,0,0,0,5.2
U03409,2026-02-18,Mobile,Paid Search,Hyderabad,1,0,0,0,0,0,0,7.2
U03410,2026-02-20,Mobile,Paid Search,Bengaluru,1,1,1,0,0,0,0,12.1
U03411,2026-03-15,Mobile,Email,Mumbai,1,0,0,0,0,0,0,5.3
U03412,2026-03-26,Mobile,Social Media,Hyderabad,1,1,1,1,1,1,5217.61,7.1
U03413,2026-02-10,Mobile,Direct,Mumbai,1,1,1,1,0,0,0,4.6
U03414,2026-01-11,Mobile,Paid Search,Mumbai,1,0,0,0,0,0,0,4.1
U03415,2026-02-16,Desktop,Email,Delhi,1,0,0,0,0,0,0,4
U03416,2026-01-14,Mobile,Referral,Hyderabad,1,0,0,0,0,0,0,1.3
U03417,2026-01-16,Mobile,Organic Search,Delhi,1,0,0,0,0,0,0,6.9
U03418,2026-02-13,Desktop,Paid Search,Mumbai,1,0,0,0,0,0,0,1.3
U03419,2026-02-27,Mobile,Social Media,Bengaluru,1,0,0,0,0,0,0,7.9
U03420,2026-01-21,Mobile,Paid Search,Other,1,0,0,0,0,0,0,8.3
U03421,2026-01-14,Desktop,Paid Search,Hyderabad,1,0,0,0,0,0,0,8.6
U03422,2026-03-17,Desktop,Email,Mumbai,1,0,0,0,0,0,0,12.2
U03423,2026-01-26,Desktop,Organic Search,Bengaluru,1,1,1,0,0,0,0,9.6
U03424,2026-03-14,Mobile,Email,Mumbai,1,0,0,0,0,0,0,9.7
U03425,2026-01-03,Desktop,Direct,Mumbai,1,0,0,0,0,0,0,11.3
U03426,2026-03-29,Mobile,Social Media,Hyderabad,1,0,0,0,0,0,0,11.6
U03427,2026-02-18,Mobile,Social Media,Delhi,1,0,0,0,0,0,0,17.8
U03428,2026-02-10,Desktop,Organic Search,Mumbai,1,1,1,1,0,0,0,5.2
U03429,2026-01-19,Desktop,Direct,Delhi,1,0,0,0,0,0,0,9.3
U03430,2026-01-12,Mobile,Paid Search,Hyderabad,1,0,0,0,0,0,0,11
U03431,2026-02-24,Mobile,Social Media,Bengaluru,1,1,1,0,0,0,0,2.4
U03432,2026-01-02,Tablet,Direct,Mumbai,1,0,0,0,0,0,0,3
U03433,2026-01-28,Desktop,Social Media,Hyderabad,1,0,0,0,0,0,0,17.3
U03434,2026-02-11,Mobile,Email,Delhi,1,0,0,0,0,0,0,27.6
U03435,2026-03-06,Desktop,Paid Search,Hyderabad,1,0,0,0,0,0,0,6
U03436,2026-01-29,Mobile,Organic Search,Bengaluru,1,0,0,0,0,0,0,0.7
U03437,2026-01-03,Mobile,Referral,Pune,1,1,0,0,0,0,0,13.2
U03438,2026-03-28,Mobile,Organic Search,Delhi,1,0,0,0,0,0,0,5.2
U03439,2026-01-08,Tablet,Email,Mumbai,1,1,1,0,0,0,0,3.5
U03440,2026-03-19,Tablet,Organic Search,Pune,1,1,0,0,0,0,0,6.8
U03441,2026-01-28,Mobile,Direct,Delhi,1,1,1,0,0,0,0,3.3
U03442,2026-02-11,Mobile,Organic Search,Mumbai,1,1,1,0,0,0,0,3.6
U03443,2026-03-26,Mobile,Social Media,Other,1,1,0,0,0,0,0,7.3
U03444,2026-01-03,Tablet,Social Media,Delhi,1,0,0,0,0,0,0,1.2
U03445,2026-03-01,Tablet,Social Media,Mumbai,1,0,0,0,0,0,0,8.3
U03446,2026-02-20,Desktop,Paid Search,Chennai,1,1,0,0,0,0,0,14.5
U03447,2026-03-19,Desktop,Social Media,Other,1,1,1,1,1,1,3437.91,2.3
U03448,2026-01-19,Desktop,Paid Search,Bengaluru,1,0,0,0,0,0,0,9.1
U03449,2026-01-04,Mobile,Paid Search,Hyderabad,1,0,0,0,0,0,0,4.6
U03450,2026-03-28,Mobile,Paid Search,Hyderabad,1,1,1,0,0,0,0,11.2
U03451,2026-01-07,Mobile,Social Media,Hyderabad,1,0,0,0,0,0,0,9.6
U03452,2026-02-10,Desktop,Organic Search,Bengaluru,1,1,0,0,0,0,0,15.5
U03453,2026-01-16,Desktop,Direct,Pune,1,1,0,0,0,0,0,8
U03454,2026-03-06,Mobile,Social Media,Mumbai,1,1,1,1,1,1,4496.04,13.4
U03455,2026-02-22,Tablet,Organic Search,Hyderabad,1,0,0,0,0,0,0,4
U03456,2026-02-24,Mobile,Social Media,Delhi,1,0,0,0,0,0,0,5.7
U03457,2026-01-20,Mobile,Direct,Chennai,1,0,0,0,0,0,0,7.5
U03458,2026-03-31,Desktop,Organic Search,Mumbai,1,0,0,0,0,0,0,5.7
U03459,2026-01-04,Desktop,Email,Bengaluru,1,0,0,0,0,0,0,5.9
U03460,2026-02-06,Desktop,Social Media,Pune,1,1,1,1,0,0,0,2.8
U03461,2026-03-23,Mobile,Organic Search,Bengaluru,1,0,0,0,0,0,0,6.8
U03462,2026-03-22,Mobile,Referral,Hyderabad,1,0,0,0,0,0,0,3.6
U03463,2026-01-22,Desktop,Paid Search,Bengaluru,1,0,0,0,0,0,0,2.7
U03464,2026-02-13,Mobile,Paid Search,Delhi,1,1,0,0,0,0,0,4.3
U03465,2026-03-02,Mobile,Referral,Mumbai,1,0,0,0,0,0,0,4.1
U03466,2026-03-13,Desktop,Email,Hyderabad,1,1,1,0,0,0,0,8.1
U03467,2026-02-15,Mobile,Direct,Hyderabad,1,1,1,1,1,1,1837.22,4
U03468,2026-01-26,Desktop,Social Media,Delhi,1,1,1,1,1,1,1089.35,2.7
U03469,2026-01-03,Desktop,Email,Delhi,1,0,0,0,0,0,0,6.3
U03470,2026-03-30,Mobile,Referral,Bengaluru,1,1,1,0,0,0,0,5.1
U03471,2026-02-24,Mobile,Organic Search,Pune,1,0,0,0,0,0,0,4.8
U03472,2026-02-06,Desktop,Referral,Other,1,1,0,0,0,0,0,11.2
U03473,2026-02-16,Mobile,Social Media,Bengaluru,1,0,0,0,0,0,0,17.2
U03474,2026-02-17,Desktop,Organic Search,Mumbai,1,1,1,0,0,0,0,13.8
U03475,2026-02-05,Desktop,Social Media,Hyderabad,1,0,0,0,0,0,0,5
U03476,2026-01-15,Desktop,Organic Search,Delhi,1,0,0,0,0,0,0,6
U03477,2026-01-07,Tablet,Email,Chennai,1,0,0,0,0,0,0,1.5
U03478,2026-01-31,Mobile,Social Media,Hyderabad,1,0,0,0,0,0,0,3.7
U03479,2026-03-02,Mobile,Direct,Delhi,1,1,1,0,0,0,0,11.5
U03480,2026-02-15,Mobile,Organic Search,Pune,1,1,0,0,0,0,0,3.8
U03481,2026-01-15,Mobile,Social Media,Hyderabad,1,1,1,0,0,0,0,4.3
U03482,2026-01-13,Mobile,Organic Search,Hyderabad,1,0,0,0,0,0,0,2.4
U03483,2026-01-22,Mobile,Social Media,Bengaluru,1,0,0,0,0,0,0,3.2
U03484,2026-02-19,Tablet,Email,Mumbai,1,0,0,0,0,0,0,3.2
U03485,2026-02-21,Mobile,Email,Delhi,1,0,0,0,0,0,0,14.8
U03486,2026-02-25,Mobile,Referral,Mumbai,1,1,0,0,0,0,0,4.8
U03487,2026-02-13,Mobile,Direct,Mumbai,1,0,0,0,0,0,0,9.9
U03488,2026-03-28,Mobile,Organic Search,Delhi,1,1,0,0,0,0,0,8.1
U03489,2026-03-08,Mobile,Paid Search,Mumbai,1,1,1,1,1,0,0,9.5
U03490,2026-01-20,Mobile,Email,Mumbai,1,1,0,0,0,0,0,15
U03491,2026-03-24,Mobile,Social Media,Mumbai,1,1,1,1,1,1,4200.75,3.9
U03492,2026-02-15,Mobile,Organic Search,Pune,1,0,0,0,0,0,0,6.8
U03493,2026-02-17,Desktop,Social Media,Bengaluru,1,0,0,0,0,0,0,9.9
U03494,2026-01-30,Desktop,Paid Search,Bengaluru,1,1,1,1,1,1,2703.49,8.6
U03495,2026-02-11,Desktop,Paid Search,Hyderabad,1,1,1,0,0,0,0,2.8
U03496,2026-02-10,Mobile,Referral,Pune,1,0,0,0,0,0,0,9.4
U03497,2026-01-30,Desktop,Paid Search,Chennai,1,0,0,0,0,0,0,2.4
U03498,2026-01-24,Desktop,Organic Search,Bengaluru,1,1,1,0,0,0,0,7.4
U03499,2026-01-12,Mobile,Organic Search,Other,1,0,0,0,0,0,0,6.5
U03500,2026-02-13,Desktop,Direct,Other,1,1,1,0,0,0,0,6.1
U03501,2026-02-22,Mobile,Direct,Other,1,0,0,0,0,0,0,4.8
U03502,2026-01-17,Desktop,Email,Hyderabad,1,1,1,0,0,0,0,2.2
U03503,2026-03-14,Tablet,Paid Search,Pune,1,1,1,0,0,0,0,9.3
U03504,2026-03-20,Mobile,Direct,Bengaluru,1,1,0,0,0,0,0,18.9
U03505,2026-01-25,Desktop,Email,Hyderabad,1,0,0,0,0,0,0,15.2
U03506,2026-01-12,Desktop,Referral,Chennai,1,1,1,1,1,1,2142.79,8.2
U03507,2026-03-19,Tablet,Referral,Chennai,1,1,1,1,0,0,0,12.4
U03508,2026-03-25,Mobile,Paid Search,Hyderabad,1,1,0,0,0,0,0,7.7
U03509,2026-02-15,Desktop,Social Media,Mumbai,1,0,0,0,0,0,0,3.3
U03510,2026-02-18,Mobile,Organic Search,Pune,1,0,0,0,0,0,0,8.2
U03511,2026-02-14,Mobile,Paid Search,Bengaluru,1,0,0,0,0,0,0,21.4
U03512,2026-02-06,Mobile,Referral,Bengaluru,1,0,0,0,0,0,0,2.5
U03513,2026-01-27,Tablet,Direct,Bengaluru,1,1,1,0,0,0,0,7.5
U03514,2026-01-30,Desktop,Email,Other,1,0,0,0,0,0,0,5.4
U03515,2026-01-25,Desktop,Social Media,Hyderabad,1,1,1,1,1,1,2645.13,15.9
U03516,2026-03-22,Tablet,Organic Search,Chennai,1,0,0,0,0,0,0,4.7
U03517,2026-01-26,Mobile,Organic Search,Bengaluru,1,0,0,0,0,0,0,10.6
U03518,2026-03-12,Mobile,Paid Search,Pune,1,1,1,1,0,0,0,5.8
U03519,2026-02-16,Mobile,Social Media,Hyderabad,1,1,1,1,0,0,0,7
U03520,2026-02-08,Mobile,Social Media,Chennai,1,1,0,0,0,0,0,8.9
U03521,2026-03-25,Mobile,Organic Search,Chennai,1,1,1,1,1,0,0,14.9
U03522,2026-01-08,Mobile,Direct,Pune,1,1,1,0,0,0,0,1.2
U03523,2026-01-28,Mobile,Paid Search,Bengaluru,1,1,1,1,0,0,0,13.5
U03524,2026-01-15,Mobile,Referral,Mumbai,1,1,1,0,0,0,0,4.9
U03525,2026-03-22,Mobile,Social Media,Hyderabad,1,1,1,1,1,1,5601.45,12.3
U03526,2026-01-26,Mobile,Organic Search,Other,1,0,0,0,0,0,0,3.9
U03527,2026-02-22,Tablet,Referral,Mumbai,1,1,1,1,1,1,2437.9,5.2
U03528,2026-01-15,Desktop,Email,Mumbai,1,1,1,0,0,0,0,3
U03529,2026-02-24,Tablet,Social Media,Chennai,1,0,0,0,0,0,0,5.2
U03530,2026-01-13,Mobile,Social Media,Bengaluru,1,0,0,0,0,0,0,0.8
U03531,2026-01-20,Mobile,Organic Search,Bengaluru,1,1,1,1,0,0,0,4.7
U03532,2026-03-22,Desktop,Email,Mumbai,1,0,0,0,0,0,0,1
U03533,2026-03-30,Mobile,Direct,Other,1,1,1,1,0,0,0,5.9
U03534,2026-03-26,Mobile,Organic Search,Bengaluru,1,0,0,0,0,0,0,3.6
U03535,2026-01-08,Mobile,Paid Search,Pune,1,0,0,0,0,0,0,6
U03536,2026-01-17,Mobile,Direct,Hyderabad,1,0,0,0,0,0,0,0.8
U03537,2026-02-03,Mobile,Paid Search,Other,1,0,0,0,0,0,0,10.3
U03538,2026-02-17,Mobile,Email,Bengaluru,1,1,1,0,0,0,0,9.7
U03539,2026-01-10,Desktop,Social Media,Bengaluru,1,1,1,0,0,0,0,4.9
U03540,2026-03-19,Mobile,Social Media,Chennai,1,0,0,0,0,0,0,4.6
U03541,2026-03-16,Mobile,Paid Search,Delhi,1,0,0,0,0,0,0,8.8
U03542,2026-03-16,Desktop,Paid Search,Delhi,1,0,0,0,0,0,0,25.5
U03543,2026-01-29,Mobile,Organic Search,Chennai,1,1,0,0,0,0,0,8.7
U03544,2026-01-16,Mobile,Email,Mumbai,1,0,0,0,0,0,0,2.7
U03545,2026-01-19,Desktop,Email,Hyderabad,1,0,0,0,0,0,0,3.7
U03546,2026-03-27,Mobile,Email,Bengaluru,1,0,0,0,0,0,0,3
U03547,2026-01-24,Mobile,Email,Bengaluru,1,1,0,0,0,0,0,10.5
U03548,2026-02-12,Mobile,Organic Search,Mumbai,1,0,0,0,0,0,0,4.1
U03549,2026-02-25,Mobile,Organic Search,Mumbai,1,0,0,0,0,0,0,9.2
U03550,2026-02-08,Mobile,Referral,Delhi,1,1,0,0,0,0,0,7.1
U03551,2026-01-09,Desktop,Social Media,Delhi,1,1,1,0,0,0,0,2.8
U03552,2026-02-17,Mobile,Paid Search,Bengaluru,1,1,0,0,0,0,0,4.2
U03553,2026-02-02,Mobile,Organic Search,Delhi,1,0,0,0,0,0,0,5.8
U03554,2026-02-11,Mobile,Organic Search,Hyderabad,1,0,0,0,0,0,0,5.1
U03555,2026-02-03,Mobile,Paid Search,Delhi,1,1,0,0,0,0,0,3.2
U03556,2026-02-14,Desktop,Referral,Hyderabad,1,1,1,1,1,1,2917.41,2
U03557,2026-02-05,Mobile,Direct,Delhi,1,0,0,0,0,0,0,1.4
U03558,2026-02-01,Mobile,Direct,Mumbai,1,0,0,0,0,0,0,12.2
U03559,2026-03-23,Mobile,Direct,Chennai,1,1,1,0,0,0,0,13.8
U03560,2026-01-26,Mobile,Direct,Delhi,1,1,0,0,0,0,0,7
U03561,2026-03-21,Mobile,Social Media,Hyderabad,1,1,1,1,1,1,3498.86,13.5
U03562,2026-02-02,Desktop,Organic Search,Bengaluru,1,0,0,0,0,0,0,6.9
U03563,2026-03-29,Mobile,Referral,Mumbai,1,1,0,0,0,0,0,11
U03564,2026-02-12,Mobile,Organic Search,Pune,1,0,0,0,0,0,0,4.2
U03565,2026-01-06,Mobile,Paid Search,Chennai,1,0,0,0,0,0,0,7.2
U03566,2026-02-21,Desktop,Organic Search,Bengaluru,1,1,1,1,1,0,0,7
U03567,2026-03-01,Mobile,Social Media,Mumbai,1,0,0,0,0,0,0,4.2
U03568,2026-03-19,Desktop,Paid Search,Mumbai,1,0,0,0,0,0,0,3.1
U03569,2026-03-25,Desktop,Organic Search,Chennai,1,1,1,0,0,0,0,6.1
U03570,2026-03-31,Desktop,Social Media,Pune,1,0,0,0,0,0,0,7.1
U03571,2026-03-19,Mobile,Direct,Mumbai,1,1,1,0,0,0,0,4.1
U03572,2026-02-28,Mobile,Social Media,Hyderabad,1,1,0,0,0,0,0,5.2
U03573,2026-02-13,Desktop,Direct,Bengaluru,1,1,1,1,0,0,0,8.8
U03574,2026-01-24,Tablet,Organic Search,Chennai,1,1,1,0,0,0,0,9.4
U03575,2026-03-12,Desktop,Organic Search,Delhi,1,1,1,0,0,0,0,14.8
U03576,2026-03-08,Mobile,Social Media,Bengaluru,1,0,0,0,0,0,0,4.8
U03577,2026-02-09,Mobile,Social Media,Other,1,0,0,0,0,0,0,3.4
U03578,2026-03-31,Mobile,Email,Bengaluru,1,1,1,0,0,0,0,11.3
U03579,2026-01-20,Desktop,Referral,Mumbai,1,0,0,0,0,0,0,6.7
U03580,2026-01-25,Mobile,Referral,Hyderabad,1,1,1,0,0,0,0,4.9
U03581,2026-02-01,Mobile,Direct,Pune,1,0,0,0,0,0,0,16.3
U03582,2026-03-12,Desktop,Paid Search,Delhi,1,0,0,0,0,0,0,6.7
U03583,2026-02-21,Mobile,Organic Search,Hyderabad,1,0,0,0,0,0,0,7.8
U03584,2026-03-26,Desktop,Social Media,Other,1,0,0,0,0,0,0,6.1
U03585,2026-01-21,Mobile,Organic Search,Bengaluru,1,1,0,0,0,0,0,6.5
U03586,2026-02-18,Mobile,Paid Search,Delhi,1,1,1,1,1,1,770.7,2.4
U03587,2026-01-23,Mobile,Organic Search,Pune,1,0,0,0,0,0,0,13.6
U03588,2026-03-05,Desktop,Paid Search,Delhi,1,1,1,0,0,0,0,2.7
U03589,2026-01-12,Mobile,Organic Search,Other,1,0,0,0,0,0,0,4.5
U03590,2026-03-09,Mobile,Organic Search,Pune,1,1,1,1,1,1,1732.74,3.4
U03591,2026-03-24,Tablet,Email,Other,1,1,1,0,0,0,0,13.5
U03592,2026-01-05,Mobile,Social Media,Hyderabad,1,0,0,0,0,0,0,4.2
U03593,2026-03-06,Mobile,Email,Bengaluru,1,0,0,0,0,0,0,18.1
U03594,2026-03-05,Mobile,Email,Mumbai,1,1,1,1,1,1,2741.12,8.1
U03595,2026-02-12,Mobile,Organic Search,Delhi,1,1,0,0,0,0,0,16.7
U03596,2026-02-17,Desktop,Paid Search,Mumbai,1,1,0,0,0,0,0,10.2
U03597,2026-01-02,Mobile,Organic Search,Hyderabad,1,1,1,1,0,0,0,6.6
U03598,2026-03-07,Mobile,Referral,Pune,1,1,1,1,0,0,0,7.4
U03599,2026-03-16,Mobile,Email,Other,1,1,1,1,1,1,3766.94,1.8
U03600,2026-03-14,Desktop,Organic Search,Chennai,1,1,1,0,0,0,0,13.9
U03601,2026-03-08,Mobile,Paid Search,Bengaluru,1,0,0,0,0,0,0,28.4
U03602,2026-02-02,Mobile,Direct,Hyderabad,1,0,0,0,0,0,0,2.1
U03603,2026-01-23,Mobile,Social Media,Bengaluru,1,1,0,0,0,0,0,5.1
U03604,2026-03-23,Mobile,Referral,Delhi,1,0,0,0,0,0,0,4
U03605,2026-03-03,Mobile,Paid Search,Other,1,0,0,0,0,0,0,3.8
U03606,2026-03-15,Mobile,Organic Search,Hyderabad,1,1,1,1,1,1,1144.16,6.9
U03607,2026-02-28,Desktop,Referral,Mumbai,1,0,0,0,0,0,0,7
U03608,2026-03-21,Mobile,Email,Delhi,1,1,1,1,1,1,4087.78,6.1
U03609,2026-01-27,Tablet,Email,Bengaluru,1,1,1,1,1,0,0,7.4
U03610,2026-03-09,Tablet,Social Media,Mumbai,1,0,0,0,0,0,0,7.6
U03611,2026-02-12,Mobile,Social Media,Delhi,1,0,0,0,0,0,0,9.3
U03612,2026-02-23,Mobile,Email,Pune,1,1,1,0,0,0,0,4.9
U03613,2026-03-06,Mobile,Paid Search,Chennai,1,0,0,0,0,0,0,4.5
U03614,2026-02-15,Desktop,Paid Search,Delhi,1,0,0,0,0,0,0,4.2
U03615,2026-01-12,Mobile,Direct,Bengaluru,1,1,1,0,0,0,0,5.3
U03616,2026-02-24,Mobile,Paid Search,Bengaluru,1,1,1,0,0,0,0,3.9
U03617,2026-02-27,Mobile,Social Media,Hyderabad,1,0,0,0,0,0,0,3.3
U03618,2026-01-09,Desktop,Email,Bengaluru,1,1,1,0,0,0,0,9.9
U03619,2026-02-15,Desktop,Direct,Hyderabad,1,1,1,0,0,0,0,9.7
U03620,2026-02-06,Mobile,Paid Search,Bengaluru,1,0,0,0,0,0,0,11
U03621,2026-03-06,Desktop,Paid Search,Mumbai,1,1,1,0,0,0,0,7.4
U03622,2026-03-24,Mobile,Referral,Mumbai,1,0,0,0,0,0,0,2.7
U03623,2026-03-18,Mobile,Referral,Hyderabad,1,0,0,0,0,0,0,6.7
U03624,2026-03-05,Desktop,Email,Bengaluru,1,1,1,0,0,0,0,8
U03625,2026-03-14,Mobile,Social Media,Mumbai,1,1,1,0,0,0,0,4.6
U03626,2026-01-22,Mobile,Paid Search,Bengaluru,1,0,0,0,0,0,0,18.5
U03627,2026-01-25,Mobile,Social Media,Chennai,1,1,0,0,0,0,0,16
U03628,2026-01-09,Desktop,Direct,Delhi,1,0,0,0,0,0,0,3.3
U03629,2026-02-04,Desktop,Direct,Hyderabad,1,0,0,0,0,0,0,4.3
U03630,2026-02-22,Desktop,Organic Search,Bengaluru,1,0,0,0,0,0,0,1
U03631,2026-02-15,Desktop,Paid Search,Hyderabad,1,0,0,0,0,0,0,9.4
U03632,2026-02-15,Mobile,Social Media,Hyderabad,1,0,0,0,0,0,0,5.8
U03633,2026-03-04,Mobile,Direct,Other,1,1,1,0,0,0,0,6.3
U03634,2026-02-26,Mobile,Email,Bengaluru,1,0,0,0,0,0,0,12.2
U03635,2026-03-14,Mobile,Paid Search,Mumbai,1,0,0,0,0,0,0,10.9
U03636,2026-01-07,Mobile,Organic Search,Delhi,1,1,1,0,0,0,0,7.2
U03637,2026-03-22,Tablet,Social Media,Hyderabad,1,0,0,0,0,0,0,1.6
U03638,2026-03-17,Mobile,Organic Search,Bengaluru,1,1,1,1,0,0,0,1.1
U03639,2026-03-14,Mobile,Referral,Pune,1,0,0,0,0,0,0,6.7
U03640,2026-01-06,Mobile,Referral,Pune,1,0,0,0,0,0,0,11.4
U03641,2026-03-29,Mobile,Social Media,Bengaluru,1,1,1,1,0,0,0,10.2
U03642,2026-01-19,Desktop,Paid Search,Bengaluru,1,0,0,0,0,0,0,13.2
U03643,2026-02-24,Mobile,Direct,Delhi,1,0,0,0,0,0,0,12.3
U03644,2026-03-05,Mobile,Paid Search,Bengaluru,1,0,0,0,0,0,0,14.3
U03645,2026-03-22,Desktop,Organic Search,Hyderabad,1,0,0,0,0,0,0,3.5
U03646,2026-03-19,Mobile,Direct,Bengaluru,1,1,1,0,0,0,0,8.5
U03647,2026-03-06,Mobile,Referral,Chennai,1,0,0,0,0,0,0,15.8
U03648,2026-02-25,Mobile,Referral,Hyderabad,1,1,1,0,0,0,0,9.9
U03649,2026-03-23,Mobile,Organic Search,Chennai,1,1,1,0,0,0,0,6.6
U03650,2026-03-29,Tablet,Organic Search,Delhi,1,0,0,0,0,0,0,4.7
U03651,2026-03-21,Desktop,Organic Search,Mumbai,1,1,1,0,0,0,0,11.2
U03652,2026-01-18,Mobile,Organic Search,Hyderabad,1,1,1,0,0,0,0,3.5
U03653,2026-01-11,Desktop,Referral,Chennai,1,1,1,0,0,0,0,4.6
U03654,2026-03-05,Mobile,Organic Search,Delhi,1,0,0,0,0,0,0,4.4
U03655,2026-02-03,Mobile,Email,Hyderabad,1,0,0,0,0,0,0,5.8
U03656,2026-02-07,Mobile,Paid Search,Hyderabad,1,0,0,0,0,0,0,4.3
U03657,2026-03-07,Mobile,Paid Search,Bengaluru,1,0,0,0,0,0,0,5
U03658,2026-02-05,Mobile,Direct,Hyderabad,1,0,0,0,0,0,0,15.9
U03659,2026-01-27,Mobile,Organic Search,Other,1,1,1,0,0,0,0,6.6
U03660,2026-01-08,Desktop,Paid Search,Mumbai,1,0,0,0,0,0,0,10.6
U03661,2026-03-21,Mobile,Paid Search,Bengaluru,1,1,1,0,0,0,0,12
U03662,2026-03-20,Mobile,Organic Search,Delhi,1,0,0,0,0,0,0,17.7
U03663,2026-01-01,Mobile,Social Media,Bengaluru,1,1,1,1,1,0,0,9
U03664,2026-03-31,Mobile,Paid Search,Hyderabad,1,1,1,0,0,0,0,14.1
U03665,2026-03-08,Mobile,Email,Bengaluru,1,0,0,0,0,0,0,11.9
U03666,2026-03-06,Mobile,Referral,Mumbai,1,1,0,0,0,0,0,4.7
U03667,2026-01-04,Desktop,Social Media,Hyderabad,1,0,0,0,0,0,0,7.3
U03668,2026-01-10,Mobile,Organic Search,Bengaluru,1,1,1,0,0,0,0,3
U03669,2026-03-12,Mobile,Social Media,Bengaluru,1,1,1,0,0,0,0,2.7
U03670,2026-03-20,Mobile,Organic Search,Bengaluru,1,0,0,0,0,0,0,6.1
U03671,2026-03-14,Mobile,Social Media,Delhi,1,1,1,1,0,0,0,5.4
U03672,2026-03-10,Mobile,Email,Pune,1,0,0,0,0,0,0,9
U03673,2026-02-02,Desktop,Organic Search,Delhi,1,0,0,0,0,0,0,8.3
U03674,2026-02-11,Mobile,Referral,Mumbai,1,0,0,0,0,0,0,3.1
U03675,2026-01-29,Mobile,Direct,Other,1,0,0,0,0,0,0,5.6
U03676,2026-03-04,Mobile,Referral,Hyderabad,1,1,0,0,0,0,0,5.3
U03677,2026-01-25,Mobile,Paid Search,Hyderabad,1,0,0,0,0,0,0,9.6
U03678,2026-01-19,Mobile,Social Media,Chennai,1,1,0,0,0,0,0,3.3
U03679,2026-03-22,Desktop,Direct,Bengaluru,1,0,0,0,0,0,0,5.8
U03680,2026-01-29,Mobile,Paid Search,Chennai,1,1,1,0,0,0,0,3.3
U03681,2026-03-26,Desktop,Referral,Bengaluru,1,0,0,0,0,0,0,8.5
U03682,2026-03-20,Mobile,Organic Search,Hyderabad,1,0,0,0,0,0,0,2.9
U03683,2026-03-31,Desktop,Organic Search,Chennai,1,1,1,0,0,0,0,3.9
U03684,2026-01-03,Mobile,Referral,Other,1,1,0,0,0,0,0,1
U03685,2026-01-30,Desktop,Referral,Chennai,1,1,0,0,0,0,0,7.9
U03686,2026-03-22,Mobile,Referral,Hyderabad,1,0,0,0,0,0,0,9.7
U03687,2026-01-06,Tablet,Direct,Delhi,1,0,0,0,0,0,0,9.4
U03688,2026-03-18,Mobile,Organic Search,Bengaluru,1,0,0,0,0,0,0,7.1
U03689,2026-03-12,Mobile,Organic Search,Bengaluru,1,0,0,0,0,0,0,3
U03690,2026-02-10,Mobile,Direct,Bengaluru,1,0,0,0,0,0,0,21.8
U03691,2026-03-21,Desktop,Organic Search,Delhi,1,0,0,0,0,0,0,6.8
U03692,2026-01-05,Mobile,Email,Pune,1,1,1,0,0,0,0,2.6
U03693,2026-03-22,Desktop,Social Media,Mumbai,1,1,1,0,0,0,0,7.6
U03694,2026-03-06,Mobile,Organic Search,Bengaluru,1,1,1,1,1,1,2095.33,7.7
U03695,2026-03-14,Mobile,Paid Search,Bengaluru,1,0,0,0,0,0,0,2.5
U03696,2026-02-19,Mobile,Social Media,Hyderabad,1,1,0,0,0,0,0,7.3
U03697,2026-03-18,Tablet,Direct,Other,1,0,0,0,0,0,0,2
U03698,2026-01-21,Desktop,Email,Mumbai,1,0,0,0,0,0,0,14.8
U03699,2026-03-12,Tablet,Social Media,Hyderabad,1,1,1,0,0,0,0,9.9
U03700,2026-03-10,Mobile,Social Media,Delhi,1,1,0,0,0,0,0,4.4
U03701,2026-02-25,Mobile,Paid Search,Chennai,1,1,1,0,0,0,0,6.7
U03702,2026-03-13,Desktop,Organic Search,Other,1,0,0,0,0,0,0,9.8
U03703,2026-01-23,Mobile,Paid Search,Pune,1,1,0,0,0,0,0,8.5
U03704,2026-02-02,Desktop,Organic Search,Hyderabad,1,0,0,0,0,0,0,6
U03705,2026-03-06,Tablet,Organic Search,Delhi,1,1,1,1,1,0,0,3.7
U03706,2026-01-24,Desktop,Paid Search,Chennai,1,0,0,0,0,0,0,4
U03707,2026-03-28,Desktop,Paid Search,Hyderabad,1,0,0,0,0,0,0,12.3
U03708,2026-01-21,Mobile,Organic Search,Delhi,1,0,0,0,0,0,0,4.6
U03709,2026-03-18,Mobile,Social Media,Mumbai,1,0,0,0,0,0,0,6.1
U03710,2026-02-10,Tablet,Social Media,Hyderabad,1,0,0,0,0,0,0,7.4
U03711,2026-03-28,Mobile,Organic Search,Mumbai,1,1,0,0,0,0,0,9.8
U03712,2026-03-26,Desktop,Direct,Mumbai,1,0,0,0,0,0,0,3.9
U03713,2026-01-22,Desktop,Organic Search,Hyderabad,1,1,0,0,0,0,0,3.5
U03714,2026-02-15,Desktop,Direct,Bengaluru,1,1,1,0,0,0,0,1.5
U03715,2026-01-29,Tablet,Organic Search,Mumbai,1,1,1,1,0,0,0,1.7
U03716,2026-02-22,Mobile,Direct,Hyderabad,1,0,0,0,0,0,0,4
U03717,2026-01-23,Mobile,Organic Search,Pune,1,1,1,0,0,0,0,3.9
U03718,2026-01-22,Mobile,Referral,Hyderabad,1,0,0,0,0,0,0,8.1
U03719,2026-01-08,Mobile,Paid Search,Hyderabad,1,0,0,0,0,0,0,11
U03720,2026-03-29,Mobile,Email,Hyderabad,1,1,1,1,1,1,2401.09,2.1
U03721,2026-02-13,Mobile,Paid Search,Mumbai,1,0,0,0,0,0,0,2.2
U03722,2026-01-09,Desktop,Organic Search,Mumbai,1,1,1,1,1,0,0,8.7
U03723,2026-01-31,Tablet,Referral,Chennai,1,0,0,0,0,0,0,8.5
U03724,2026-01-11,Mobile,Organic Search,Bengaluru,1,0,0,0,0,0,0,3.2
U03725,2026-02-18,Mobile,Direct,Pune,1,0,0,0,0,0,0,14.4
U03726,2026-02-21,Tablet,Organic Search,Hyderabad,1,1,1,0,0,0,0,6.6
U03727,2026-02-23,Mobile,Social Media,Bengaluru,1,1,1,1,1,1,2941.17,8.5
U03728,2026-03-08,Mobile,Email,Hyderabad,1,0,0,0,0,0,0,8.8
U03729,2026-01-25,Mobile,Paid Search,Hyderabad,1,0,0,0,0,0,0,30.5
U03730,2026-03-18,Mobile,Organic Search,Bengaluru,1,0,0,0,0,0,0,4.2
U03731,2026-03-21,Mobile,Referral,Hyderabad,1,1,1,0,0,0,0,2.5
U03732,2026-02-13,Tablet,Referral,Bengaluru,1,1,1,1,1,1,4647.21,8.6
U03733,2026-01-22,Mobile,Direct,Pune,1,1,0,0,0,0,0,2.1
U03734,2026-01-13,Mobile,Paid Search,Hyderabad,1,1,1,0,0,0,0,5.3
U03735,2026-01-19,Mobile,Social Media,Delhi,1,1,1,1,0,0,0,10.5
U03736,2026-02-27,Mobile,Paid Search,Delhi,1,0,0,0,0,0,0,4.1
U03737,2026-03-02,Desktop,Paid Search,Bengaluru,1,0,0,0,0,0,0,9.3
U03738,2026-01-21,Desktop,Referral,Mumbai,1,1,1,0,0,0,0,17.4
U03739,2026-01-26,Desktop,Paid Search,Chennai,1,1,1,1,1,1,3999.12,1.1
U03740,2026-02-10,Mobile,Paid Search,Hyderabad,1,1,1,0,0,0,0,5
U03741,2026-02-11,Desktop,Paid Search,Other,1,0,0,0,0,0,0,4.8
U03742,2026-02-20,Desktop,Email,Mumbai,1,0,0,0,0,0,0,4.9
U03743,2026-03-22,Desktop,Direct,Pune,1,0,0,0,0,0,0,10.4
U03744,2026-03-02,Mobile,Email,Pune,1,1,1,0,0,0,0,7.5
U03745,2026-01-07,Mobile,Social Media,Hyderabad,1,1,1,0,0,0,0,2.8
U03746,2026-03-31,Mobile,Referral,Bengaluru,1,0,0,0,0,0,0,3.4
U03747,2026-02-26,Desktop,Email,Hyderabad,1,1,1,1,1,1,4668.48,4.2
U03748,2026-02-27,Mobile,Organic Search,Pune,1,0,0,0,0,0,0,1.8
U03749,2026-01-24,Mobile,Organic Search,Pune,1,0,0,0,0,0,0,7.3
U03750,2026-01-17,Desktop,Organic Search,Mumbai,1,0,0,0,0,0,0,8.8
U03751,2026-02-27,Desktop,Social Media,Hyderabad,1,1,1,0,0,0,0,4.2
U03752,2026-03-05,Desktop,Referral,Hyderabad,1,1,1,0,0,0,0,11.8
U03753,2026-01-14,Mobile,Paid Search,Pune,1,1,0,0,0,0,0,5.6
U03754,2026-01-04,Desktop,Paid Search,Other,1,1,1,0,0,0,0,7.1
U03755,2026-03-21,Mobile,Direct,Hyderabad,1,0,0,0,0,0,0,9.2
U03756,2026-01-20,Mobile,Referral,Hyderabad,1,0,0,0,0,0,0,3.9
U03757,2026-02-02,Mobile,Email,Bengaluru,1,1,0,0,0,0,0,9.6
U03758,2026-02-18,Mobile,Paid Search,Hyderabad,1,1,0,0,0,0,0,13.9
U03759,2026-01-18,Mobile,Organic Search,Pune,1,0,0,0,0,0,0,7.1
U03760,2026-01-28,Desktop,Organic Search,Chennai,1,0,0,0,0,0,0,8.4
U03761,2026-03-23,Mobile,Organic Search,Mumbai,1,0,0,0,0,0,0,4.6
U03762,2026-02-22,Desktop,Paid Search,Chennai,1,0,0,0,0,0,0,4.9
U03763,2026-01-12,Mobile,Social Media,Bengaluru,1,0,0,0,0,0,0,1
U03764,2026-03-25,Mobile,Organic Search,Bengaluru,1,0,0,0,0,0,0,4.7
U03765,2026-03-10,Mobile,Organic Search,Delhi,1,1,0,0,0,0,0,7.6
U03766,2026-02-27,Mobile,Organic Search,Delhi,1,0,0,0,0,0,0,9
U03767,2026-02-05,Mobile,Email,Bengaluru,1,1,1,0,0,0,0,6.9
U03768,2026-03-04,Mobile,Social Media,Bengaluru,1,1,1,0,0,0,0,10.4
U03769,2026-03-05,Mobile,Social Media,Hyderabad,1,0,0,0,0,0,0,20.7
U03770,2026-01-11,Mobile,Paid Search,Hyderabad,1,1,1,1,1,1,1669.32,10.5
U03771,2026-02-10,Mobile,Paid Search,Mumbai,1,0,0,0,0,0,0,4.4
U03772,2026-02-01,Desktop,Organic Search,Mumbai,1,1,1,1,0,0,0,10.9
U03773,2026-01-01,Mobile,Organic Search,Chennai,1,0,0,0,0,0,0,8.8
U03774,2026-01-22,Desktop,Direct,Pune,1,0,0,0,0,0,0,7.2
U03775,2026-01-22,Desktop,Direct,Chennai,1,1,1,1,1,1,3047.44,16.4
U03776,2026-02-23,Tablet,Email,Chennai,1,0,0,0,0,0,0,4.9
U03777,2026-03-18,Desktop,Direct,Hyderabad,1,0,0,0,0,0,0,5.6
U03778,2026-02-16,Mobile,Email,Pune,1,0,0,0,0,0,0,18.5
U03779,2026-03-10,Desktop,Organic Search,Mumbai,1,0,0,0,0,0,0,11.8
U03780,2026-01-31,Desktop,Direct,Hyderabad,1,1,1,0,0,0,0,8.2
U03781,2026-03-21,Mobile,Organic Search,Mumbai,1,0,0,0,0,0,0,6.3
U03782,2026-01-30,Mobile,Email,Chennai,1,0,0,0,0,0,0,1.9
U03783,2026-03-31,Mobile,Paid Search,Pune,1,0,0,0,0,0,0,11
U03784,2026-03-24,Desktop,Paid Search,Other,1,0,0,0,0,0,0,8.6
U03785,2026-01-09,Desktop,Email,Mumbai,1,1,1,1,0,0,0,11
U03786,2026-02-23,Mobile,Paid Search,Delhi,1,0,0,0,0,0,0,4.3
U03787,2026-03-24,Mobile,Paid Search,Hyderabad,1,1,1,0,0,0,0,11.2
U03788,2026-03-10,Mobile,Paid Search,Mumbai,1,0,0,0,0,0,0,17.4
U03789,2026-01-10,Mobile,Paid Search,Delhi,1,0,0,0,0,0,0,6.5
U03790,2026-03-30,Tablet,Direct,Chennai,1,1,1,0,0,0,0,6.5
U03791,2026-01-08,Mobile,Referral,Mumbai,1,1,1,1,1,1,4980.97,7
U03792,2026-02-25,Mobile,Social Media,Pune,1,0,0,0,0,0,0,21.5
U03793,2026-01-26,Mobile,Organic Search,Hyderabad,1,0,0,0,0,0,0,2
U03794,2026-02-01,Desktop,Referral,Hyderabad,1,0,0,0,0,0,0,3.5
U03795,2026-03-28,Mobile,Organic Search,Delhi,1,0,0,0,0,0,0,2.4
U03796,2026-01-12,Desktop,Organic Search,Pune,1,0,0,0,0,0,0,8.2
U03797,2026-02-07,Mobile,Paid Search,Pune,1,1,1,1,0,0,0,4.9
U03798,2026-02-01,Mobile,Direct,Mumbai,1,1,1,1,1,1,5686.82,8.9
U03799,2026-01-26,Mobile,Organic Search,Pune,1,1,1,0,0,0,0,6.5
U03800,2026-01-02,Mobile,Organic Search,Delhi,1,1,0,0,0,0,0,10.3
U03801,2026-02-08,Mobile,Social Media,Hyderabad,1,1,1,0,0,0,0,5.1
U03802,2026-01-05,Tablet,Paid Search,Delhi,1,1,1,1,1,1,3358.6,5.2
U03803,2026-03-25,Desktop,Social Media,Hyderabad,1,1,1,0,0,0,0,4.6
U03804,2026-03-01,Tablet,Social Media,Bengaluru,1,0,0,0,0,0,0,5.6
U03805,2026-03-22,Mobile,Paid Search,Chennai,1,0,0,0,0,0,0,4.9
U03806,2026-01-23,Tablet,Organic Search,Bengaluru,1,0,0,0,0,0,0,10.5
U03807,2026-03-01,Mobile,Organic Search,Bengaluru,1,0,0,0,0,0,0,13.5
U03808,2026-02-09,Mobile,Referral,Hyderabad,1,0,0,0,0,0,0,2.8
U03809,2026-03-17,Mobile,Direct,Bengaluru,1,0,0,0,0,0,0,3.1
U03810,2026-02-26,Mobile,Organic Search,Hyderabad,1,0,0,0,0,0,0,4
U03811,2026-02-28,Desktop,Organic Search,Chennai,1,1,1,1,0,0,0,6.1
U03812,2026-01-28,Mobile,Organic Search,Delhi,1,1,1,0,0,0,0,10.6
U03813,2026-01-05,Mobile,Social Media,Pune,1,1,1,0,0,0,0,9
U03814,2026-03-27,Mobile,Email,Pune,1,0,0,0,0,0,0,6.2
U03815,2026-01-02,Mobile,Paid Search,Chennai,1,1,0,0,0,0,0,8.9
U03816,2026-02-10,Mobile,Email,Delhi,1,1,0,0,0,0,0,11
U03817,2026-03-07,Mobile,Email,Bengaluru,1,1,1,0,0,0,0,16.9
U03818,2026-02-02,Desktop,Direct,Hyderabad,1,1,1,0,0,0,0,4.5
U03819,2026-03-10,Desktop,Organic Search,Delhi,1,0,0,0,0,0,0,5.7
U03820,2026-03-29,Mobile,Organic Search,Mumbai,1,0,0,0,0,0,0,9.4
U03821,2026-03-24,Mobile,Organic Search,Pune,1,1,1,0,0,0,0,4.2
U03822,2026-02-07,Mobile,Direct,Mumbai,1,0,0,0,0,0,0,7.9
U03823,2026-01-29,Desktop,Referral,Hyderabad,1,0,0,0,0,0,0,5.6
U03824,2026-03-13,Mobile,Social Media,Pune,1,0,0,0,0,0,0,4
U03825,2026-02-19,Mobile,Organic Search,Mumbai,1,0,0,0,0,0,0,18.1
U03826,2026-03-09,Mobile,Paid Search,Pune,1,1,1,0,0,0,0,16.1
U03827,2026-03-12,Mobile,Paid Search,Delhi,1,0,0,0,0,0,0,7.4
U03828,2026-03-30,Mobile,Social Media,Bengaluru,1,0,0,0,0,0,0,3.5
U03829,2026-02-27,Desktop,Paid Search,Hyderabad,1,1,1,0,0,0,0,14.6
U03830,2026-01-02,Mobile,Organic Search,Hyderabad,1,0,0,0,0,0,0,4.2
U03831,2026-01-07,Mobile,Email,Hyderabad,1,1,0,0,0,0,0,0.6
U03832,2026-03-13,Desktop,Paid Search,Bengaluru,1,0,0,0,0,0,0,6.9
U03833,2026-03-04,Desktop,Social Media,Chennai,1,1,1,1,0,0,0,1.6
U03834,2026-02-16,Mobile,Organic Search,Other,1,0,0,0,0,0,0,25.7
U03835,2026-01-29,Mobile,Referral,Pune,1,0,0,0,0,0,0,4.6
U03836,2026-03-02,Mobile,Social Media,Delhi,1,0,0,0,0,0,0,12
U03837,2026-03-26,Tablet,Direct,Hyderabad,1,1,1,0,0,0,0,11.1
U03838,2026-03-26,Mobile,Social Media,Bengaluru,1,0,0,0,0,0,0,8
U03839,2026-03-30,Tablet,Direct,Delhi,1,0,0,0,0,0,0,6.9
U03840,2026-01-31,Desktop,Direct,Hyderabad,1,1,0,0,0,0,0,7.9
U03841,2026-02-02,Mobile,Social Media,Pune,1,0,0,0,0,0,0,3.3
U03842,2026-02-08,Mobile,Direct,Other,1,1,1,0,0,0,0,8.7
U03843,2026-01-14,Mobile,Paid Search,Bengaluru,1,1,0,0,0,0,0,10.7
U03844,2026-02-03,Mobile,Paid Search,Delhi,1,0,0,0,0,0,0,3.6
U03845,2026-01-31,Mobile,Organic Search,Hyderabad,1,0,0,0,0,0,0,7
U03846,2026-02-17,Desktop,Social Media,Delhi,1,1,0,0,0,0,0,6.7
U03847,2026-03-11,Tablet,Email,Hyderabad,1,0,0,0,0,0,0,11.5
U03848,2026-01-26,Mobile,Referral,Hyderabad,1,0,0,0,0,0,0,4.7
U03849,2026-02-21,Desktop,Organic Search,Delhi,1,1,1,0,0,0,0,5.1
U03850,2026-02-01,Mobile,Paid Search,Delhi,1,0,0,0,0,0,0,15.5
U03851,2026-01-05,Mobile,Organic Search,Mumbai,1,1,1,0,0,0,0,8.3
U03852,2026-02-21,Mobile,Email,Chennai,1,0,0,0,0,0,0,6.4
U03853,2026-03-02,Mobile,Organic Search,Delhi,1,1,1,0,0,0,0,5.1
U03854,2026-01-19,Tablet,Direct,Delhi,1,0,0,0,0,0,0,4.2
U03855,2026-03-14,Desktop,Organic Search,Other,1,0,0,0,0,0,0,2.1
U03856,2026-01-17,Mobile,Paid Search,Pune,1,1,1,1,1,1,4145.5,9.3
U03857,2026-02-07,Mobile,Direct,Delhi,1,0,0,0,0,0,0,1.8
U03858,2026-03-06,Mobile,Social Media,Delhi,1,0,0,0,0,0,0,10.4
U03859,2026-03-18,Mobile,Organic Search,Mumbai,1,1,1,1,1,1,4538.91,4.2
U03860,2026-01-21,Desktop,Social Media,Hyderabad,1,1,1,1,1,1,2794.64,4.7
U03861,2026-01-14,Desktop,Organic Search,Hyderabad,1,0,0,0,0,0,0,3.3
U03862,2026-03-24,Mobile,Direct,Pune,1,0,0,0,0,0,0,2.9
U03863,2026-02-22,Mobile,Social Media,Pune,1,1,1,1,0,0,0,4.7
U03864,2026-01-14,Mobile,Paid Search,Mumbai,1,0,0,0,0,0,0,4.1
U03865,2026-03-13,Mobile,Social Media,Chennai,1,1,1,0,0,0,0,7.5
U03866,2026-03-04,Mobile,Organic Search,Hyderabad,1,0,0,0,0,0,0,9.2
U03867,2026-01-25,Mobile,Referral,Bengaluru,1,1,1,0,0,0,0,6.9
U03868,2026-01-18,Desktop,Direct,Chennai,1,0,0,0,0,0,0,12.5
U03869,2026-03-18,Desktop,Direct,Chennai,1,0,0,0,0,0,0,21.9
U03870,2026-03-29,Mobile,Paid Search,Other,1,0,0,0,0,0,0,10.5
U03871,2026-02-25,Mobile,Paid Search,Hyderabad,1,0,0,0,0,0,0,15.9
U03872,2026-01-09,Mobile,Organic Search,Mumbai,1,0,0,0,0,0,0,6.9
U03873,2026-03-31,Mobile,Email,Bengaluru,1,0,0,0,0,0,0,3.3
U03874,2026-01-23,Desktop,Social Media,Other,1,1,1,0,0,0,0,0.5
U03875,2026-01-13,Mobile,Social Media,Pune,1,0,0,0,0,0,0,8.5
U03876,2026-02-08,Mobile,Direct,Chennai,1,1,1,1,1,1,3913.19,13.7
U03877,2026-01-14,Mobile,Organic Search,Other,1,0,0,0,0,0,0,7.1
U03878,2026-03-02,Desktop,Organic Search,Mumbai,1,1,1,0,0,0,0,4
U03879,2026-03-27,Mobile,Organic Search,Hyderabad,1,1,1,0,0,0,0,14
U03880,2026-02-10,Mobile,Organic Search,Mumbai,1,1,1,0,0,0,0,4.6
U03881,2026-01-21,Mobile,Organic Search,Bengaluru,1,0,0,0,0,0,0,6.8
U03882,2026-03-03,Desktop,Social Media,Mumbai,1,1,1,1,1,1,4072.89,7.9
U03883,2026-02-12,Tablet,Paid Search,Other,1,0,0,0,0,0,0,8
U03884,2026-01-25,Mobile,Organic Search,Delhi,1,0,0,0,0,0,0,12
U03885,2026-01-29,Desktop,Referral,Bengaluru,1,1,1,0,0,0,0,12.7
U03886,2026-01-22,Tablet,Organic Search,Bengaluru,1,0,0,0,0,0,0,3.9
U03887,2026-03-18,Desktop,Email,Hyderabad,1,0,0,0,0,0,0,7.1
U03888,2026-01-13,Desktop,Paid Search,Bengaluru,1,0,0,0,0,0,0,14
U03889,2026-03-27,Desktop,Social Media,Hyderabad,1,0,0,0,0,0,0,2
U03890,2026-02-15,Mobile,Direct,Chennai,1,0,0,0,0,0,0,9.7
U03891,2026-02-27,Desktop,Organic Search,Delhi,1,1,1,0,0,0,0,4.9
U03892,2026-01-28,Mobile,Social Media,Delhi,1,0,0,0,0,0,0,7.5
U03893,2026-02-10,Desktop,Direct,Hyderabad,1,1,1,0,0,0,0,7.1
U03894,2026-02-10,Mobile,Social Media,Bengaluru,1,1,1,1,1,1,3674.54,5.8
U03895,2026-01-20,Desktop,Paid Search,Bengaluru,1,1,1,0,0,0,0,1.8
U03896,2026-02-20,Desktop,Paid Search,Hyderabad,1,1,1,0,0,0,0,13.7
U03897,2026-01-08,Mobile,Email,Bengaluru,1,1,1,0,0,0,0,5.7
U03898,2026-02-19,Desktop,Direct,Bengaluru,1,0,0,0,0,0,0,3.4
U03899,2026-02-01,Mobile,Organic Search,Mumbai,1,0,0,0,0,0,0,2.6
U03900,2026-02-12,Desktop,Organic Search,Pune,1,1,1,1,0,0,0,7.5
U03901,2026-03-02,Mobile,Paid Search,Chennai,1,1,0,0,0,0,0,3.3
U03902,2026-03-26,Mobile,Organic Search,Delhi,1,1,1,1,0,0,0,3.4
U03903,2026-03-27,Desktop,Paid Search,Hyderabad,1,0,0,0,0,0,0,11.2
U03904,2026-03-29,Mobile,Organic Search,Pune,1,0,0,0,0,0,0,1.9
U03905,2026-03-26,Desktop,Organic Search,Hyderabad,1,0,0,0,0,0,0,10.6
U03906,2026-02-13,Mobile,Organic Search,Hyderabad,1,1,1,1,1,1,4837.9,8.5
U03907,2026-02-05,Mobile,Direct,Hyderabad,1,1,1,0,0,0,0,13.6
U03908,2026-03-09,Mobile,Organic Search,Bengaluru,1,0,0,0,0,0,0,8.1
U03909,2026-01-11,Mobile,Organic Search,Mumbai,1,1,1,0,0,0,0,8.5
U03910,2026-01-08,Mobile,Organic Search,Other,1,0,0,0,0,0,0,1.3
U03911,2026-01-04,Mobile,Direct,Delhi,1,1,0,0,0,0,0,6.8
U03912,2026-03-15,Mobile,Referral,Chennai,1,0,0,0,0,0,0,1.8
U03913,2026-01-12,Mobile,Referral,Mumbai,1,1,0,0,0,0,0,11.6
U03914,2026-02-06,Tablet,Organic Search,Mumbai,1,0,0,0,0,0,0,0.5
U03915,2026-03-06,Tablet,Referral,Pune,1,0,0,0,0,0,0,5.6
U03916,2026-03-22,Mobile,Paid Search,Delhi,1,0,0,0,0,0,0,5
U03917,2026-01-14,Desktop,Paid Search,Mumbai,1,1,1,0,0,0,0,1.2
U03918,2026-02-09,Mobile,Social Media,Delhi,1,1,1,1,1,1,1746.08,1.9
U03919,2026-01-24,Desktop,Referral,Delhi,1,0,0,0,0,0,0,6.8
U03920,2026-03-23,Desktop,Referral,Hyderabad,1,1,0,0,0,0,0,16.3
U03921,2026-03-04,Tablet,Direct,Bengaluru,1,1,0,0,0,0,0,3.9
U03922,2026-01-16,Mobile,Direct,Delhi,1,1,1,0,0,0,0,9.7
U03923,2026-02-20,Desktop,Organic Search,Pune,1,0,0,0,0,0,0,5
U03924,2026-01-16,Mobile,Paid Search,Chennai,1,0,0,0,0,0,0,1.2
U03925,2026-02-27,Tablet,Organic Search,Other,1,0,0,0,0,0,0,4.3
U03926,2026-02-04,Mobile,Direct,Bengaluru,1,0,0,0,0,0,0,5
U03927,2026-03-09,Mobile,Organic Search,Chennai,1,1,1,0,0,0,0,5.4
U03928,2026-02-02,Desktop,Direct,Bengaluru,1,0,0,0,0,0,0,2.8
U03929,2026-03-28,Desktop,Paid Search,Other,1,0,0,0,0,0,0,7.4
U03930,2026-03-15,Mobile,Paid Search,Bengaluru,1,0,0,0,0,0,0,3.8
U03931,2026-02-26,Tablet,Organic Search,Chennai,1,0,0,0,0,0,0,9.2
U03932,2026-03-16,Mobile,Paid Search,Hyderabad,1,1,1,0,0,0,0,7.2
U03933,2026-03-09,Desktop,Direct,Mumbai,1,1,0,0,0,0,0,6.4
U03934,2026-01-12,Mobile,Organic Search,Pune,1,0,0,0,0,0,0,10.1
U03935,2026-01-17,Mobile,Paid Search,Bengaluru,1,1,0,0,0,0,0,7.3
U03936,2026-03-10,Mobile,Organic Search,Pune,1,0,0,0,0,0,0,4.6
U03937,2026-01-02,Mobile,Paid Search,Other,1,1,0,0,0,0,0,6.9
U03938,2026-03-18,Mobile,Organic Search,Hyderabad,1,0,0,0,0,0,0,12.4
U03939,2026-03-26,Mobile,Paid Search,Delhi,1,0,0,0,0,0,0,5.9
U03940,2026-01-13,Mobile,Direct,Bengaluru,1,1,1,1,1,1,3445.51,11.5
U03941,2026-02-01,Desktop,Paid Search,Hyderabad,1,1,0,0,0,0,0,7.6
U03942,2026-02-10,Desktop,Paid Search,Mumbai,1,0,0,0,0,0,0,12.9
U03943,2026-01-20,Mobile,Social Media,Delhi,1,1,1,1,1,1,1542.09,8
U03944,2026-02-28,Mobile,Organic Search,Chennai,1,1,1,0,0,0,0,3.8
U03945,2026-01-01,Mobile,Paid Search,Hyderabad,1,0,0,0,0,0,0,8.6
U03946,2026-02-16,Mobile,Social Media,Other,1,0,0,0,0,0,0,2.8
U03947,2026-02-16,Desktop,Organic Search,Delhi,1,0,0,0,0,0,0,1.1
U03948,2026-03-28,Mobile,Email,Bengaluru,1,1,1,0,0,0,0,2
U03949,2026-03-18,Mobile,Social Media,Chennai,1,1,0,0,0,0,0,15.5
U03950,2026-01-05,Mobile,Referral,Hyderabad,1,0,0,0,0,0,0,3.3
U03951,2026-01-04,Mobile,Direct,Bengaluru,1,1,1,0,0,0,0,9
U03952,2026-03-07,Desktop,Organic Search,Mumbai,1,1,1,0,0,0,0,12.1
U03953,2026-02-17,Tablet,Paid Search,Mumbai,1,0,0,0,0,0,0,13.8
U03954,2026-02-23,Mobile,Paid Search,Bengaluru,1,0,0,0,0,0,0,5.8
U03955,2026-01-03,Mobile,Organic Search,Delhi,1,0,0,0,0,0,0,6.3
U03956,2026-01-22,Desktop,Referral,Bengaluru,1,1,1,1,0,0,0,4.1
U03957,2026-03-19,Tablet,Referral,Mumbai,1,1,1,0,0,0,0,7
U03958,2026-03-18,Mobile,Social Media,Bengaluru,1,0,0,0,0,0,0,15.6
U03959,2026-01-02,Mobile,Social Media,Chennai,1,0,0,0,0,0,0,18.1
U03960,2026-02-24,Mobile,Organic Search,Bengaluru,1,1,1,1,1,0,0,7.2
U03961,2026-03-14,Mobile,Social Media,Mumbai,1,0,0,0,0,0,0,11
U03962,2026-01-16,Mobile,Referral,Chennai,1,0,0,0,0,0,0,5.5
U03963,2026-01-12,Mobile,Social Media,Hyderabad,1,0,0,0,0,0,0,8.5
U03964,2026-02-25,Mobile,Paid Search,Hyderabad,1,0,0,0,0,0,0,6.4
U03965,2026-02-19,Mobile,Email,Chennai,1,1,1,1,0,0,0,7.9
U03966,2026-03-07,Desktop,Paid Search,Hyderabad,1,0,0,0,0,0,0,0.8
U03967,2026-03-26,Mobile,Social Media,Mumbai,1,1,1,1,1,1,2934.63,2.8
U03968,2026-03-20,Mobile,Social Media,Chennai,1,0,0,0,0,0,0,5.9
U03969,2026-03-19,Mobile,Paid Search,Mumbai,1,0,0,0,0,0,0,9.4
U03970,2026-01-11,Mobile,Email,Other,1,0,0,0,0,0,0,15.1
U03971,2026-01-18,Tablet,Direct,Mumbai,1,1,1,1,0,0,0,6
U03972,2026-02-20,Mobile,Organic Search,Delhi,1,0,0,0,0,0,0,6.4
U03973,2026-03-30,Mobile,Direct,Delhi,1,0,0,0,0,0,0,3.4
U03974,2026-03-13,Desktop,Social Media,Other,1,1,1,1,1,1,6151.8,4.5
U03975,2026-03-07,Mobile,Email,Bengaluru,1,0,0,0,0,0,0,10.3
U03976,2026-03-25,Desktop,Direct,Pune,1,0,0,0,0,0,0,11.3
U03977,2026-02-26,Mobile,Social Media,Other,1,0,0,0,0,0,0,9.9
U03978,2026-01-26,Mobile,Referral,Chennai,1,1,1,0,0,0,0,8.7
U03979,2026-03-15,Mobile,Organic Search,Bengaluru,1,1,1,1,1,1,1882.75,1.8
U03980,2026-03-13,Mobile,Organic Search,Other,1,0,0,0,0,0,0,8.2
U03981,2026-01-06,Desktop,Email,Mumbai,1,1,1,0,0,0,0,1.9
U03982,2026-02-25,Desktop,Direct,Chennai,1,0,0,0,0,0,0,22.2
U03983,2026-02-16,Mobile,Direct,Delhi,1,1,1,0,0,0,0,6.5
U03984,2026-03-21,Mobile,Email,Bengaluru,1,0,0,0,0,0,0,2.3
U03985,2026-01-19,Desktop,Social Media,Hyderabad,1,0,0,0,0,0,0,4.7
U03986,2026-01-03,Tablet,Paid Search,Mumbai,1,1,0,0,0,0,0,24.1
U03987,2026-01-13,Mobile,Direct,Mumbai,1,0,0,0,0,0,0,2.9
U03988,2026-03-23,Mobile,Paid Search,Pune,1,0,0,0,0,0,0,22.8
U03989,2026-02-10,Mobile,Email,Chennai,1,1,1,1,1,0,0,9.6
U03990,2026-02-10,Desktop,Social Media,Pune,1,1,1,1,0,0,0,14.7
U03991,2026-01-07,Mobile,Social Media,Bengaluru,1,0,0,0,0,0,0,8.6
U03992,2026-01-22,Mobile,Paid Search,Mumbai,1,1,1,1,1,0,0,2.7
U03993,2026-01-31,Desktop,Direct,Bengaluru,1,1,1,1,0,0,0,6.5
U03994,2026-03-24,Mobile,Social Media,Chennai,1,0,0,0,0,0,0,8.4
U03995,2026-01-19,Mobile,Direct,Pune,1,1,1,0,0,0,0,5.6
U03996,2026-02-16,Mobile,Organic Search,Bengaluru,1,1,0,0,0,0,0,5.9
U03997,2026-01-15,Mobile,Social Media,Pune,1,1,1,1,1,1,4542.32,6.7
U03998,2026-03-13,Mobile,Email,Bengaluru,1,0,0,0,0,0,0,3.4
U03999,2026-02-25,Mobile,Email,Hyderabad,1,0,0,0,0,0,0,2.7
U04000,2026-02-19,Mobile,Direct,Hyderabad,1,0,0,0,0,0,0,11.4
U04001,2026-01-17,Mobile,Organic Search,Delhi,1,0,0,0,0,0,0,3
U04002,2026-02-03,Desktop,Organic Search,Bengaluru,1,0,0,0,0,0,0,8.9
U04003,2026-02-11,Desktop,Social Media,Mumbai,1,0,0,0,0,0,0,8.6
U04004,2026-03-26,Mobile,Organic Search,Delhi,1,0,0,0,0,0,0,6.2
U04005,2026-01-29,Mobile,Direct,Bengaluru,1,0,0,0,0,0,0,9.1
U04006,2026-03-13,Mobile,Organic Search,Chennai,1,0,0,0,0,0,0,11.2
U04007,2026-01-06,Mobile,Social Media,Chennai,1,0,0,0,0,0,0,3.1
U04008,2026-03-09,Mobile,Organic Search,Other,1,0,0,0,0,0,0,7.6
U04009,2026-01-24,Desktop,Social Media,Bengaluru,1,0,0,0,0,0,0,3.3
U04010,2026-01-20,Mobile,Paid Search,Hyderabad,1,0,0,0,0,0,0,2.6
U04011,2026-03-24,Mobile,Organic Search,Bengaluru,1,1,1,1,1,1,3952.78,5
U04012,2026-03-22,Mobile,Paid Search,Delhi,1,0,0,0,0,0,0,11.9
U04013,2026-02-21,Desktop,Paid Search,Delhi,1,1,1,0,0,0,0,9.2
U04014,2026-03-29,Mobile,Direct,Other,1,1,1,1,0,0,0,10.9
U04015,2026-01-23,Desktop,Organic Search,Pune,1,0,0,0,0,0,0,5.9
U04016,2026-03-19,Mobile,Social Media,Bengaluru,1,0,0,0,0,0,0,9
U04017,2026-02-23,Desktop,Direct,Chennai,1,0,0,0,0,0,0,2.1
U04018,2026-03-16,Desktop,Referral,Delhi,1,0,0,0,0,0,0,2.9
U04019,2026-03-28,Mobile,Direct,Other,1,0,0,0,0,0,0,8.3
U04020,2026-01-08,Mobile,Direct,Bengaluru,1,1,0,0,0,0,0,9.5
U04021,2026-01-12,Mobile,Social Media,Chennai,1,0,0,0,0,0,0,8.8
U04022,2026-02-14,Mobile,Email,Pune,1,1,1,0,0,0,0,8.3
U04023,2026-02-26,Desktop,Organic Search,Bengaluru,1,1,0,0,0,0,0,15.3
U04024,2026-03-06,Desktop,Paid Search,Chennai,1,1,1,1,0,0,0,19
U04025,2026-03-09,Desktop,Referral,Other,1,0,0,0,0,0,0,11.3
U04026,2026-01-04,Desktop,Social Media,Pune,1,0,0,0,0,0,0,5
U04027,2026-03-03,Mobile,Email,Bengaluru,1,0,0,0,0,0,0,6.5
U04028,2026-03-18,Mobile,Email,Bengaluru,1,0,0,0,0,0,0,14.8
U04029,2026-01-31,Desktop,Paid Search,Bengaluru,1,1,1,0,0,0,0,6.8
U04030,2026-02-23,Mobile,Direct,Other,1,0,0,0,0,0,0,7.1
U04031,2026-01-31,Desktop,Social Media,Other,1,0,0,0,0,0,0,5.1
U04032,2026-02-01,Mobile,Organic Search,Delhi,1,1,1,0,0,0,0,7.3
U04033,2026-02-09,Mobile,Direct,Chennai,1,0,0,0,0,0,0,3.3
U04034,2026-01-04,Tablet,Paid Search,Hyderabad,1,1,1,0,0,0,0,12.4
U04035,2026-01-07,Mobile,Referral,Delhi,1,1,1,0,0,0,0,4.6
U04036,2026-02-25,Tablet,Social Media,Chennai,1,0,0,0,0,0,0,8.3
U04037,2026-02-26,Tablet,Paid Search,Mumbai,1,1,1,1,1,0,0,1.3
U04038,2026-02-15,Desktop,Referral,Mumbai,1,1,1,0,0,0,0,6
U04039,2026-02-18,Desktop,Social Media,Chennai,1,0,0,0,0,0,0,7.8
U04040,2026-02-19,Mobile,Paid Search,Other,1,0,0,0,0,0,0,11.9
U04041,2026-02-18,Desktop,Organic Search,Hyderabad,1,0,0,0,0,0,0,3.1
U04042,2026-03-21,Mobile,Direct,Delhi,1,1,1,0,0,0,0,11.6
U04043,2026-02-12,Mobile,Organic Search,Chennai,1,1,1,0,0,0,0,5
U04044,2026-03-06,Mobile,Direct,Delhi,1,0,0,0,0,0,0,8.8
U04045,2026-01-06,Mobile,Paid Search,Delhi,1,0,0,0,0,0,0,14.3
U04046,2026-03-27,Mobile,Email,Hyderabad,1,1,1,0,0,0,0,14.1
U04047,2026-01-30,Mobile,Direct,Bengaluru,1,0,0,0,0,0,0,4.2
U04048,2026-03-13,Mobile,Organic Search,Hyderabad,1,1,1,0,0,0,0,3.1
U04049,2026-03-08,Desktop,Social Media,Hyderabad,1,1,1,1,1,1,3270.48,3.6
U04050,2026-02-23,Mobile,Referral,Delhi,1,0,0,0,0,0,0,3.4
U04051,2026-03-15,Tablet,Referral,Bengaluru,1,1,1,0,0,0,0,8.5
U04052,2026-01-25,Desktop,Social Media,Chennai,1,0,0,0,0,0,0,6.4
U04053,2026-02-11,Desktop,Social Media,Bengaluru,1,1,1,0,0,0,0,2.3
U04054,2026-03-13,Mobile,Referral,Mumbai,1,0,0,0,0,0,0,10
U04055,2026-03-02,Desktop,Referral,Delhi,1,0,0,0,0,0,0,5.3
U04056,2026-02-07,Mobile,Referral,Bengaluru,1,0,0,0,0,0,0,2.8
U04057,2026-02-05,Desktop,Paid Search,Mumbai,1,1,1,1,1,1,2172.41,4.2
U04058,2026-02-10,Mobile,Direct,Pune,1,0,0,0,0,0,0,3.6
U04059,2026-02-16,Desktop,Paid Search,Hyderabad,1,0,0,0,0,0,0,11.2
U04060,2026-03-28,Tablet,Organic Search,Delhi,1,0,0,0,0,0,0,8.5
U04061,2026-01-31,Mobile,Paid Search,Bengaluru,1,0,0,0,0,0,0,2.6
U04062,2026-01-02,Mobile,Organic Search,Hyderabad,1,1,0,0,0,0,0,16.2
U04063,2026-03-09,Desktop,Organic Search,Mumbai,1,0,0,0,0,0,0,6.3
U04064,2026-02-03,Mobile,Paid Search,Bengaluru,1,1,1,0,0,0,0,1.8
U04065,2026-01-08,Desktop,Organic Search,Pune,1,1,1,1,0,0,0,2
U04066,2026-02-25,Mobile,Email,Hyderabad,1,1,1,0,0,0,0,9.4
U04067,2026-01-11,Mobile,Organic Search,Hyderabad,1,1,1,0,0,0,0,4.2
U04068,2026-03-28,Tablet,Organic Search,Mumbai,1,0,0,0,0,0,0,7.1
U04069,2026-03-11,Desktop,Organic Search,Mumbai,1,0,0,0,0,0,0,4.2
U04070,2026-03-15,Desktop,Organic Search,Delhi,1,1,1,0,0,0,0,9.7
U04071,2026-03-09,Mobile,Paid Search,Bengaluru,1,1,1,0,0,0,0,6.4
U04072,2026-03-08,Desktop,Social Media,Pune,1,0,0,0,0,0,0,17
U04073,2026-01-12,Mobile,Direct,Other,1,1,1,1,1,1,2472.4,8.4
U04074,2026-03-02,Mobile,Direct,Chennai,1,1,0,0,0,0,0,1.9
U04075,2026-01-01,Desktop,Direct,Delhi,1,1,1,0,0,0,0,6.4
U04076,2026-03-19,Mobile,Organic Search,Mumbai,1,1,1,0,0,0,0,7.2
U04077,2026-01-11,Mobile,Paid Search,Hyderabad,1,1,1,0,0,0,0,16.6
U04078,2026-01-30,Mobile,Organic Search,Bengaluru,1,1,1,1,1,0,0,5.9
U04079,2026-01-02,Desktop,Referral,Hyderabad,1,0,0,0,0,0,0,3.6
U04080,2026-01-06,Mobile,Organic Search,Other,1,1,1,0,0,0,0,7.2
U04081,2026-01-24,Desktop,Social Media,Bengaluru,1,0,0,0,0,0,0,16.6
U04082,2026-03-19,Mobile,Organic Search,Mumbai,1,0,0,0,0,0,0,2.2
U04083,2026-02-05,Desktop,Organic Search,Bengaluru,1,1,1,1,0,0,0,7.4
U04084,2026-01-02,Desktop,Direct,Mumbai,1,1,1,1,1,1,5704.94,7.5
U04085,2026-03-08,Mobile,Referral,Bengaluru,1,1,1,1,1,0,0,5.1
U04086,2026-01-26,Mobile,Referral,Delhi,1,0,0,0,0,0,0,3.4
U04087,2026-01-29,Mobile,Social Media,Hyderabad,1,0,0,0,0,0,0,3
U04088,2026-03-28,Mobile,Direct,Pune,1,0,0,0,0,0,0,13.1
U04089,2026-02-19,Desktop,Email,Pune,1,0,0,0,0,0,0,18.8
U04090,2026-01-07,Mobile,Direct,Delhi,1,1,1,0,0,0,0,3.2
U04091,2026-03-01,Desktop,Paid Search,Hyderabad,1,0,0,0,0,0,0,9.7
U04092,2026-03-09,Mobile,Social Media,Bengaluru,1,0,0,0,0,0,0,11.4
U04093,2026-03-20,Mobile,Email,Pune,1,0,0,0,0,0,0,7.5
U04094,2026-01-23,Tablet,Paid Search,Hyderabad,1,1,1,0,0,0,0,10.2
U04095,2026-01-22,Mobile,Direct,Hyderabad,1,0,0,0,0,0,0,12.4
U04096,2026-03-12,Mobile,Direct,Mumbai,1,1,0,0,0,0,0,7.1
U04097,2026-02-19,Mobile,Social Media,Bengaluru,1,0,0,0,0,0,0,7.1
U04098,2026-03-23,Mobile,Paid Search,Bengaluru,1,0,0,0,0,0,0,5.2
U04099,2026-03-30,Mobile,Social Media,Mumbai,1,1,0,0,0,0,0,7.4
U04100,2026-02-17,Mobile,Direct,Bengaluru,1,0,0,0,0,0,0,5.3
U04101,2026-01-15,Desktop,Email,Hyderabad,1,1,1,0,0,0,0,7.5
U04102,2026-01-06,Mobile,Organic Search,Mumbai,1,1,0,0,0,0,0,12
U04103,2026-02-28,Mobile,Social Media,Chennai,1,1,1,1,1,1,3188.86,4.7
U04104,2026-03-17,Mobile,Organic Search,Delhi,1,1,1,0,0,0,0,8.7
U04105,2026-03-21,Mobile,Referral,Hyderabad,1,1,1,1,1,0,0,3.5
U04106,2026-01-26,Desktop,Paid Search,Mumbai,1,1,1,0,0,0,0,5.3
U04107,2026-02-08,Tablet,Social Media,Chennai,1,0,0,0,0,0,0,9
U04108,2026-03-13,Mobile,Referral,Chennai,1,0,0,0,0,0,0,6.9
U04109,2026-01-27,Desktop,Organic Search,Bengaluru,1,1,1,0,0,0,0,4
U04110,2026-03-06,Mobile,Organic Search,Hyderabad,1,1,1,0,0,0,0,5.3
U04111,2026-02-12,Mobile,Paid Search,Pune,1,0,0,0,0,0,0,12.7
U04112,2026-02-10,Mobile,Organic Search,Bengaluru,1,0,0,0,0,0,0,11.9
U04113,2026-03-02,Mobile,Paid Search,Delhi,1,0,0,0,0,0,0,7.7
U04114,2026-02-01,Mobile,Direct,Other,1,1,1,0,0,0,0,6
U04115,2026-01-03,Mobile,Referral,Mumbai,1,0,0,0,0,0,0,6.2
U04116,2026-03-02,Mobile,Direct,Chennai,1,1,1,1,0,0,0,5.2
U04117,2026-01-17,Desktop,Direct,Bengaluru,1,1,1,1,0,0,0,5.3
U04118,2026-01-09,Mobile,Paid Search,Other,1,1,1,0,0,0,0,7.2
U04119,2026-02-26,Mobile,Paid Search,Delhi,1,0,0,0,0,0,0,2.3
U04120,2026-02-17,Desktop,Organic Search,Delhi,1,1,1,0,0,0,0,8.8
U04121,2026-01-07,Mobile,Referral,Chennai,1,1,0,0,0,0,0,3.6
U04122,2026-02-01,Mobile,Email,Pune,1,0,0,0,0,0,0,5.5
U04123,2026-02-27,Desktop,Organic Search,Delhi,1,0,0,0,0,0,0,10.5
U04124,2026-03-23,Desktop,Paid Search,Bengaluru,1,1,0,0,0,0,0,2.7
U04125,2026-01-05,Desktop,Social Media,Mumbai,1,1,0,0,0,0,0,18.9
U04126,2026-02-08,Desktop,Social Media,Chennai,1,0,0,0,0,0,0,0.5
U04127,2026-01-15,Desktop,Direct,Hyderabad,1,0,0,0,0,0,0,4.7
U04128,2026-03-11,Tablet,Paid Search,Pune,1,0,0,0,0,0,0,2.9
U04129,2026-02-01,Mobile,Direct,Hyderabad,1,1,1,0,0,0,0,13.6
U04130,2026-02-22,Mobile,Paid Search,Chennai,1,1,1,1,0,0,0,4.6
U04131,2026-02-28,Mobile,Email,Bengaluru,1,0,0,0,0,0,0,2.8
U04132,2026-01-03,Mobile,Direct,Bengaluru,1,0,0,0,0,0,0,10.5
U04133,2026-01-25,Desktop,Direct,Chennai,1,1,1,1,1,1,2727.35,1.7
U04134,2026-02-26,Desktop,Organic Search,Other,1,1,1,1,1,1,3914.37,3.6
U04135,2026-02-20,Mobile,Organic Search,Chennai,1,1,0,0,0,0,0,7.3
U04136,2026-01-17,Mobile,Social Media,Hyderabad,1,1,0,0,0,0,0,8.7
U04137,2026-02-16,Desktop,Paid Search,Mumbai,1,0,0,0,0,0,0,6.8
U04138,2026-01-11,Mobile,Email,Bengaluru,1,1,0,0,0,0,0,12.2
U04139,2026-02-04,Desktop,Direct,Hyderabad,1,0,0,0,0,0,0,1.5
U04140,2026-01-06,Mobile,Organic Search,Hyderabad,1,1,1,1,1,1,1054.6,5.8
U04141,2026-01-25,Mobile,Social Media,Hyderabad,1,1,1,0,0,0,0,4.2
U04142,2026-01-17,Mobile,Organic Search,Chennai,1,1,1,1,0,0,0,5.9
U04143,2026-02-24,Mobile,Direct,Chennai,1,1,1,0,0,0,0,25.8
U04144,2026-01-30,Desktop,Direct,Hyderabad,1,0,0,0,0,0,0,13.3
U04145,2026-01-10,Desktop,Social Media,Delhi,1,0,0,0,0,0,0,14.4
U04146,2026-01-28,Desktop,Organic Search,Hyderabad,1,0,0,0,0,0,0,7.4
U04147,2026-03-08,Mobile,Referral,Other,1,1,1,1,1,1,4619.95,5.8
U04148,2026-02-24,Mobile,Email,Mumbai,1,1,0,0,0,0,0,10.6
U04149,2026-03-23,Desktop,Paid Search,Hyderabad,1,1,1,1,1,1,8304.83,4.4
U04150,2026-03-21,Desktop,Direct,Other,1,1,1,0,0,0,0,3
U04151,2026-01-26,Mobile,Direct,Bengaluru,1,0,0,0,0,0,0,3.6
U04152,2026-03-24,Mobile,Social Media,Chennai,1,0,0,0,0,0,0,8
U04153,2026-03-22,Desktop,Social Media,Bengaluru,1,0,0,0,0,0,0,4.8
U04154,2026-02-10,Mobile,Paid Search,Delhi,1,1,1,0,0,0,0,5.9
U04155,2026-03-02,Mobile,Social Media,Chennai,1,1,1,0,0,0,0,21.6
U04156,2026-02-26,Mobile,Paid Search,Hyderabad,1,0,0,0,0,0,0,13.2
U04157,2026-02-14,Mobile,Paid Search,Hyderabad,1,1,1,0,0,0,0,6.2
U04158,2026-01-28,Desktop,Organic Search,Delhi,1,0,0,0,0,0,0,3.3
U04159,2026-01-20,Tablet,Paid Search,Bengaluru,1,0,0,0,0,0,0,12.6
U04160,2026-02-07,Mobile,Organic Search,Hyderabad,1,0,0,0,0,0,0,6.9
U04161,2026-01-13,Mobile,Social Media,Chennai,1,0,0,0,0,0,0,1.5
U04162,2026-01-13,Mobile,Social Media,Pune,1,1,0,0,0,0,0,5
U04163,2026-02-01,Mobile,Social Media,Bengaluru,1,0,0,0,0,0,0,15
U04164,2026-01-23,Mobile,Paid Search,Bengaluru,1,0,0,0,0,0,0,13.5
U04165,2026-02-24,Mobile,Paid Search,Pune,1,1,1,0,0,0,0,6.8
U04166,2026-02-06,Mobile,Referral,Hyderabad,1,1,0,0,0,0,0,1.2
U04167,2026-01-16,Mobile,Social Media,Mumbai,1,1,1,0,0,0,0,21.2
U04168,2026-01-11,Mobile,Direct,Other,1,0,0,0,0,0,0,12
U04169,2026-03-25,Mobile,Paid Search,Pune,1,0,0,0,0,0,0,10
U04170,2026-01-11,Mobile,Email,Hyderabad,1,0,0,0,0,0,0,14.6
U04171,2026-01-25,Mobile,Organic Search,Bengaluru,1,0,0,0,0,0,0,13.5
U04172,2026-02-05,Tablet,Email,Hyderabad,1,1,1,1,1,0,0,13.3
U04173,2026-02-14,Mobile,Direct,Other,1,0,0,0,0,0,0,1.1
U04174,2026-02-21,Mobile,Direct,Other,1,0,0,0,0,0,0,5.7
U04175,2026-02-04,Desktop,Direct,Bengaluru,1,1,1,1,0,0,0,5.5
U04176,2026-01-25,Tablet,Paid Search,Delhi,1,1,1,0,0,0,0,5.8
U04177,2026-01-02,Mobile,Social Media,Pune,1,0,0,0,0,0,0,3.7
U04178,2026-02-19,Desktop,Social Media,Bengaluru,1,0,0,0,0,0,0,3.6
U04179,2026-01-27,Mobile,Social Media,Hyderabad,1,0,0,0,0,0,0,14.5
U04180,2026-02-19,Mobile,Organic Search,Hyderabad,1,0,0,0,0,0,0,1.8
U04181,2026-02-05,Mobile,Direct,Chennai,1,0,0,0,0,0,0,2
U04182,2026-01-19,Desktop,Direct,Pune,1,1,1,0,0,0,0,2.6
U04183,2026-01-26,Desktop,Paid Search,Other,1,0,0,0,0,0,0,5
U04184,2026-02-02,Mobile,Paid Search,Hyderabad,1,0,0,0,0,0,0,2.6
U04185,2026-01-04,Mobile,Organic Search,Bengaluru,1,0,0,0,0,0,0,2
U04186,2026-03-07,Desktop,Email,Chennai,1,1,1,0,0,0,0,12.6
U04187,2026-01-30,Mobile,Paid Search,Delhi,1,1,1,0,0,0,0,12.9
U04188,2026-03-14,Mobile,Direct,Mumbai,1,1,0,0,0,0,0,13.1
U04189,2026-03-07,Desktop,Email,Mumbai,1,0,0,0,0,0,0,5.7
U04190,2026-02-25,Desktop,Email,Mumbai,1,1,1,0,0,0,0,5.5
U04191,2026-01-10,Desktop,Social Media,Hyderabad,1,0,0,0,0,0,0,14.5
U04192,2026-02-09,Desktop,Organic Search,Chennai,1,0,0,0,0,0,0,10.7
U04193,2026-03-13,Mobile,Direct,Other,1,1,1,1,0,0,0,1.8
U04194,2026-02-26,Desktop,Social Media,Hyderabad,1,1,1,1,1,1,3694.56,9.2
U04195,2026-02-18,Mobile,Direct,Mumbai,1,1,0,0,0,0,0,8
U04196,2026-03-07,Mobile,Social Media,Bengaluru,1,1,1,1,1,1,3428.6,5.1
U04197,2026-01-19,Mobile,Email,Mumbai,1,0,0,0,0,0,0,11.9
U04198,2026-01-21,Mobile,Organic Search,Mumbai,1,0,0,0,0,0,0,9.7
U04199,2026-03-13,Mobile,Email,Mumbai,1,0,0,0,0,0,0,7
U04200,2026-02-25,Mobile,Referral,Pune,1,0,0,0,0,0,0,4.6
U04201,2026-03-02,Desktop,Referral,Chennai,1,1,0,0,0,0,0,4.9
U04202,2026-01-24,Mobile,Referral,Mumbai,1,0,0,0,0,0,0,7.9
U04203,2026-01-15,Mobile,Organic Search,Hyderabad,1,1,1,1,1,1,2030.3,15.6
U04204,2026-01-06,Tablet,Direct,Delhi,1,1,0,0,0,0,0,15.7
U04205,2026-03-23,Mobile,Direct,Bengaluru,1,0,0,0,0,0,0,5.4
U04206,2026-02-12,Mobile,Organic Search,Pune,1,0,0,0,0,0,0,9.4
U04207,2026-03-18,Mobile,Direct,Bengaluru,1,0,0,0,0,0,0,11.7
U04208,2026-03-10,Mobile,Paid Search,Hyderabad,1,1,1,1,1,1,1484.33,3.7
U04209,2026-02-13,Mobile,Email,Hyderabad,1,1,1,0,0,0,0,10
U04210,2026-03-21,Mobile,Paid Search,Other,1,0,0,0,0,0,0,9.8
U04211,2026-01-20,Mobile,Direct,Bengaluru,1,1,1,0,0,0,0,7.9
U04212,2026-01-03,Mobile,Organic Search,Hyderabad,1,1,1,1,0,0,0,9.2
U04213,2026-01-05,Mobile,Social Media,Hyderabad,1,1,1,0,0,0,0,4.1
U04214,2026-02-10,Mobile,Paid Search,Bengaluru,1,0,0,0,0,0,0,5.6
U04215,2026-03-15,Desktop,Paid Search,Hyderabad,1,1,1,0,0,0,0,16.6
U04216,2026-03-22,Desktop,Email,Mumbai,1,0,0,0,0,0,0,15.8
U04217,2026-01-31,Mobile,Organic Search,Bengaluru,1,0,0,0,0,0,0,4.9
U04218,2026-03-19,Mobile,Email,Mumbai,1,0,0,0,0,0,0,2.1
U04219,2026-03-19,Desktop,Direct,Hyderabad,1,0,0,0,0,0,0,7.3
U04220,2026-02-16,Mobile,Referral,Chennai,1,1,1,0,0,0,0,7
U04221,2026-03-10,Mobile,Direct,Mumbai,1,0,0,0,0,0,0,5
U04222,2026-01-04,Mobile,Paid Search,Hyderabad,1,1,1,0,0,0,0,11.2
U04223,2026-01-27,Desktop,Paid Search,Chennai,1,1,1,1,1,0,0,2.9
U04224,2026-03-21,Desktop,Social Media,Bengaluru,1,1,1,1,1,1,3199.39,3.9
U04225,2026-03-12,Mobile,Organic Search,Bengaluru,1,0,0,0,0,0,0,3.5
U04226,2026-03-18,Desktop,Direct,Mumbai,1,0,0,0,0,0,0,14.2
U04227,2026-03-28,Mobile,Organic Search,Mumbai,1,0,0,0,0,0,0,10.2
U04228,2026-03-12,Desktop,Direct,Mumbai,1,0,0,0,0,0,0,13.6
U04229,2026-02-07,Mobile,Organic Search,Hyderabad,1,1,1,0,0,0,0,3.2
U04230,2026-03-21,Mobile,Referral,Bengaluru,1,0,0,0,0,0,0,8
U04231,2026-03-28,Desktop,Organic Search,Bengaluru,1,0,0,0,0,0,0,5.5
U04232,2026-03-25,Mobile,Organic Search,Mumbai,1,0,0,0,0,0,0,2.1
U04233,2026-01-23,Mobile,Email,Chennai,1,0,0,0,0,0,0,4.5
U04234,2026-02-17,Desktop,Paid Search,Bengaluru,1,1,1,1,1,1,3129.92,7
U04235,2026-03-19,Mobile,Email,Delhi,1,1,1,1,1,1,2642.26,6.7
U04236,2026-02-05,Mobile,Social Media,Hyderabad,1,0,0,0,0,0,0,10.7
U04237,2026-02-15,Mobile,Organic Search,Other,1,0,0,0,0,0,0,7.3
U04238,2026-01-04,Desktop,Direct,Hyderabad,1,1,1,1,1,1,2735.37,3.5
U04239,2026-03-04,Desktop,Social Media,Delhi,1,1,1,0,0,0,0,6.3
U04240,2026-02-03,Mobile,Email,Bengaluru,1,1,1,1,1,1,1408.35,10.1
U04241,2026-03-23,Desktop,Social Media,Pune,1,1,1,0,0,0,0,9.3
U04242,2026-03-26,Mobile,Social Media,Hyderabad,1,0,0,0,0,0,0,5.5
U04243,2026-01-29,Desktop,Paid Search,Bengaluru,1,0,0,0,0,0,0,8
U04244,2026-03-28,Mobile,Organic Search,Bengaluru,1,1,1,0,0,0,0,11.4
U04245,2026-02-23,Mobile,Social Media,Other,1,1,0,0,0,0,0,5.8
U04246,2026-03-22,Tablet,Paid Search,Other,1,0,0,0,0,0,0,3
U04247,2026-03-03,Mobile,Paid Search,Hyderabad,1,0,0,0,0,0,0,5.1
U04248,2026-01-19,Mobile,Email,Mumbai,1,1,0,0,0,0,0,7.7
U04249,2026-03-25,Mobile,Email,Mumbai,1,1,1,1,1,1,6098.35,2.3
U04250,2026-01-29,Tablet,Organic Search,Hyderabad,1,1,1,0,0,0,0,7.4
U04251,2026-03-02,Mobile,Paid Search,Hyderabad,1,1,1,0,0,0,0,2.7
U04252,2026-03-28,Mobile,Paid Search,Other,1,0,0,0,0,0,0,7.8
U04253,2026-01-27,Mobile,Organic Search,Chennai,1,0,0,0,0,0,0,10
U04254,2026-01-18,Mobile,Organic Search,Hyderabad,1,1,1,1,0,0,0,16.4
U04255,2026-01-09,Mobile,Organic Search,Bengaluru,1,1,1,0,0,0,0,8.9
U04256,2026-03-30,Desktop,Direct,Bengaluru,1,0,0,0,0,0,0,7.6
U04257,2026-03-24,Tablet,Email,Mumbai,1,0,0,0,0,0,0,4.4
U04258,2026-01-17,Mobile,Organic Search,Bengaluru,1,1,1,1,1,1,2501.11,3.5
U04259,2026-03-10,Mobile,Organic Search,Chennai,1,0,0,0,0,0,0,6.3
U04260,2026-03-10,Mobile,Email,Hyderabad,1,1,1,0,0,0,0,9.4
U04261,2026-01-29,Mobile,Paid Search,Bengaluru,1,1,1,1,0,0,0,10
U04262,2026-02-03,Desktop,Referral,Hyderabad,1,1,1,0,0,0,0,5.4
U04263,2026-02-09,Mobile,Direct,Pune,1,1,1,0,0,0,0,6
U04264,2026-03-27,Mobile,Social Media,Hyderabad,1,0,0,0,0,0,0,5.4
U04265,2026-01-30,Desktop,Organic Search,Delhi,1,1,1,1,0,0,0,3.9
U04266,2026-01-28,Mobile,Referral,Bengaluru,1,0,0,0,0,0,0,4.1
U04267,2026-02-13,Desktop,Direct,Chennai,1,1,1,1,1,1,5320.21,2.9
U04268,2026-02-01,Mobile,Social Media,Bengaluru,1,1,1,0,0,0,0,4.2
U04269,2026-02-06,Desktop,Email,Delhi,1,0,0,0,0,0,0,10.8
U04270,2026-02-18,Tablet,Paid Search,Pune,1,0,0,0,0,0,0,7.1
U04271,2026-03-03,Desktop,Paid Search,Bengaluru,1,0,0,0,0,0,0,5.5
U04272,2026-02-01,Tablet,Email,Bengaluru,1,1,1,0,0,0,0,2.6
U04273,2026-03-01,Mobile,Direct,Delhi,1,0,0,0,0,0,0,8
U04274,2026-02-06,Mobile,Social Media,Hyderabad,1,1,1,0,0,0,0,7.6
U04275,2026-01-08,Mobile,Referral,Mumbai,1,1,1,0,0,0,0,6.1
U04276,2026-03-30,Mobile,Organic Search,Hyderabad,1,1,1,0,0,0,0,3.1
U04277,2026-02-13,Mobile,Organic Search,Mumbai,1,1,0,0,0,0,0,5.1
U04278,2026-01-19,Mobile,Social Media,Mumbai,1,0,0,0,0,0,0,2.1
U04279,2026-01-24,Mobile,Organic Search,Hyderabad,1,1,0,0,0,0,0,8.6
U04280,2026-01-22,Mobile,Email,Mumbai,1,0,0,0,0,0,0,8.3
U04281,2026-03-08,Mobile,Paid Search,Chennai,1,0,0,0,0,0,0,1.8
U04282,2026-03-06,Desktop,Referral,Bengaluru,1,0,0,0,0,0,0,8.5
U04283,2026-03-15,Mobile,Referral,Bengaluru,1,1,0,0,0,0,0,8.6
U04284,2026-03-11,Mobile,Social Media,Chennai,1,0,0,0,0,0,0,5.3
U04285,2026-02-11,Mobile,Organic Search,Hyderabad,1,1,0,0,0,0,0,2.7
U04286,2026-02-16,Mobile,Email,Other,1,0,0,0,0,0,0,3.1
U04287,2026-03-02,Desktop,Direct,Delhi,1,1,1,1,1,0,0,9.6
U04288,2026-03-12,Mobile,Social Media,Hyderabad,1,0,0,0,0,0,0,3.6
U04289,2026-03-14,Mobile,Organic Search,Pune,1,1,1,1,0,0,0,3.8
U04290,2026-02-02,Desktop,Organic Search,Bengaluru,1,1,1,1,1,1,4471.45,7.3
U04291,2026-02-25,Mobile,Paid Search,Mumbai,1,1,1,0,0,0,0,4
U04292,2026-03-27,Mobile,Organic Search,Bengaluru,1,0,0,0,0,0,0,8.4
U04293,2026-03-18,Mobile,Referral,Delhi,1,0,0,0,0,0,0,5.8
U04294,2026-02-19,Desktop,Referral,Delhi,1,1,1,0,0,0,0,5.9
U04295,2026-02-08,Mobile,Paid Search,Mumbai,1,0,0,0,0,0,0,5.4
U04296,2026-02-10,Mobile,Paid Search,Bengaluru,1,0,0,0,0,0,0,11.4
U04297,2026-02-12,Mobile,Organic Search,Bengaluru,1,0,0,0,0,0,0,3.2
U04298,2026-02-19,Mobile,Direct,Chennai,1,1,1,0,0,0,0,0.9
U04299,2026-01-31,Mobile,Social Media,Hyderabad,1,0,0,0,0,0,0,2
U04300,2026-01-26,Mobile,Email,Bengaluru,1,0,0,0,0,0,0,2.1
U04301,2026-03-02,Mobile,Paid Search,Delhi,1,0,0,0,0,0,0,6.3
U04302,2026-02-18,Tablet,Email,Pune,1,1,1,0,0,0,0,2.6
U04303,2026-03-21,Desktop,Paid Search,Bengaluru,1,1,1,1,1,1,3357.67,3.2
U04304,2026-03-22,Mobile,Paid Search,Bengaluru,1,1,0,0,0,0,0,5.1
U04305,2026-01-02,Desktop,Email,Pune,1,0,0,0,0,0,0,9.7
U04306,2026-03-31,Mobile,Social Media,Pune,1,1,1,1,0,0,0,9.9
U04307,2026-01-06,Mobile,Paid Search,Chennai,1,0,0,0,0,0,0,12.6
U04308,2026-01-19,Desktop,Organic Search,Hyderabad,1,0,0,0,0,0,0,7
U04309,2026-01-20,Desktop,Paid Search,Delhi,1,1,1,1,1,0,0,4
U04310,2026-03-14,Desktop,Paid Search,Delhi,1,1,1,0,0,0,0,9
U04311,2026-03-07,Mobile,Social Media,Hyderabad,1,1,1,1,0,0,0,3.2
U04312,2026-01-30,Tablet,Direct,Mumbai,1,1,1,0,0,0,0,2.2
U04313,2026-02-02,Mobile,Organic Search,Mumbai,1,0,0,0,0,0,0,6.1
U04314,2026-01-26,Desktop,Organic Search,Bengaluru,1,0,0,0,0,0,0,12.9
U04315,2026-03-03,Tablet,Organic Search,Delhi,1,0,0,0,0,0,0,13.6
U04316,2026-02-17,Mobile,Social Media,Chennai,1,1,0,0,0,0,0,12.7
U04317,2026-01-15,Desktop,Paid Search,Delhi,1,1,0,0,0,0,0,1.3
U04318,2026-01-15,Mobile,Email,Mumbai,1,0,0,0,0,0,0,6.8
U04319,2026-03-18,Mobile,Organic Search,Bengaluru,1,1,1,0,0,0,0,7.7
U04320,2026-02-27,Mobile,Social Media,Mumbai,1,0,0,0,0,0,0,1.3
U04321,2026-03-30,Mobile,Direct,Delhi,1,0,0,0,0,0,0,2.9
U04322,2026-02-24,Tablet,Direct,Other,1,0,0,0,0,0,0,2.8
U04323,2026-03-21,Desktop,Direct,Chennai,1,1,0,0,0,0,0,4.5
U04324,2026-03-05,Mobile,Referral,Hyderabad,1,1,1,1,0,0,0,8.5
U04325,2026-02-08,Desktop,Direct,Other,1,1,0,0,0,0,0,5.3
U04326,2026-02-11,Tablet,Organic Search,Mumbai,1,1,0,0,0,0,0,9
U04327,2026-01-03,Mobile,Organic Search,Other,1,1,1,1,1,1,6055.52,4.2
U04328,2026-03-16,Tablet,Organic Search,Hyderabad,1,1,1,1,1,1,2795.79,2.1
U04329,2026-01-31,Mobile,Email,Bengaluru,1,0,0,0,0,0,0,4.3
U04330,2026-01-07,Desktop,Direct,Hyderabad,1,1,1,0,0,0,0,2.9
U04331,2026-01-22,Mobile,Organic Search,Pune,1,0,0,0,0,0,0,4
U04332,2026-02-11,Mobile,Email,Pune,1,1,0,0,0,0,0,6
U04333,2026-03-01,Mobile,Email,Chennai,1,1,0,0,0,0,0,1.4
U04334,2026-01-14,Desktop,Direct,Hyderabad,1,1,1,1,0,0,0,3.5
U04335,2026-02-22,Mobile,Email,Hyderabad,1,0,0,0,0,0,0,7.7
U04336,2026-03-12,Mobile,Direct,Mumbai,1,0,0,0,0,0,0,10.1
U04337,2026-01-29,Mobile,Paid Search,Chennai,1,0,0,0,0,0,0,10.5
U04338,2026-03-19,Desktop,Paid Search,Delhi,1,0,0,0,0,0,0,9.9
U04339,2026-01-19,Mobile,Social Media,Bengaluru,1,0,0,0,0,0,0,15.1
U04340,2026-03-12,Mobile,Paid Search,Chennai,1,0,0,0,0,0,0,12.9
U04341,2026-01-22,Mobile,Organic Search,Hyderabad,1,1,0,0,0,0,0,2.7
U04342,2026-01-27,Mobile,Email,Mumbai,1,0,0,0,0,0,0,2.9
U04343,2026-02-13,Desktop,Referral,Chennai,1,1,1,0,0,0,0,3.9
U04344,2026-03-17,Desktop,Email,Other,1,1,1,0,0,0,0,8.8
U04345,2026-02-02,Mobile,Paid Search,Mumbai,1,0,0,0,0,0,0,5.2
U04346,2026-03-14,Mobile,Social Media,Chennai,1,0,0,0,0,0,0,0.9
U04347,2026-01-14,Desktop,Paid Search,Bengaluru,1,1,1,1,1,0,0,3.5
U04348,2026-01-18,Mobile,Organic Search,Other,1,1,0,0,0,0,0,1.5
U04349,2026-03-23,Desktop,Social Media,Hyderabad,1,0,0,0,0,0,0,1.7
U04350,2026-02-19,Desktop,Organic Search,Bengaluru,1,0,0,0,0,0,0,12.4
U04351,2026-03-14,Desktop,Organic Search,Other,1,1,1,0,0,0,0,2.6
U04352,2026-03-12,Mobile,Referral,Mumbai,1,0,0,0,0,0,0,11.7
U04353,2026-02-11,Mobile,Organic Search,Mumbai,1,0,0,0,0,0,0,1.8
U04354,2026-02-02,Tablet,Direct,Bengaluru,1,1,1,0,0,0,0,5.6
U04355,2026-01-11,Mobile,Social Media,Pune,1,1,1,0,0,0,0,3.3
U04356,2026-03-06,Mobile,Direct,Bengaluru,1,0,0,0,0,0,0,4
U04357,2026-03-16,Mobile,Organic Search,Bengaluru,1,1,1,0,0,0,0,1.8
U04358,2026-03-31,Desktop,Social Media,Hyderabad,1,1,1,1,1,0,0,8.5
U04359,2026-03-12,Mobile,Paid Search,Hyderabad,1,1,0,0,0,0,0,1.9
U04360,2026-02-03,Mobile,Referral,Other,1,0,0,0,0,0,0,6.7
U04361,2026-01-08,Mobile,Paid Search,Mumbai,1,0,0,0,0,0,0,4.9
U04362,2026-03-05,Mobile,Paid Search,Mumbai,1,0,0,0,0,0,0,22.9
U04363,2026-03-13,Desktop,Direct,Other,1,0,0,0,0,0,0,10.1
U04364,2026-02-04,Mobile,Paid Search,Bengaluru,1,1,0,0,0,0,0,6.5
U04365,2026-02-15,Mobile,Organic Search,Hyderabad,1,1,0,0,0,0,0,9.9
U04366,2026-01-19,Desktop,Paid Search,Mumbai,1,1,0,0,0,0,0,7.5
U04367,2026-03-04,Mobile,Email,Chennai,1,0,0,0,0,0,0,4.1
U04368,2026-02-09,Mobile,Paid Search,Chennai,1,1,1,0,0,0,0,7
U04369,2026-02-11,Mobile,Paid Search,Hyderabad,1,0,0,0,0,0,0,4.3
U04370,2026-02-13,Mobile,Organic Search,Chennai,1,0,0,0,0,0,0,2.5
U04371,2026-02-15,Mobile,Social Media,Bengaluru,1,0,0,0,0,0,0,9.3
U04372,2026-03-25,Mobile,Referral,Bengaluru,1,1,0,0,0,0,0,19.7
U04373,2026-02-10,Mobile,Paid Search,Bengaluru,1,0,0,0,0,0,0,0.7
U04374,2026-01-15,Mobile,Paid Search,Bengaluru,1,0,0,0,0,0,0,4
U04375,2026-01-17,Mobile,Organic Search,Bengaluru,1,0,0,0,0,0,0,2.1
U04376,2026-02-21,Mobile,Organic Search,Bengaluru,1,1,1,1,1,0,0,9.6
U04377,2026-03-09,Mobile,Organic Search,Other,1,0,0,0,0,0,0,3.8
U04378,2026-01-02,Desktop,Social Media,Other,1,1,1,1,1,1,3380.9,17.7
U04379,2026-01-07,Mobile,Social Media,Mumbai,1,0,0,0,0,0,0,6.7
U04380,2026-01-19,Mobile,Direct,Other,1,0,0,0,0,0,0,5.8
U04381,2026-02-23,Mobile,Organic Search,Other,1,1,0,0,0,0,0,2.9
U04382,2026-03-17,Mobile,Social Media,Bengaluru,1,0,0,0,0,0,0,2.5
U04383,2026-03-19,Mobile,Social Media,Chennai,1,0,0,0,0,0,0,4.1
U04384,2026-01-05,Mobile,Social Media,Other,1,1,1,1,1,1,3551.1,8.1
U04385,2026-01-26,Desktop,Direct,Mumbai,1,0,0,0,0,0,0,12.7
U04386,2026-03-30,Mobile,Organic Search,Bengaluru,1,1,0,0,0,0,0,15.7
U04387,2026-03-15,Tablet,Organic Search,Delhi,1,0,0,0,0,0,0,14.1
U04388,2026-01-20,Mobile,Email,Bengaluru,1,0,0,0,0,0,0,7
U04389,2026-01-12,Mobile,Paid Search,Bengaluru,1,1,1,1,0,0,0,7.3
U04390,2026-03-12,Mobile,Organic Search,Bengaluru,1,0,0,0,0,0,0,9.4
U04391,2026-01-24,Mobile,Paid Search,Bengaluru,1,0,0,0,0,0,0,1.4
U04392,2026-01-01,Mobile,Paid Search,Hyderabad,1,0,0,0,0,0,0,7.2
U04393,2026-01-23,Desktop,Social Media,Pune,1,0,0,0,0,0,0,7.9
U04394,2026-01-09,Mobile,Organic Search,Bengaluru,1,1,1,0,0,0,0,2.6
U04395,2026-01-12,Tablet,Paid Search,Hyderabad,1,1,1,1,0,0,0,12.7
U04396,2026-03-09,Desktop,Social Media,Hyderabad,1,1,1,0,0,0,0,3.6
U04397,2026-01-04,Mobile,Social Media,Mumbai,1,0,0,0,0,0,0,17.1
U04398,2026-02-24,Mobile,Direct,Other,1,1,1,1,1,1,2011.7,6
U04399,2026-02-28,Mobile,Organic Search,Hyderabad,1,0,0,0,0,0,0,5.1
U04400,2026-02-26,Mobile,Direct,Hyderabad,1,1,0,0,0,0,0,4.7
U04401,2026-03-02,Mobile,Social Media,Chennai,1,1,0,0,0,0,0,25
U04402,2026-01-06,Mobile,Referral,Mumbai,1,0,0,0,0,0,0,5.5
U04403,2026-02-13,Mobile,Paid Search,Bengaluru,1,1,1,0,0,0,0,8
U04404,2026-03-02,Mobile,Social Media,Bengaluru,1,1,1,0,0,0,0,11.9
U04405,2026-03-06,Tablet,Direct,Chennai,1,1,1,0,0,0,0,2.7
U04406,2026-03-20,Desktop,Direct,Bengaluru,1,1,1,0,0,0,0,6.5
U04407,2026-03-13,Tablet,Organic Search,Other,1,1,0,0,0,0,0,4.4
U04408,2026-03-18,Mobile,Organic Search,Hyderabad,1,1,0,0,0,0,0,4.4
U04409,2026-03-23,Mobile,Social Media,Bengaluru,1,1,1,0,0,0,0,3.5
U04410,2026-01-23,Mobile,Direct,Pune,1,0,0,0,0,0,0,4
U04411,2026-02-23,Mobile,Paid Search,Pune,1,1,1,0,0,0,0,6.3
U04412,2026-01-25,Mobile,Email,Hyderabad,1,0,0,0,0,0,0,11
U04413,2026-02-27,Desktop,Email,Other,1,1,1,0,0,0,0,12.4
U04414,2026-02-19,Desktop,Referral,Delhi,1,1,1,1,1,1,6256.8,5.7
U04415,2026-03-16,Mobile,Social Media,Bengaluru,1,1,1,0,0,0,0,11
U04416,2026-03-31,Mobile,Paid Search,Chennai,1,1,1,0,0,0,0,3.8
U04417,2026-02-19,Mobile,Direct,Bengaluru,1,1,1,0,0,0,0,3.9
U04418,2026-03-14,Mobile,Social Media,Hyderabad,1,0,0,0,0,0,0,10.4
U04419,2026-02-23,Mobile,Email,Bengaluru,1,1,1,1,1,1,3719.31,6.7
U04420,2026-01-15,Mobile,Paid Search,Mumbai,1,0,0,0,0,0,0,2.2
U04421,2026-02-19,Mobile,Email,Pune,1,1,0,0,0,0,0,2.4
U04422,2026-03-22,Tablet,Paid Search,Bengaluru,1,0,0,0,0,0,0,5.4
U04423,2026-02-22,Mobile,Organic Search,Bengaluru,1,1,1,0,0,0,0,8.5
U04424,2026-02-02,Desktop,Email,Chennai,1,0,0,0,0,0,0,1.8
U04425,2026-01-19,Mobile,Social Media,Mumbai,1,0,0,0,0,0,0,3.3
U04426,2026-02-18,Mobile,Email,Delhi,1,0,0,0,0,0,0,2.6
U04427,2026-02-21,Mobile,Paid Search,Bengaluru,1,0,0,0,0,0,0,5.7
U04428,2026-03-02,Mobile,Social Media,Mumbai,1,0,0,0,0,0,0,3.9
U04429,2026-02-07,Mobile,Paid Search,Chennai,1,0,0,0,0,0,0,19.3
U04430,2026-03-29,Desktop,Social Media,Delhi,1,1,1,1,0,0,0,6.4
U04431,2026-01-21,Desktop,Paid Search,Hyderabad,1,0,0,0,0,0,0,8.9
U04432,2026-02-21,Mobile,Email,Bengaluru,1,1,1,0,0,0,0,2.8
U04433,2026-01-24,Mobile,Referral,Chennai,1,1,1,0,0,0,0,12
U04434,2026-02-08,Tablet,Paid Search,Pune,1,0,0,0,0,0,0,7
U04435,2026-03-24,Mobile,Paid Search,Mumbai,1,0,0,0,0,0,0,2.7
U04436,2026-01-29,Mobile,Email,Other,1,1,1,0,0,0,0,8.8
U04437,2026-01-10,Mobile,Email,Hyderabad,1,0,0,0,0,0,0,10.8
U04438,2026-01-17,Desktop,Email,Chennai,1,0,0,0,0,0,0,12.2
U04439,2026-02-02,Tablet,Email,Chennai,1,1,0,0,0,0,0,7.8
U04440,2026-02-12,Mobile,Paid Search,Mumbai,1,1,0,0,0,0,0,10.9
U04441,2026-03-25,Desktop,Paid Search,Pune,1,0,0,0,0,0,0,10.3
U04442,2026-01-05,Desktop,Paid Search,Pune,1,1,1,1,0,0,0,13.4
U04443,2026-02-15,Mobile,Organic Search,Delhi,1,1,1,1,1,0,0,14.9
U04444,2026-01-01,Mobile,Email,Mumbai,1,1,0,0,0,0,0,7.9
U04445,2026-02-05,Mobile,Organic Search,Other,1,0,0,0,0,0,0,1.8
U04446,2026-03-03,Tablet,Direct,Chennai,1,0,0,0,0,0,0,1.8
U04447,2026-01-21,Mobile,Referral,Pune,1,1,0,0,0,0,0,15
U04448,2026-01-21,Desktop,Direct,Other,1,0,0,0,0,0,0,2.5
U04449,2026-01-15,Mobile,Direct,Chennai,1,1,0,0,0,0,0,7.4
U04450,2026-02-19,Desktop,Paid Search,Delhi,1,0,0,0,0,0,0,13.9
U04451,2026-02-22,Mobile,Referral,Bengaluru,1,0,0,0,0,0,0,15.7
U04452,2026-03-11,Mobile,Organic Search,Hyderabad,1,1,1,1,0,0,0,1.9
U04453,2026-01-28,Desktop,Organic Search,Mumbai,1,0,0,0,0,0,0,2.3
U04454,2026-01-17,Desktop,Referral,Hyderabad,1,0,0,0,0,0,0,1.6
U04455,2026-03-09,Desktop,Organic Search,Chennai,1,1,1,1,1,1,1961.41,5.3
U04456,2026-02-11,Mobile,Direct,Pune,1,0,0,0,0,0,0,4.2
U04457,2026-02-27,Desktop,Email,Hyderabad,1,1,1,0,0,0,0,8.6
U04458,2026-02-07,Mobile,Referral,Hyderabad,1,0,0,0,0,0,0,12.5
U04459,2026-03-05,Mobile,Organic Search,Mumbai,1,0,0,0,0,0,0,5.8
U04460,2026-03-21,Mobile,Email,Bengaluru,1,0,0,0,0,0,0,16.5
U04461,2026-02-15,Mobile,Organic Search,Chennai,1,1,0,0,0,0,0,2.8
U04462,2026-03-04,Mobile,Referral,Chennai,1,0,0,0,0,0,0,3.2
U04463,2026-02-13,Tablet,Organic Search,Hyderabad,1,0,0,0,0,0,0,7.8
U04464,2026-02-09,Mobile,Email,Hyderabad,1,1,1,0,0,0,0,10.3
U04465,2026-01-11,Desktop,Organic Search,Pune,1,1,1,1,0,0,0,7.3
U04466,2026-01-24,Mobile,Organic Search,Bengaluru,1,1,1,1,0,0,0,6.4
U04467,2026-01-14,Mobile,Social Media,Chennai,1,0,0,0,0,0,0,3.8
U04468,2026-03-27,Mobile,Organic Search,Other,1,1,1,0,0,0,0,5.7
U04469,2026-03-29,Tablet,Email,Pune,1,1,0,0,0,0,0,6.5
U04470,2026-03-06,Desktop,Organic Search,Hyderabad,1,1,1,1,1,1,2765.27,2.6
U04471,2026-03-24,Desktop,Paid Search,Chennai,1,1,1,0,0,0,0,7.2
U04472,2026-01-14,Tablet,Social Media,Delhi,1,1,0,0,0,0,0,6.5
U04473,2026-01-05,Mobile,Paid Search,Delhi,1,1,0,0,0,0,0,10.5
U04474,2026-03-12,Mobile,Paid Search,Delhi,1,0,0,0,0,0,0,2.9
U04475,2026-03-25,Desktop,Referral,Chennai,1,1,1,1,1,1,1566.72,5.4
U04476,2026-02-25,Mobile,Organic Search,Hyderabad,1,1,1,0,0,0,0,13.1
U04477,2026-03-22,Mobile,Organic Search,Chennai,1,1,1,1,0,0,0,1.8
U04478,2026-03-09,Mobile,Paid Search,Mumbai,1,1,0,0,0,0,0,4.2
U04479,2026-03-10,Mobile,Paid Search,Mumbai,1,0,0,0,0,0,0,9
U04480,2026-03-08,Mobile,Social Media,Hyderabad,1,1,1,1,0,0,0,7.2
U04481,2026-02-18,Mobile,Paid Search,Hyderabad,1,0,0,0,0,0,0,1.8
U04482,2026-02-27,Mobile,Referral,Other,1,1,1,1,1,1,2956.29,2.3
U04483,2026-02-07,Mobile,Organic Search,Hyderabad,1,0,0,0,0,0,0,6.2
U04484,2026-02-17,Mobile,Paid Search,Bengaluru,1,1,1,0,0,0,0,3.6
U04485,2026-01-30,Mobile,Paid Search,Delhi,1,1,1,1,0,0,0,11
U04486,2026-01-22,Desktop,Email,Chennai,1,1,0,0,0,0,0,3
U04487,2026-02-11,Mobile,Direct,Hyderabad,1,0,0,0,0,0,0,3.4
U04488,2026-03-03,Mobile,Social Media,Chennai,1,0,0,0,0,0,0,15
U04489,2026-03-15,Desktop,Direct,Mumbai,1,1,1,0,0,0,0,3.4
U04490,2026-01-24,Mobile,Paid Search,Chennai,1,0,0,0,0,0,0,5.2
U04491,2026-01-11,Mobile,Organic Search,Other,1,0,0,0,0,0,0,6.6
U04492,2026-03-26,Desktop,Organic Search,Bengaluru,1,1,0,0,0,0,0,4.4
U04493,2026-01-07,Mobile,Paid Search,Delhi,1,0,0,0,0,0,0,0.9
U04494,2026-01-22,Desktop,Paid Search,Hyderabad,1,0,0,0,0,0,0,6.7
U04495,2026-03-27,Desktop,Organic Search,Chennai,1,1,1,0,0,0,0,4.6
U04496,2026-01-31,Mobile,Paid Search,Delhi,1,1,1,0,0,0,0,4.7
U04497,2026-02-28,Mobile,Paid Search,Bengaluru,1,1,1,1,1,1,1205.73,1
U04498,2026-02-09,Mobile,Organic Search,Mumbai,1,1,1,1,1,1,3008.06,8
U04499,2026-01-03,Mobile,Paid Search,Hyderabad,1,1,1,0,0,0,0,1.3
U04500,2026-03-30,Mobile,Direct,Hyderabad,1,0,0,0,0,0,0,18.7
U04501,2026-02-11,Mobile,Paid Search,Mumbai,1,1,1,1,1,1,5321.76,1.6
U04502,2026-01-17,Mobile,Email,Delhi,1,0,0,0,0,0,0,1.3
U04503,2026-03-13,Mobile,Social Media,Hyderabad,1,0,0,0,0,0,0,3.5
U04504,2026-01-04,Mobile,Paid Search,Other,1,0,0,0,0,0,0,7.4
U04505,2026-03-25,Mobile,Organic Search,Bengaluru,1,1,1,0,0,0,0,4.9
U04506,2026-01-08,Mobile,Paid Search,Hyderabad,1,1,0,0,0,0,0,30.1
U04507,2026-01-24,Desktop,Social Media,Bengaluru,1,0,0,0,0,0,0,11.7
U04508,2026-02-10,Mobile,Paid Search,Hyderabad,1,0,0,0,0,0,0,14.7
U04509,2026-02-25,Mobile,Organic Search,Hyderabad,1,1,1,1,1,1,1911.91,1.8
U04510,2026-03-31,Tablet,Organic Search,Delhi,1,0,0,0,0,0,0,15.6
U04511,2026-01-28,Mobile,Direct,Chennai,1,1,1,1,1,1,3469.03,1.3
U04512,2026-02-03,Mobile,Paid Search,Chennai,1,0,0,0,0,0,0,1
U04513,2026-03-13,Mobile,Social Media,Other,1,0,0,0,0,0,0,2
U04514,2026-01-04,Desktop,Social Media,Bengaluru,1,0,0,0,0,0,0,1.4
U04515,2026-01-18,Mobile,Direct,Hyderabad,1,0,0,0,0,0,0,9.7
U04516,2026-02-03,Mobile,Social Media,Bengaluru,1,1,1,1,1,1,2537.5,3.1
U04517,2026-01-28,Mobile,Social Media,Bengaluru,1,1,1,0,0,0,0,11.9
U04518,2026-02-07,Desktop,Direct,Chennai,1,0,0,0,0,0,0,1.6
U04519,2026-03-10,Mobile,Email,Bengaluru,1,1,0,0,0,0,0,2.8
U04520,2026-01-29,Mobile,Organic Search,Mumbai,1,1,1,0,0,0,0,10.6
U04521,2026-02-05,Desktop,Organic Search,Delhi,1,0,0,0,0,0,0,4.6
U04522,2026-02-12,Mobile,Referral,Delhi,1,1,1,1,1,0,0,6.3
U04523,2026-01-06,Desktop,Referral,Delhi,1,1,1,1,0,0,0,17.1
U04524,2026-02-21,Mobile,Social Media,Bengaluru,1,0,0,0,0,0,0,14.8
U04525,2026-02-08,Desktop,Social Media,Hyderabad,1,0,0,0,0,0,0,2.4
U04526,2026-01-14,Mobile,Email,Mumbai,1,1,1,1,1,0,0,15.8
U04527,2026-02-14,Desktop,Paid Search,Hyderabad,1,1,1,1,0,0,0,12.4
U04528,2026-03-31,Desktop,Email,Hyderabad,1,0,0,0,0,0,0,1.2
U04529,2026-03-31,Mobile,Organic Search,Mumbai,1,0,0,0,0,0,0,6.4
U04530,2026-02-14,Mobile,Direct,Bengaluru,1,0,0,0,0,0,0,5.1
U04531,2026-01-10,Mobile,Referral,Delhi,1,0,0,0,0,0,0,6.2
U04532,2026-01-07,Mobile,Email,Bengaluru,1,0,0,0,0,0,0,11.3
U04533,2026-01-16,Mobile,Paid Search,Other,1,0,0,0,0,0,0,4.6
U04534,2026-01-14,Mobile,Organic Search,Delhi,1,0,0,0,0,0,0,15.5
U04535,2026-01-26,Mobile,Paid Search,Hyderabad,1,1,1,1,1,0,0,9.8
U04536,2026-02-11,Mobile,Email,Chennai,1,0,0,0,0,0,0,5
U04537,2026-03-06,Mobile,Email,Mumbai,1,0,0,0,0,0,0,8.6
U04538,2026-02-20,Mobile,Paid Search,Delhi,1,0,0,0,0,0,0,7.8
U04539,2026-03-04,Mobile,Social Media,Chennai,1,0,0,0,0,0,0,14.2
U04540,2026-03-28,Mobile,Referral,Chennai,1,0,0,0,0,0,0,5.6
U04541,2026-01-02,Mobile,Organic Search,Bengaluru,1,0,0,0,0,0,0,9.4
U04542,2026-01-04,Mobile,Social Media,Bengaluru,1,0,0,0,0,0,0,5.7
U04543,2026-03-31,Mobile,Referral,Other,1,0,0,0,0,0,0,6.3
U04544,2026-03-03,Mobile,Social Media,Bengaluru,1,1,1,0,0,0,0,4.5
U04545,2026-02-12,Mobile,Email,Hyderabad,1,0,0,0,0,0,0,12
U04546,2026-02-15,Desktop,Social Media,Hyderabad,1,0,0,0,0,0,0,14.5
U04547,2026-01-14,Mobile,Direct,Pune,1,0,0,0,0,0,0,7.3
U04548,2026-03-19,Desktop,Organic Search,Mumbai,1,1,0,0,0,0,0,7.5
U04549,2026-02-12,Desktop,Social Media,Delhi,1,1,1,1,0,0,0,9.1
U04550,2026-01-01,Desktop,Organic Search,Pune,1,0,0,0,0,0,0,6.6
U04551,2026-01-28,Tablet,Organic Search,Pune,1,0,0,0,0,0,0,5.1
U04552,2026-03-25,Mobile,Paid Search,Mumbai,1,0,0,0,0,0,0,3.8
U04553,2026-01-19,Mobile,Organic Search,Hyderabad,1,0,0,0,0,0,0,12.8
U04554,2026-03-08,Desktop,Direct,Hyderabad,1,0,0,0,0,0,0,10
U04555,2026-03-03,Mobile,Direct,Mumbai,1,0,0,0,0,0,0,6.5
U04556,2026-03-19,Mobile,Paid Search,Bengaluru,1,0,0,0,0,0,0,2.3
U04557,2026-01-08,Desktop,Email,Mumbai,1,0,0,0,0,0,0,6.4
U04558,2026-03-25,Desktop,Social Media,Chennai,1,1,1,1,1,1,2929.21,3.7
U04559,2026-03-01,Tablet,Referral,Mumbai,1,1,1,1,0,0,0,8.9
U04560,2026-02-25,Tablet,Social Media,Hyderabad,1,0,0,0,0,0,0,6.1
U04561,2026-02-27,Desktop,Organic Search,Hyderabad,1,1,1,1,0,0,0,5.5
U04562,2026-02-13,Mobile,Referral,Delhi,1,0,0,0,0,0,0,1.5
U04563,2026-02-18,Desktop,Email,Hyderabad,1,0,0,0,0,0,0,9.6
U04564,2026-03-27,Mobile,Social Media,Mumbai,1,1,0,0,0,0,0,10
U04565,2026-03-31,Mobile,Direct,Mumbai,1,0,0,0,0,0,0,3.8
U04566,2026-02-17,Desktop,Direct,Other,1,1,1,0,0,0,0,7.6
U04567,2026-03-19,Mobile,Social Media,Pune,1,0,0,0,0,0,0,8.6
U04568,2026-01-23,Mobile,Social Media,Chennai,1,0,0,0,0,0,0,7
U04569,2026-02-19,Mobile,Direct,Mumbai,1,1,0,0,0,0,0,4.6
U04570,2026-02-20,Desktop,Paid Search,Hyderabad,1,0,0,0,0,0,0,7.1
U04571,2026-03-10,Mobile,Paid Search,Chennai,1,0,0,0,0,0,0,18.8
U04572,2026-01-01,Desktop,Organic Search,Delhi,1,1,1,0,0,0,0,3.6
U04573,2026-03-31,Mobile,Direct,Mumbai,1,0,0,0,0,0,0,9.6
U04574,2026-01-15,Desktop,Email,Chennai,1,0,0,0,0,0,0,16.2
U04575,2026-02-20,Desktop,Organic Search,Hyderabad,1,1,1,1,1,1,2798.59,12.5
U04576,2026-03-17,Mobile,Direct,Pune,1,0,0,0,0,0,0,4.5
U04577,2026-03-26,Mobile,Email,Bengaluru,1,1,1,1,1,1,7781.48,4.2
U04578,2026-01-17,Mobile,Direct,Pune,1,1,0,0,0,0,0,14.7
U04579,2026-03-14,Tablet,Organic Search,Mumbai,1,0,0,0,0,0,0,5.8
U04580,2026-01-01,Desktop,Social Media,Bengaluru,1,0,0,0,0,0,0,9.4
U04581,2026-03-22,Tablet,Email,Hyderabad,1,1,1,0,0,0,0,7.1
U04582,2026-03-25,Mobile,Social Media,Bengaluru,1,0,0,0,0,0,0,6.6
U04583,2026-02-22,Desktop,Email,Pune,1,1,1,1,1,1,2682.86,9.8
U04584,2026-01-04,Desktop,Referral,Pune,1,0,0,0,0,0,0,8.9
U04585,2026-01-25,Desktop,Paid Search,Mumbai,1,0,0,0,0,0,0,2.1
U04586,2026-01-07,Tablet,Referral,Chennai,1,0,0,0,0,0,0,13.8
U04587,2026-03-04,Mobile,Organic Search,Mumbai,1,1,0,0,0,0,0,9
U04588,2026-01-02,Mobile,Paid Search,Chennai,1,0,0,0,0,0,0,2.6
U04589,2026-02-14,Desktop,Organic Search,Mumbai,1,1,0,0,0,0,0,3.7
U04590,2026-01-05,Desktop,Paid Search,Bengaluru,1,1,1,1,1,1,7011.03,5.3
U04591,2026-03-09,Mobile,Paid Search,Pune,1,0,0,0,0,0,0,8.4
U04592,2026-03-08,Mobile,Referral,Delhi,1,0,0,0,0,0,0,3
U04593,2026-01-25,Mobile,Email,Bengaluru,1,0,0,0,0,0,0,4.4
U04594,2026-02-18,Mobile,Paid Search,Pune,1,1,0,0,0,0,0,7.2
U04595,2026-01-26,Mobile,Email,Chennai,1,1,1,1,0,0,0,6.5
U04596,2026-02-13,Desktop,Organic Search,Hyderabad,1,0,0,0,0,0,0,3.2
U04597,2026-02-02,Desktop,Organic Search,Hyderabad,1,0,0,0,0,0,0,4.6
U04598,2026-03-02,Mobile,Social Media,Delhi,1,0,0,0,0,0,0,6.5
U04599,2026-01-09,Mobile,Email,Pune,1,0,0,0,0,0,0,5
U04600,2026-02-04,Mobile,Referral,Pune,1,0,0,0,0,0,0,4.5
U04601,2026-01-08,Mobile,Paid Search,Mumbai,1,0,0,0,0,0,0,6.5
U04602,2026-01-13,Desktop,Email,Hyderabad,1,0,0,0,0,0,0,18
U04603,2026-03-09,Desktop,Email,Hyderabad,1,0,0,0,0,0,0,0.8
U04604,2026-02-10,Mobile,Direct,Bengaluru,1,0,0,0,0,0,0,10.3
U04605,2026-01-05,Desktop,Organic Search,Pune,1,0,0,0,0,0,0,6.9
U04606,2026-01-14,Desktop,Social Media,Other,1,0,0,0,0,0,0,9.2
U04607,2026-03-17,Desktop,Social Media,Bengaluru,1,1,1,0,0,0,0,3.5
U04608,2026-01-20,Mobile,Direct,Delhi,1,0,0,0,0,0,0,13.3
U04609,2026-01-05,Tablet,Organic Search,Mumbai,1,0,0,0,0,0,0,3
U04610,2026-03-30,Mobile,Social Media,Hyderabad,1,0,0,0,0,0,0,5
U04611,2026-01-13,Mobile,Paid Search,Mumbai,1,0,0,0,0,0,0,8.4
U04612,2026-01-23,Mobile,Social Media,Pune,1,0,0,0,0,0,0,6.8
U04613,2026-02-11,Mobile,Organic Search,Bengaluru,1,0,0,0,0,0,0,5.9
U04614,2026-02-14,Mobile,Organic Search,Pune,1,0,0,0,0,0,0,6.2
U04615,2026-02-06,Mobile,Social Media,Bengaluru,1,0,0,0,0,0,0,1.1
U04616,2026-03-04,Mobile,Paid Search,Hyderabad,1,0,0,0,0,0,0,5.6
U04617,2026-02-25,Desktop,Organic Search,Hyderabad,1,1,0,0,0,0,0,10
U04618,2026-01-31,Desktop,Paid Search,Pune,1,1,1,0,0,0,0,4.3
U04619,2026-02-07,Mobile,Organic Search,Chennai,1,0,0,0,0,0,0,7.1
U04620,2026-03-15,Desktop,Direct,Delhi,1,0,0,0,0,0,0,5.2
U04621,2026-02-15,Desktop,Social Media,Mumbai,1,0,0,0,0,0,0,5.5
U04622,2026-03-01,Desktop,Referral,Chennai,1,0,0,0,0,0,0,1.9
U04623,2026-03-07,Mobile,Paid Search,Pune,1,0,0,0,0,0,0,3
U04624,2026-03-25,Desktop,Direct,Chennai,1,0,0,0,0,0,0,4.7
U04625,2026-01-28,Tablet,Social Media,Pune,1,0,0,0,0,0,0,16.9
U04626,2026-03-20,Desktop,Social Media,Hyderabad,1,1,1,1,0,0,0,5.8
U04627,2026-02-04,Mobile,Social Media,Mumbai,1,0,0,0,0,0,0,5.4
U04628,2026-02-25,Mobile,Email,Delhi,1,1,1,0,0,0,0,4.5
U04629,2026-01-01,Desktop,Social Media,Pune,1,1,1,1,1,1,4546.38,14.3
U04630,2026-03-29,Mobile,Paid Search,Bengaluru,1,1,1,1,1,1,1341.1,6.4
U04631,2026-01-29,Mobile,Organic Search,Mumbai,1,1,1,0,0,0,0,8.6
U04632,2026-02-12,Mobile,Social Media,Chennai,1,0,0,0,0,0,0,16
U04633,2026-02-24,Desktop,Social Media,Chennai,1,0,0,0,0,0,0,0.9
U04634,2026-03-31,Desktop,Organic Search,Hyderabad,1,0,0,0,0,0,0,10.8
U04635,2026-03-24,Mobile,Paid Search,Hyderabad,1,0,0,0,0,0,0,5.1
U04636,2026-02-03,Tablet,Social Media,Pune,1,0,0,0,0,0,0,2.2
U04637,2026-01-20,Mobile,Referral,Delhi,1,1,0,0,0,0,0,9.2
U04638,2026-03-06,Desktop,Organic Search,Chennai,1,0,0,0,0,0,0,9.8
U04639,2026-03-21,Desktop,Paid Search,Pune,1,0,0,0,0,0,0,3
U04640,2026-02-10,Desktop,Referral,Hyderabad,1,1,1,0,0,0,0,4.7
U04641,2026-03-18,Tablet,Email,Mumbai,1,0,0,0,0,0,0,2.9
U04642,2026-03-29,Mobile,Paid Search,Pune,1,0,0,0,0,0,0,3.2
U04643,2026-03-29,Desktop,Referral,Pune,1,0,0,0,0,0,0,11.9
U04644,2026-01-25,Mobile,Social Media,Bengaluru,1,1,1,0,0,0,0,6.8
U04645,2026-01-31,Desktop,Social Media,Delhi,1,0,0,0,0,0,0,17.9
U04646,2026-02-08,Desktop,Direct,Chennai,1,1,1,1,1,0,0,6.6
U04647,2026-03-22,Desktop,Direct,Pune,1,0,0,0,0,0,0,16.3
U04648,2026-02-14,Mobile,Paid Search,Mumbai,1,1,0,0,0,0,0,6.8
U04649,2026-02-18,Desktop,Organic Search,Delhi,1,0,0,0,0,0,0,2.9
U04650,2026-03-04,Mobile,Paid Search,Hyderabad,1,1,1,0,0,0,0,5.5
U04651,2026-02-26,Mobile,Organic Search,Mumbai,1,1,1,1,0,0,0,2.7
U04652,2026-03-19,Desktop,Organic Search,Mumbai,1,0,0,0,0,0,0,9.9
U04653,2026-01-22,Mobile,Paid Search,Mumbai,1,0,0,0,0,0,0,3.2
U04654,2026-01-08,Desktop,Direct,Delhi,1,0,0,0,0,0,0,15
U04655,2026-01-01,Mobile,Direct,Other,1,0,0,0,0,0,0,1.6
U04656,2026-02-25,Mobile,Social Media,Delhi,1,1,0,0,0,0,0,10.3
U04657,2026-01-11,Desktop,Social Media,Bengaluru,1,0,0,0,0,0,0,0.6
U04658,2026-02-28,Mobile,Organic Search,Pune,1,1,1,0,0,0,0,4
U04659,2026-01-29,Mobile,Organic Search,Hyderabad,1,1,1,0,0,0,0,9.1
U04660,2026-03-20,Desktop,Organic Search,Mumbai,1,0,0,0,0,0,0,3.6
U04661,2026-03-14,Mobile,Referral,Pune,1,0,0,0,0,0,0,3.2
U04662,2026-01-17,Mobile,Organic Search,Hyderabad,1,0,0,0,0,0,0,16.7
U04663,2026-01-27,Mobile,Direct,Pune,1,0,0,0,0,0,0,15.6
U04664,2026-03-24,Desktop,Email,Delhi,1,0,0,0,0,0,0,6.1
U04665,2026-03-08,Desktop,Organic Search,Chennai,1,0,0,0,0,0,0,14.1
U04666,2026-02-11,Desktop,Organic Search,Bengaluru,1,1,1,0,0,0,0,12.1
U04667,2026-02-23,Mobile,Social Media,Chennai,1,0,0,0,0,0,0,16.7
U04668,2026-02-09,Desktop,Direct,Other,1,1,1,0,0,0,0,1.2
U04669,2026-03-24,Desktop,Email,Bengaluru,1,0,0,0,0,0,0,4
U04670,2026-03-28,Desktop,Paid Search,Mumbai,1,1,1,1,1,0,0,6.7
U04671,2026-03-04,Mobile,Social Media,Hyderabad,1,1,1,0,0,0,0,4.2
U04672,2026-03-12,Desktop,Paid Search,Bengaluru,1,0,0,0,0,0,0,10.9
U04673,2026-01-08,Desktop,Direct,Delhi,1,1,0,0,0,0,0,6.1
U04674,2026-03-10,Mobile,Email,Bengaluru,1,1,1,0,0,0,0,1.1
U04675,2026-02-26,Mobile,Social Media,Other,1,1,1,1,0,0,0,7
U04676,2026-03-04,Desktop,Paid Search,Chennai,1,1,1,0,0,0,0,1.6
U04677,2026-01-29,Mobile,Social Media,Mumbai,1,1,1,0,0,0,0,5.4
U04678,2026-02-04,Tablet,Paid Search,Hyderabad,1,1,0,0,0,0,0,5
U04679,2026-02-22,Desktop,Organic Search,Other,1,0,0,0,0,0,0,5.6
U04680,2026-01-23,Desktop,Paid Search,Hyderabad,1,0,0,0,0,0,0,2.7
U04681,2026-01-12,Mobile,Direct,Mumbai,1,1,0,0,0,0,0,8
U04682,2026-01-17,Mobile,Social Media,Chennai,1,0,0,0,0,0,0,6.6
U04683,2026-02-28,Tablet,Organic Search,Chennai,1,0,0,0,0,0,0,8
U04684,2026-03-20,Mobile,Direct,Mumbai,1,0,0,0,0,0,0,15.9
U04685,2026-03-24,Desktop,Paid Search,Delhi,1,0,0,0,0,0,0,11.5
U04686,2026-03-28,Mobile,Organic Search,Hyderabad,1,0,0,0,0,0,0,4
U04687,2026-01-19,Mobile,Paid Search,Chennai,1,1,1,0,0,0,0,3.3
U04688,2026-02-23,Mobile,Social Media,Delhi,1,1,1,1,0,0,0,3
U04689,2026-01-29,Mobile,Social Media,Chennai,1,0,0,0,0,0,0,20.3
U04690,2026-03-22,Tablet,Social Media,Hyderabad,1,1,1,1,1,1,2759.71,18.4
U04691,2026-02-12,Mobile,Email,Bengaluru,1,0,0,0,0,0,0,9.7
U04692,2026-01-05,Mobile,Paid Search,Bengaluru,1,0,0,0,0,0,0,10.2
U04693,2026-02-07,Mobile,Referral,Hyderabad,1,1,1,1,1,0,0,5.5
U04694,2026-01-11,Mobile,Organic Search,Bengaluru,1,1,1,0,0,0,0,3.3
U04695,2026-01-22,Mobile,Referral,Mumbai,1,0,0,0,0,0,0,7
U04696,2026-03-07,Desktop,Email,Hyderabad,1,0,0,0,0,0,0,12.7
U04697,2026-01-13,Mobile,Email,Mumbai,1,0,0,0,0,0,0,1.8
U04698,2026-01-26,Mobile,Social Media,Other,1,1,1,1,0,0,0,1.5
U04699,2026-02-06,Mobile,Email,Other,1,0,0,0,0,0,0,7.3
U04700,2026-02-20,Tablet,Organic Search,Pune,1,0,0,0,0,0,0,4.7
U04701,2026-02-02,Mobile,Direct,Bengaluru,1,1,0,0,0,0,0,2.7
U04702,2026-02-25,Mobile,Organic Search,Hyderabad,1,0,0,0,0,0,0,4.7
U04703,2026-03-27,Desktop,Organic Search,Pune,1,1,1,1,1,0,0,0.9
U04704,2026-03-02,Mobile,Social Media,Hyderabad,1,1,1,1,1,0,0,7.6
U04705,2026-01-07,Mobile,Email,Bengaluru,1,0,0,0,0,0,0,4.5
U04706,2026-01-28,Mobile,Organic Search,Mumbai,1,1,1,1,1,0,0,6.3
U04707,2026-01-05,Desktop,Direct,Hyderabad,1,0,0,0,0,0,0,2.2
U04708,2026-02-27,Mobile,Direct,Pune,1,1,1,0,0,0,0,7.6
U04709,2026-02-02,Desktop,Social Media,Delhi,1,0,0,0,0,0,0,8.4
U04710,2026-03-07,Desktop,Social Media,Delhi,1,1,1,1,1,0,0,3.1
U04711,2026-03-10,Mobile,Email,Pune,1,0,0,0,0,0,0,11.7
U04712,2026-03-28,Mobile,Paid Search,Bengaluru,1,0,0,0,0,0,0,4.6
U04713,2026-03-28,Mobile,Social Media,Delhi,1,0,0,0,0,0,0,6.3
U04714,2026-02-06,Desktop,Direct,Bengaluru,1,1,1,1,0,0,0,3.6
U04715,2026-03-09,Mobile,Direct,Delhi,1,0,0,0,0,0,0,4.1
U04716,2026-01-06,Mobile,Direct,Hyderabad,1,0,0,0,0,0,0,4.2
U04717,2026-02-13,Mobile,Paid Search,Delhi,1,0,0,0,0,0,0,9.2
U04718,2026-03-11,Tablet,Organic Search,Other,1,0,0,0,0,0,0,3.5
U04719,2026-03-18,Mobile,Paid Search,Hyderabad,1,0,0,0,0,0,0,4.3
U04720,2026-03-12,Tablet,Paid Search,Hyderabad,1,0,0,0,0,0,0,15
U04721,2026-02-07,Mobile,Paid Search,Hyderabad,1,0,0,0,0,0,0,6.8
U04722,2026-03-04,Mobile,Paid Search,Chennai,1,0,0,0,0,0,0,12.4
U04723,2026-03-27,Mobile,Social Media,Bengaluru,1,1,0,0,0,0,0,21.1
U04724,2026-02-09,Mobile,Referral,Pune,1,1,0,0,0,0,0,1.2
U04725,2026-02-23,Mobile,Email,Chennai,1,1,1,0,0,0,0,5.1
U04726,2026-01-19,Mobile,Referral,Chennai,1,0,0,0,0,0,0,6.7
U04727,2026-01-24,Desktop,Organic Search,Delhi,1,1,1,0,0,0,0,9.7
U04728,2026-01-01,Desktop,Organic Search,Bengaluru,1,0,0,0,0,0,0,7.1
U04729,2026-02-22,Desktop,Referral,Bengaluru,1,1,0,0,0,0,0,3.9
U04730,2026-03-25,Mobile,Social Media,Delhi,1,0,0,0,0,0,0,6.6
U04731,2026-01-07,Mobile,Social Media,Delhi,1,0,0,0,0,0,0,0.6
U04732,2026-02-16,Mobile,Organic Search,Hyderabad,1,0,0,0,0,0,0,13.5
U04733,2026-02-12,Desktop,Paid Search,Hyderabad,1,1,1,0,0,0,0,2.9
U04734,2026-01-02,Tablet,Email,Bengaluru,1,0,0,0,0,0,0,13
U04735,2026-02-07,Mobile,Direct,Bengaluru,1,1,1,1,0,0,0,5.5
U04736,2026-02-01,Mobile,Direct,Bengaluru,1,1,1,1,1,1,2656.41,4.3
U04737,2026-03-10,Mobile,Social Media,Delhi,1,0,0,0,0,0,0,3.5
U04738,2026-02-09,Mobile,Social Media,Pune,1,0,0,0,0,0,0,6.7
U04739,2026-02-10,Mobile,Referral,Hyderabad,1,0,0,0,0,0,0,1.5
U04740,2026-01-02,Desktop,Social Media,Mumbai,1,0,0,0,0,0,0,9.9
U04741,2026-02-12,Desktop,Social Media,Bengaluru,1,0,0,0,0,0,0,9.6
U04742,2026-01-03,Mobile,Direct,Chennai,1,0,0,0,0,0,0,7
U04743,2026-03-19,Mobile,Referral,Mumbai,1,0,0,0,0,0,0,4.4
U04744,2026-03-27,Tablet,Direct,Pune,1,0,0,0,0,0,0,6.9
U04745,2026-03-12,Mobile,Organic Search,Hyderabad,1,0,0,0,0,0,0,7.7
U04746,2026-02-05,Mobile,Social Media,Hyderabad,1,1,0,0,0,0,0,4.9
U04747,2026-01-15,Mobile,Referral,Mumbai,1,1,1,1,1,0,0,15.7
U04748,2026-03-23,Mobile,Organic Search,Chennai,1,0,0,0,0,0,0,21.8
U04749,2026-03-13,Mobile,Referral,Hyderabad,1,0,0,0,0,0,0,3.7
U04750,2026-01-15,Desktop,Organic Search,Hyderabad,1,0,0,0,0,0,0,14.6
U04751,2026-01-28,Mobile,Referral,Mumbai,1,0,0,0,0,0,0,4.2
U04752,2026-02-21,Mobile,Social Media,Bengaluru,1,0,0,0,0,0,0,3.6
U04753,2026-03-11,Desktop,Organic Search,Other,1,0,0,0,0,0,0,8.8
U04754,2026-02-13,Mobile,Social Media,Chennai,1,0,0,0,0,0,0,1.1
U04755,2026-02-05,Desktop,Email,Bengaluru,1,1,1,1,0,0,0,8
U04756,2026-02-17,Desktop,Email,Mumbai,1,1,1,0,0,0,0,5.1
U04757,2026-01-09,Mobile,Paid Search,Bengaluru,1,1,1,0,0,0,0,3.3
U04758,2026-02-24,Desktop,Direct,Chennai,1,0,0,0,0,0,0,8.8
U04759,2026-02-08,Mobile,Social Media,Chennai,1,1,1,1,1,1,3977.78,5.6
U04760,2026-02-24,Tablet,Social Media,Chennai,1,1,0,0,0,0,0,11
U04761,2026-03-09,Mobile,Organic Search,Delhi,1,1,1,0,0,0,0,2
U04762,2026-02-27,Tablet,Direct,Bengaluru,1,1,1,1,0,0,0,12.1
U04763,2026-02-08,Desktop,Organic Search,Other,1,1,1,1,0,0,0,4.1
U04764,2026-02-26,Mobile,Social Media,Delhi,1,1,0,0,0,0,0,3.2
U04765,2026-03-22,Mobile,Referral,Bengaluru,1,0,0,0,0,0,0,1.8
U04766,2026-03-22,Tablet,Organic Search,Hyderabad,1,0,0,0,0,0,0,4.9
U04767,2026-01-19,Desktop,Social Media,Bengaluru,1,1,1,0,0,0,0,6.1
U04768,2026-01-16,Mobile,Organic Search,Bengaluru,1,1,1,1,1,1,1052.56,4.6
U04769,2026-03-26,Desktop,Referral,Mumbai,1,1,1,0,0,0,0,10.8
U04770,2026-01-27,Mobile,Social Media,Hyderabad,1,0,0,0,0,0,0,3.8
U04771,2026-01-21,Mobile,Direct,Other,1,0,0,0,0,0,0,2.9
U04772,2026-03-18,Mobile,Direct,Hyderabad,1,0,0,0,0,0,0,5.2
U04773,2026-01-17,Mobile,Email,Bengaluru,1,1,0,0,0,0,0,10.7
U04774,2026-01-22,Desktop,Email,Hyderabad,1,0,0,0,0,0,0,14.7
U04775,2026-02-06,Mobile,Social Media,Bengaluru,1,1,1,1,1,0,0,4.2
U04776,2026-01-20,Desktop,Paid Search,Pune,1,1,1,0,0,0,0,3.4
U04777,2026-03-05,Mobile,Email,Mumbai,1,0,0,0,0,0,0,7.9
U04778,2026-02-18,Mobile,Direct,Bengaluru,1,1,1,0,0,0,0,4.7
U04779,2026-01-21,Mobile,Paid Search,Pune,1,1,1,1,1,0,0,8
U04780,2026-02-14,Mobile,Paid Search,Pune,1,0,0,0,0,0,0,11
U04781,2026-01-11,Mobile,Paid Search,Delhi,1,0,0,0,0,0,0,2.7
U04782,2026-01-18,Mobile,Paid Search,Pune,1,1,1,0,0,0,0,7.8
U04783,2026-01-04,Mobile,Organic Search,Mumbai,1,0,0,0,0,0,0,4.1
U04784,2026-02-09,Mobile,Social Media,Chennai,1,0,0,0,0,0,0,5.7
U04785,2026-02-19,Mobile,Social Media,Bengaluru,1,1,1,0,0,0,0,11.8
U04786,2026-02-28,Mobile,Social Media,Bengaluru,1,0,0,0,0,0,0,1.7
U04787,2026-01-02,Desktop,Paid Search,Mumbai,1,0,0,0,0,0,0,10.8
U04788,2026-03-10,Desktop,Social Media,Pune,1,0,0,0,0,0,0,6.4
U04789,2026-02-20,Mobile,Direct,Mumbai,1,0,0,0,0,0,0,6.1
U04790,2026-03-12,Mobile,Direct,Other,1,0,0,0,0,0,0,12
U04791,2026-03-18,Mobile,Social Media,Bengaluru,1,1,1,1,1,1,3517.35,8.4
U04792,2026-03-16,Tablet,Organic Search,Delhi,1,0,0,0,0,0,0,3.5
U04793,2026-03-17,Mobile,Direct,Mumbai,1,1,1,1,1,1,10092.51,1.8
U04794,2026-01-29,Mobile,Email,Delhi,1,0,0,0,0,0,0,7.7
U04795,2026-02-24,Mobile,Paid Search,Mumbai,1,1,0,0,0,0,0,19.1
U04796,2026-01-27,Mobile,Organic Search,Bengaluru,1,0,0,0,0,0,0,1.1
U04797,2026-01-13,Mobile,Organic Search,Hyderabad,1,0,0,0,0,0,0,5.3
U04798,2026-01-20,Desktop,Organic Search,Other,1,1,1,1,1,1,4594.17,12.5
U04799,2026-03-09,Mobile,Organic Search,Hyderabad,1,1,1,0,0,0,0,10
U04800,2026-03-16,Desktop,Direct,Chennai,1,0,0,0,0,0,0,2.6
U04801,2026-01-17,Mobile,Social Media,Chennai,1,0,0,0,0,0,0,2.6
U04802,2026-02-09,Mobile,Email,Bengaluru,1,0,0,0,0,0,0,2.2
U04803,2026-02-24,Desktop,Referral,Delhi,1,0,0,0,0,0,0,19.9
U04804,2026-01-14,Mobile,Referral,Delhi,1,0,0,0,0,0,0,7.5
U04805,2026-01-14,Desktop,Direct,Other,1,0,0,0,0,0,0,6.5
U04806,2026-03-29,Mobile,Direct,Chennai,1,1,1,0,0,0,0,10.3
U04807,2026-01-03,Mobile,Paid Search,Mumbai,1,1,1,1,0,0,0,2.2
U04808,2026-01-05,Tablet,Direct,Pune,1,0,0,0,0,0,0,5.8
U04809,2026-02-22,Mobile,Email,Other,1,1,1,0,0,0,0,14
U04810,2026-03-18,Desktop,Organic Search,Other,1,0,0,0,0,0,0,5.5
U04811,2026-02-23,Mobile,Email,Delhi,1,0,0,0,0,0,0,1.8
U04812,2026-01-05,Desktop,Email,Hyderabad,1,1,1,1,1,1,3612.44,4.4
U04813,2026-03-12,Mobile,Direct,Hyderabad,1,0,0,0,0,0,0,5.3
U04814,2026-01-09,Mobile,Paid Search,Pune,1,0,0,0,0,0,0,6.6
U04815,2026-02-03,Desktop,Social Media,Pune,1,0,0,0,0,0,0,9.9
U04816,2026-03-01,Tablet,Organic Search,Delhi,1,0,0,0,0,0,0,12.8
U04817,2026-01-28,Desktop,Paid Search,Bengaluru,1,0,0,0,0,0,0,11.1
U04818,2026-02-27,Desktop,Organic Search,Mumbai,1,1,1,0,0,0,0,5.5
U04819,2026-03-07,Desktop,Social Media,Bengaluru,1,0,0,0,0,0,0,3.7
U04820,2026-01-28,Mobile,Referral,Chennai,1,0,0,0,0,0,0,12.4
U04821,2026-02-14,Mobile,Organic Search,Chennai,1,0,0,0,0,0,0,6
U04822,2026-01-04,Mobile,Social Media,Other,1,1,0,0,0,0,0,7.5
U04823,2026-03-29,Mobile,Organic Search,Bengaluru,1,0,0,0,0,0,0,7.8
U04824,2026-03-07,Mobile,Organic Search,Mumbai,1,0,0,0,0,0,0,6.7
U04825,2026-03-03,Mobile,Social Media,Bengaluru,1,1,1,0,0,0,0,3.8
U04826,2026-03-03,Mobile,Organic Search,Delhi,1,0,0,0,0,0,0,6.3
U04827,2026-02-07,Desktop,Social Media,Mumbai,1,0,0,0,0,0,0,15.5
U04828,2026-02-28,Mobile,Organic Search,Other,1,1,0,0,0,0,0,6.7
U04829,2026-02-02,Mobile,Organic Search,Hyderabad,1,0,0,0,0,0,0,4.6
U04830,2026-02-22,Mobile,Social Media,Bengaluru,1,0,0,0,0,0,0,3.7
U04831,2026-01-24,Desktop,Social Media,Delhi,1,0,0,0,0,0,0,11.7
U04832,2026-03-22,Desktop,Organic Search,Bengaluru,1,0,0,0,0,0,0,8
U04833,2026-02-15,Desktop,Social Media,Hyderabad,1,1,1,0,0,0,0,3
U04834,2026-03-25,Mobile,Referral,Chennai,1,0,0,0,0,0,0,5.7
U04835,2026-03-25,Mobile,Email,Mumbai,1,0,0,0,0,0,0,8.7
U04836,2026-03-28,Mobile,Organic Search,Hyderabad,1,1,1,0,0,0,0,5
U04837,2026-02-13,Mobile,Social Media,Bengaluru,1,0,0,0,0,0,0,14.6
U04838,2026-03-04,Mobile,Email,Pune,1,0,0,0,0,0,0,2.7
U04839,2026-03-10,Mobile,Organic Search,Mumbai,1,0,0,0,0,0,0,6.1
U04840,2026-01-21,Mobile,Direct,Hyderabad,1,1,1,0,0,0,0,16.4
U04841,2026-02-07,Tablet,Direct,Bengaluru,1,1,1,1,1,1,4792.08,3.7
U04842,2026-01-17,Tablet,Direct,Mumbai,1,0,0,0,0,0,0,8.8
U04843,2026-03-20,Mobile,Referral,Hyderabad,1,1,1,1,1,1,4644.89,8.1
U04844,2026-01-19,Mobile,Email,Pune,1,0,0,0,0,0,0,6.6
U04845,2026-01-27,Mobile,Email,Delhi,1,0,0,0,0,0,0,11.1
U04846,2026-03-02,Mobile,Email,Chennai,1,0,0,0,0,0,0,2.8
U04847,2026-01-18,Tablet,Referral,Other,1,1,1,1,1,1,4611.76,2.5
U04848,2026-03-28,Mobile,Email,Chennai,1,1,0,0,0,0,0,6
U04849,2026-02-21,Desktop,Paid Search,Bengaluru,1,1,1,0,0,0,0,7.8
U04850,2026-02-13,Mobile,Paid Search,Delhi,1,1,1,0,0,0,0,12.4
U04851,2026-01-09,Tablet,Direct,Mumbai,1,0,0,0,0,0,0,9.6
U04852,2026-03-24,Mobile,Organic Search,Bengaluru,1,0,0,0,0,0,0,8
U04853,2026-02-08,Desktop,Email,Bengaluru,1,0,0,0,0,0,0,6.4
U04854,2026-02-16,Mobile,Direct,Chennai,1,0,0,0,0,0,0,4.9
U04855,2026-02-06,Desktop,Email,Bengaluru,1,0,0,0,0,0,0,6.1
U04856,2026-01-02,Mobile,Direct,Delhi,1,1,1,0,0,0,0,4.6
U04857,2026-03-22,Mobile,Email,Mumbai,1,1,1,1,1,1,4105.32,14.2
U04858,2026-01-26,Tablet,Organic Search,Chennai,1,0,0,0,0,0,0,5.7
U04859,2026-03-26,Desktop,Referral,Chennai,1,1,1,1,1,0,0,7.7
U04860,2026-03-24,Desktop,Paid Search,Bengaluru,1,1,1,1,0,0,0,8.3
U04861,2026-03-20,Desktop,Paid Search,Bengaluru,1,0,0,0,0,0,0,4.1
U04862,2026-03-02,Desktop,Paid Search,Hyderabad,1,0,0,0,0,0,0,8.8
U04863,2026-03-09,Mobile,Paid Search,Bengaluru,1,0,0,0,0,0,0,4.7
U04864,2026-01-09,Mobile,Paid Search,Bengaluru,1,0,0,0,0,0,0,2.7
U04865,2026-02-23,Mobile,Paid Search,Mumbai,1,0,0,0,0,0,0,10.5
U04866,2026-02-27,Desktop,Email,Delhi,1,1,1,0,0,0,0,4.9
U04867,2026-01-27,Mobile,Referral,Chennai,1,0,0,0,0,0,0,10.5
U04868,2026-01-03,Mobile,Paid Search,Other,1,1,1,1,1,0,0,14.1
U04869,2026-03-07,Mobile,Organic Search,Pune,1,0,0,0,0,0,0,9
U04870,2026-03-06,Desktop,Email,Other,1,0,0,0,0,0,0,8.5
U04871,2026-02-26,Mobile,Email,Pune,1,1,1,0,0,0,0,11.3
U04872,2026-01-04,Mobile,Direct,Mumbai,1,0,0,0,0,0,0,5.8
U04873,2026-02-21,Mobile,Organic Search,Mumbai,1,1,1,0,0,0,0,13.4
U04874,2026-03-24,Mobile,Direct,Hyderabad,1,0,0,0,0,0,0,3.7
U04875,2026-03-06,Mobile,Social Media,Delhi,1,1,1,0,0,0,0,8
U04876,2026-01-15,Desktop,Social Media,Mumbai,1,0,0,0,0,0,0,6.7
U04877,2026-02-11,Mobile,Organic Search,Chennai,1,0,0,0,0,0,0,5
U04878,2026-03-06,Desktop,Paid Search,Delhi,1,1,1,1,1,1,1069.67,7.3
U04879,2026-02-25,Mobile,Organic Search,Chennai,1,1,1,1,1,1,4197.85,4.3
U04880,2026-03-27,Desktop,Paid Search,Mumbai,1,0,0,0,0,0,0,3
U04881,2026-03-18,Mobile,Social Media,Chennai,1,1,1,0,0,0,0,11.3
U04882,2026-03-17,Mobile,Referral,Delhi,1,1,1,0,0,0,0,8.5
U04883,2026-03-23,Desktop,Email,Pune,1,0,0,0,0,0,0,16.1
U04884,2026-01-02,Mobile,Social Media,Pune,1,0,0,0,0,0,0,8.6
U04885,2026-02-14,Mobile,Social Media,Delhi,1,0,0,0,0,0,0,7.8
U04886,2026-03-04,Desktop,Paid Search,Hyderabad,1,0,0,0,0,0,0,2.7
U04887,2026-02-16,Mobile,Direct,Other,1,0,0,0,0,0,0,13.9
U04888,2026-03-12,Desktop,Social Media,Bengaluru,1,1,1,0,0,0,0,5
U04889,2026-03-24,Mobile,Paid Search,Pune,1,1,1,0,0,0,0,10.5
U04890,2026-02-03,Desktop,Organic Search,Hyderabad,1,0,0,0,0,0,0,3.6
U04891,2026-01-01,Mobile,Social Media,Chennai,1,0,0,0,0,0,0,10.4
U04892,2026-02-28,Mobile,Social Media,Delhi,1,1,1,0,0,0,0,19.7
U04893,2026-03-23,Mobile,Organic Search,Mumbai,1,0,0,0,0,0,0,3.6
U04894,2026-02-16,Mobile,Referral,Chennai,1,0,0,0,0,0,0,3.2
U04895,2026-01-05,Mobile,Email,Delhi,1,1,0,0,0,0,0,4.7
U04896,2026-03-19,Mobile,Email,Mumbai,1,1,1,1,0,0,0,10.8
U04897,2026-01-29,Mobile,Organic Search,Bengaluru,1,1,0,0,0,0,0,15.8
U04898,2026-02-22,Mobile,Paid Search,Mumbai,1,1,1,1,0,0,0,25.9
U04899,2026-03-29,Mobile,Direct,Bengaluru,1,1,1,0,0,0,0,14.3
U04900,2026-01-11,Desktop,Direct,Delhi,1,0,0,0,0,0,0,12.8
U04901,2026-01-22,Mobile,Paid Search,Hyderabad,1,0,0,0,0,0,0,12.3
U04902,2026-02-14,Mobile,Organic Search,Mumbai,1,1,1,0,0,0,0,6.6
U04903,2026-03-16,Mobile,Paid Search,Chennai,1,0,0,0,0,0,0,5.2
U04904,2026-03-03,Mobile,Paid Search,Bengaluru,1,0,0,0,0,0,0,10.2
U04905,2026-01-21,Tablet,Email,Mumbai,1,0,0,0,0,0,0,5.4
U04906,2026-02-23,Mobile,Direct,Mumbai,1,0,0,0,0,0,0,9.2
U04907,2026-02-05,Tablet,Paid Search,Other,1,0,0,0,0,0,0,4.2
U04908,2026-03-09,Mobile,Organic Search,Pune,1,0,0,0,0,0,0,2
U04909,2026-01-17,Desktop,Direct,Delhi,1,0,0,0,0,0,0,11.5
U04910,2026-01-02,Mobile,Organic Search,Chennai,1,1,1,0,0,0,0,1.8
U04911,2026-01-20,Desktop,Direct,Chennai,1,1,1,0,0,0,0,13.2
U04912,2026-02-24,Mobile,Email,Hyderabad,1,1,1,0,0,0,0,7.6
U04913,2026-01-11,Mobile,Direct,Bengaluru,1,0,0,0,0,0,0,12.9
U04914,2026-03-07,Mobile,Organic Search,Pune,1,0,0,0,0,0,0,15.1
U04915,2026-02-14,Mobile,Organic Search,Chennai,1,0,0,0,0,0,0,3.6
U04916,2026-02-21,Desktop,Social Media,Chennai,1,1,0,0,0,0,0,2.2
U04917,2026-01-25,Mobile,Social Media,Bengaluru,1,1,1,0,0,0,0,3.6
U04918,2026-01-13,Mobile,Paid Search,Bengaluru,1,0,0,0,0,0,0,5.3
U04919,2026-01-17,Desktop,Direct,Hyderabad,1,1,1,0,0,0,0,6.4
U04920,2026-02-01,Mobile,Referral,Mumbai,1,0,0,0,0,0,0,4
U04921,2026-02-25,Tablet,Email,Chennai,1,0,0,0,0,0,0,8.4
U04922,2026-02-16,Desktop,Organic Search,Mumbai,1,1,1,0,0,0,0,4.4
U04923,2026-01-14,Mobile,Email,Mumbai,1,0,0,0,0,0,0,5.9
U04924,2026-02-28,Desktop,Email,Delhi,1,0,0,0,0,0,0,4.5
U04925,2026-01-21,Mobile,Paid Search,Delhi,1,0,0,0,0,0,0,5.9
U04926,2026-02-02,Mobile,Direct,Delhi,1,1,1,0,0,0,0,12.2
U04927,2026-02-28,Mobile,Organic Search,Chennai,1,0,0,0,0,0,0,7.6
U04928,2026-01-16,Mobile,Paid Search,Bengaluru,1,0,0,0,0,0,0,5.5
U04929,2026-03-27,Desktop,Organic Search,Other,1,1,0,0,0,0,0,4.5
U04930,2026-01-11,Desktop,Referral,Hyderabad,1,0,0,0,0,0,0,15.9
U04931,2026-03-31,Mobile,Social Media,Hyderabad,1,0,0,0,0,0,0,8.7
U04932,2026-01-21,Mobile,Paid Search,Chennai,1,0,0,0,0,0,0,11.1
U04933,2026-01-19,Tablet,Organic Search,Mumbai,1,1,1,1,1,0,0,6.6
U04934,2026-02-08,Mobile,Organic Search,Hyderabad,1,0,0,0,0,0,0,9
U04935,2026-01-15,Mobile,Organic Search,Delhi,1,1,1,1,1,1,1713.36,4.9
U04936,2026-02-21,Mobile,Social Media,Mumbai,1,1,1,0,0,0,0,5.8
U04937,2026-01-31,Desktop,Organic Search,Chennai,1,1,1,0,0,0,0,4.8
U04938,2026-02-11,Mobile,Paid Search,Chennai,1,0,0,0,0,0,0,4
U04939,2026-03-03,Desktop,Direct,Mumbai,1,1,1,0,0,0,0,1
U04940,2026-02-28,Desktop,Social Media,Hyderabad,1,1,0,0,0,0,0,13.9
U04941,2026-02-18,Mobile,Email,Hyderabad,1,0,0,0,0,0,0,8.8
U04942,2026-01-31,Mobile,Organic Search,Bengaluru,1,0,0,0,0,0,0,14.9
U04943,2026-02-19,Desktop,Paid Search,Delhi,1,1,1,0,0,0,0,10.6
U04944,2026-01-27,Mobile,Social Media,Mumbai,1,0,0,0,0,0,0,1.5
U04945,2026-01-07,Desktop,Organic Search,Chennai,1,0,0,0,0,0,0,11.7
U04946,2026-03-14,Tablet,Organic Search,Mumbai,1,1,1,0,0,0,0,7.3
U04947,2026-03-19,Desktop,Direct,Mumbai,1,1,0,0,0,0,0,6
U04948,2026-03-04,Desktop,Direct,Bengaluru,1,0,0,0,0,0,0,6.4
U04949,2026-01-01,Desktop,Organic Search,Hyderabad,1,0,0,0,0,0,0,14.6
U04950,2026-01-17,Desktop,Paid Search,Pune,1,1,1,1,1,1,2752.67,6.5
U04951,2026-03-06,Mobile,Direct,Mumbai,1,1,1,0,0,0,0,8.4
U04952,2026-03-02,Mobile,Organic Search,Delhi,1,1,1,0,0,0,0,10.7
U04953,2026-01-18,Mobile,Email,Chennai,1,1,1,0,0,0,0,0.8
U04954,2026-02-14,Desktop,Direct,Delhi,1,1,1,1,1,0,0,23.8
U04955,2026-03-29,Mobile,Direct,Mumbai,1,1,1,0,0,0,0,9
U04956,2026-02-14,Desktop,Social Media,Hyderabad,1,0,0,0,0,0,0,6.5
U04957,2026-03-23,Mobile,Organic Search,Pune,1,0,0,0,0,0,0,6.4
U04958,2026-01-20,Desktop,Organic Search,Bengaluru,1,1,1,0,0,0,0,4.7
U04959,2026-02-27,Mobile,Direct,Hyderabad,1,0,0,0,0,0,0,19.2
U04960,2026-02-19,Desktop,Direct,Hyderabad,1,0,0,0,0,0,0,18.4
U04961,2026-02-07,Mobile,Social Media,Delhi,1,0,0,0,0,0,0,14.2
U04962,2026-01-13,Mobile,Referral,Delhi,1,1,1,1,1,0,0,9.3
U04963,2026-02-09,Mobile,Email,Delhi,1,1,1,1,0,0,0,10.7
U04964,2026-02-19,Desktop,Email,Other,1,0,0,0,0,0,0,10.2
U04965,2026-03-06,Mobile,Referral,Bengaluru,1,0,0,0,0,0,0,0.8
U04966,2026-03-17,Mobile,Email,Mumbai,1,0,0,0,0,0,0,4.6
U04967,2026-02-02,Tablet,Social Media,Mumbai,1,1,1,1,1,0,0,16.4
U04968,2026-03-05,Desktop,Organic Search,Other,1,1,1,0,0,0,0,26.6
U04969,2026-02-13,Tablet,Email,Bengaluru,1,1,1,0,0,0,0,19.8
U04970,2026-02-06,Mobile,Social Media,Other,1,0,0,0,0,0,0,6.1
U04971,2026-01-12,Mobile,Paid Search,Hyderabad,1,0,0,0,0,0,0,5.3
U04972,2026-03-26,Desktop,Referral,Delhi,1,0,0,0,0,0,0,5.2
U04973,2026-03-07,Mobile,Email,Mumbai,1,0,0,0,0,0,0,11.1
U04974,2026-01-06,Desktop,Direct,Pune,1,1,1,0,0,0,0,13.4
U04975,2026-03-05,Mobile,Organic Search,Hyderabad,1,1,1,0,0,0,0,2.8
U04976,2026-01-02,Mobile,Email,Hyderabad,1,0,0,0,0,0,0,14.7
U04977,2026-03-28,Mobile,Organic Search,Hyderabad,1,1,1,0,0,0,0,7.9
U04978,2026-02-19,Mobile,Direct,Mumbai,1,0,0,0,0,0,0,4.8
U04979,2026-03-05,Mobile,Organic Search,Mumbai,1,0,0,0,0,0,0,3.7
U04980,2026-01-17,Mobile,Email,Other,1,1,1,0,0,0,0,10.4
U04981,2026-03-10,Tablet,Referral,Chennai,1,0,0,0,0,0,0,1.7
U04982,2026-01-10,Mobile,Paid Search,Hyderabad,1,0,0,0,0,0,0,5.2
U04983,2026-03-16,Desktop,Direct,Bengaluru,1,0,0,0,0,0,0,11.7
U04984,2026-02-09,Desktop,Direct,Hyderabad,1,0,0,0,0,0,0,4.9
U04985,2026-01-31,Mobile,Paid Search,Delhi,1,0,0,0,0,0,0,5.7
U04986,2026-03-08,Mobile,Organic Search,Pune,1,1,1,0,0,0,0,0.5
U04987,2026-03-28,Desktop,Paid Search,Other,1,0,0,0,0,0,0,9.4
U04988,2026-01-31,Mobile,Paid Search,Chennai,1,0,0,0,0,0,0,11.6
U04989,2026-02-18,Desktop,Direct,Hyderabad,1,0,0,0,0,0,0,6.2
U04990,2026-01-23,Desktop,Direct,Bengaluru,1,0,0,0,0,0,0,12.2
U04991,2026-01-24,Tablet,Organic Search,Mumbai,1,1,1,0,0,0,0,7.4
U04992,2026-03-05,Mobile,Social Media,Other,1,1,1,1,1,1,4181.48,1
U04993,2026-02-23,Mobile,Social Media,Hyderabad,1,1,1,1,0,0,0,6.1
U04994,2026-03-22,Desktop,Organic Search,Hyderabad,1,0,0,0,0,0,0,12.7
U04995,2026-03-13,Mobile,Paid Search,Delhi,1,1,1,1,1,0,0,7.5
U04996,2026-03-02,Desktop,Paid Search,Delhi,1,0,0,0,0,0,0,8
U04997,2026-01-15,Mobile,Social Media,Bengaluru,1,0,0,0,0,0,0,7.9
U04998,2026-03-21,Mobile,Email,Pune,1,1,1,1,1,1,2978.36,6.6
U04999,2026-01-17,Desktop,Email,Hyderabad,1,0,0,0,0,0,0,8
U05000,2026-03-27,Mobile,Organic Search,Other,1,0,0,0,0,0,0,10.1
U05001,2026-03-26,Mobile,Referral,Bengaluru,1,1,0,0,0,0,0,6
U05002,2026-01-05,Mobile,Email,Hyderabad,1,1,1,0,0,0,0,4
U05003,2026-02-07,Desktop,Direct,Bengaluru,1,0,0,0,0,0,0,8.1
U05004,2026-01-29,Mobile,Paid Search,Hyderabad,1,1,1,0,0,0,0,5.9
U05005,2026-03-11,Desktop,Direct,Mumbai,1,1,0,0,0,0,0,9.5
U05006,2026-01-11,Mobile,Direct,Delhi,1,1,1,0,0,0,0,3.9
U05007,2026-01-26,Desktop,Paid Search,Chennai,1,1,1,0,0,0,0,5
U05008,2026-03-20,Desktop,Paid Search,Delhi,1,1,1,0,0,0,0,2.8
U05009,2026-02-26,Mobile,Direct,Bengaluru,1,1,1,1,0,0,0,11.2
U05010,2026-03-13,Mobile,Email,Hyderabad,1,1,1,0,0,0,0,4.5
U05011,2026-02-02,Mobile,Direct,Other,1,1,0,0,0,0,0,0.9
U05012,2026-02-17,Desktop,Referral,Pune,1,1,1,0,0,0,0,5.4
U05013,2026-03-29,Mobile,Social Media,Hyderabad,1,0,0,0,0,0,0,4.4
U05014,2026-03-13,Desktop,Organic Search,Chennai,1,1,1,0,0,0,0,6.8
U05015,2026-02-01,Mobile,Paid Search,Mumbai,1,0,0,0,0,0,0,11.3
U05016,2026-01-24,Mobile,Direct,Hyderabad,1,0,0,0,0,0,0,13.3
U05017,2026-03-24,Mobile,Paid Search,Mumbai,1,1,1,1,1,1,1532.19,5.1
U05018,2026-02-04,Mobile,Organic Search,Mumbai,1,0,0,0,0,0,0,6.1
U05019,2026-02-26,Mobile,Email,Bengaluru,1,0,0,0,0,0,0,16.8
U05020,2026-01-23,Desktop,Email,Hyderabad,1,0,0,0,0,0,0,3.7
U05021,2026-02-16,Desktop,Paid Search,Delhi,1,1,0,0,0,0,0,4.6
U05022,2026-03-30,Mobile,Paid Search,Bengaluru,1,1,1,0,0,0,0,3.3
U05023,2026-01-17,Tablet,Social Media,Bengaluru,1,1,1,0,0,0,0,3.3
U05024,2026-03-06,Desktop,Organic Search,Delhi,1,0,0,0,0,0,0,7.1
U05025,2026-02-10,Tablet,Referral,Delhi,1,1,1,0,0,0,0,9.4
U05026,2026-02-24,Mobile,Paid Search,Bengaluru,1,0,0,0,0,0,0,5.6
U05027,2026-02-11,Mobile,Direct,Pune,1,0,0,0,0,0,0,4.8
U05028,2026-02-08,Mobile,Referral,Delhi,1,0,0,0,0,0,0,8.8
U05029,2026-02-11,Desktop,Email,Bengaluru,1,1,1,0,0,0,0,10.3
U05030,2026-01-17,Mobile,Paid Search,Chennai,1,0,0,0,0,0,0,14.4
U05031,2026-02-13,Mobile,Social Media,Delhi,1,1,1,0,0,0,0,9.2
U05032,2026-01-17,Mobile,Paid Search,Bengaluru,1,0,0,0,0,0,0,3.5
U05033,2026-01-28,Mobile,Paid Search,Chennai,1,0,0,0,0,0,0,0.5
U05034,2026-01-25,Mobile,Referral,Mumbai,1,1,1,0,0,0,0,11.3
U05035,2026-01-18,Mobile,Social Media,Mumbai,1,1,1,1,1,1,2438.55,2.8
U05036,2026-02-08,Mobile,Referral,Mumbai,1,1,1,0,0,0,0,3.8
U05037,2026-03-23,Mobile,Organic Search,Mumbai,1,0,0,0,0,0,0,6.4
U05038,2026-03-17,Tablet,Organic Search,Hyderabad,1,1,1,0,0,0,0,15.1
U05039,2026-02-08,Desktop,Direct,Chennai,1,1,1,0,0,0,0,9.4
U05040,2026-02-18,Tablet,Social Media,Mumbai,1,0,0,0,0,0,0,8.9
U05041,2026-03-20,Desktop,Social Media,Delhi,1,1,1,1,1,0,0,5.3
U05042,2026-02-06,Mobile,Social Media,Mumbai,1,1,0,0,0,0,0,1.6
U05043,2026-01-14,Mobile,Organic Search,Chennai,1,1,1,0,0,0,0,12.9
U05044,2026-03-08,Desktop,Email,Other,1,0,0,0,0,0,0,3.3
U05045,2026-02-22,Desktop,Organic Search,Hyderabad,1,1,1,0,0,0,0,9.6
U05046,2026-01-08,Mobile,Social Media,Bengaluru,1,1,1,0,0,0,0,3.2
U05047,2026-01-30,Mobile,Social Media,Bengaluru,1,0,0,0,0,0,0,8.5
U05048,2026-03-08,Mobile,Direct,Bengaluru,1,1,1,0,0,0,0,6.5
U05049,2026-03-23,Mobile,Social Media,Mumbai,1,1,0,0,0,0,0,9.8
U05050,2026-03-10,Mobile,Organic Search,Hyderabad,1,1,1,0,0,0,0,10
U05051,2026-01-01,Mobile,Social Media,Hyderabad,1,1,1,0,0,0,0,1.7
U05052,2026-03-21,Desktop,Organic Search,Bengaluru,1,0,0,0,0,0,0,4.9
U05053,2026-03-27,Mobile,Organic Search,Delhi,1,1,1,0,0,0,0,11.2
U05054,2026-02-05,Mobile,Organic Search,Pune,1,1,1,0,0,0,0,11.5
U05055,2026-02-26,Mobile,Social Media,Delhi,1,0,0,0,0,0,0,29.4
U05056,2026-02-15,Desktop,Organic Search,Hyderabad,1,1,1,0,0,0,0,2.7
U05057,2026-02-13,Mobile,Social Media,Mumbai,1,1,1,0,0,0,0,5.7
U05058,2026-03-17,Mobile,Direct,Hyderabad,1,0,0,0,0,0,0,7.1
U05059,2026-01-10,Mobile,Email,Bengaluru,1,1,0,0,0,0,0,2.8
U05060,2026-01-08,Mobile,Organic Search,Pune,1,1,1,0,0,0,0,3.3
U05061,2026-02-25,Tablet,Organic Search,Chennai,1,0,0,0,0,0,0,5.1
U05062,2026-01-17,Tablet,Email,Hyderabad,1,1,0,0,0,0,0,11.1
U05063,2026-02-25,Mobile,Direct,Chennai,1,1,1,1,0,0,0,6.3
U05064,2026-03-16,Mobile,Organic Search,Hyderabad,1,0,0,0,0,0,0,10.6
U05065,2026-03-30,Desktop,Referral,Chennai,1,0,0,0,0,0,0,18.4
U05066,2026-02-22,Mobile,Social Media,Chennai,1,0,0,0,0,0,0,19.2
U05067,2026-01-11,Mobile,Social Media,Bengaluru,1,0,0,0,0,0,0,12.9
U05068,2026-03-26,Mobile,Direct,Other,1,1,1,1,1,1,4203.81,8.3
U05069,2026-01-26,Tablet,Email,Mumbai,1,0,0,0,0,0,0,3.7
U05070,2026-02-25,Mobile,Direct,Pune,1,1,1,1,1,0,0,4.6
U05071,2026-03-22,Mobile,Paid Search,Delhi,1,1,1,0,0,0,0,8.5
U05072,2026-03-15,Desktop,Social Media,Delhi,1,0,0,0,0,0,0,1.3
U05073,2026-03-24,Mobile,Social Media,Chennai,1,0,0,0,0,0,0,6.9
U05074,2026-01-06,Mobile,Paid Search,Hyderabad,1,0,0,0,0,0,0,3.2
U05075,2026-03-14,Tablet,Social Media,Mumbai,1,1,1,1,0,0,0,7
U05076,2026-01-13,Mobile,Organic Search,Bengaluru,1,0,0,0,0,0,0,8.3
U05077,2026-03-20,Mobile,Organic Search,Hyderabad,1,0,0,0,0,0,0,3.7
U05078,2026-03-06,Mobile,Paid Search,Chennai,1,0,0,0,0,0,0,11.8
U05079,2026-03-14,Mobile,Email,Delhi,1,0,0,0,0,0,0,6.3
U05080,2026-03-03,Mobile,Direct,Other,1,1,0,0,0,0,0,3.2
U05081,2026-02-21,Mobile,Social Media,Bengaluru,1,0,0,0,0,0,0,5.5
U05082,2026-02-19,Mobile,Email,Mumbai,1,0,0,0,0,0,0,8.7
U05083,2026-03-20,Desktop,Organic Search,Pune,1,1,1,1,0,0,0,3.7
U05084,2026-01-26,Mobile,Direct,Bengaluru,1,0,0,0,0,0,0,1.8
U05085,2026-01-25,Mobile,Social Media,Hyderabad,1,0,0,0,0,0,0,7.4
U05086,2026-03-15,Mobile,Referral,Bengaluru,1,1,1,0,0,0,0,4
U05087,2026-02-01,Desktop,Referral,Pune,1,1,0,0,0,0,0,3.9
U05088,2026-02-06,Mobile,Paid Search,Hyderabad,1,0,0,0,0,0,0,12.9
U05089,2026-02-16,Mobile,Social Media,Bengaluru,1,0,0,0,0,0,0,10.3
U05090,2026-02-14,Mobile,Direct,Chennai,1,0,0,0,0,0,0,6.2
U05091,2026-03-02,Mobile,Organic Search,Pune,1,0,0,0,0,0,0,11.4
U05092,2026-03-12,Mobile,Email,Other,1,1,1,0,0,0,0,13.4
U05093,2026-02-24,Desktop,Direct,Chennai,1,0,0,0,0,0,0,1.2
U05094,2026-02-02,Mobile,Paid Search,Other,1,0,0,0,0,0,0,4.6
U05095,2026-02-06,Mobile,Direct,Hyderabad,1,1,1,0,0,0,0,5.6
U05096,2026-03-28,Mobile,Direct,Hyderabad,1,1,1,0,0,0,0,4.1
U05097,2026-03-04,Desktop,Email,Other,1,1,1,1,1,1,1876.92,4.5
U05098,2026-03-28,Mobile,Organic Search,Chennai,1,0,0,0,0,0,0,10.7
U05099,2026-01-20,Mobile,Paid Search,Hyderabad,1,0,0,0,0,0,0,8.4
U05100,2026-01-17,Mobile,Organic Search,Chennai,1,0,0,0,0,0,0,8.6
U05101,2026-02-08,Mobile,Referral,Delhi,1,1,1,0,0,0,0,15.3
U05102,2026-01-17,Mobile,Referral,Pune,1,1,1,0,0,0,0,7.2
U05103,2026-02-23,Mobile,Email,Pune,1,0,0,0,0,0,0,4
U05104,2026-01-01,Mobile,Paid Search,Mumbai,1,0,0,0,0,0,0,2
U05105,2026-01-26,Mobile,Organic Search,Pune,1,0,0,0,0,0,0,8.3
U05106,2026-01-02,Mobile,Referral,Mumbai,1,0,0,0,0,0,0,6.1
U05107,2026-02-14,Mobile,Email,Mumbai,1,1,0,0,0,0,0,5.1
U05108,2026-02-20,Mobile,Direct,Delhi,1,0,0,0,0,0,0,7.8
U05109,2026-01-12,Desktop,Email,Chennai,1,0,0,0,0,0,0,6.5
U05110,2026-01-10,Tablet,Referral,Hyderabad,1,1,1,0,0,0,0,16.2
U05111,2026-01-13,Tablet,Email,Bengaluru,1,0,0,0,0,0,0,8.1
U05112,2026-02-08,Desktop,Email,Mumbai,1,0,0,0,0,0,0,4.9
U05113,2026-01-25,Mobile,Paid Search,Hyderabad,1,0,0,0,0,0,0,11.6
U05114,2026-02-06,Desktop,Direct,Hyderabad,1,1,1,1,0,0,0,9
U05115,2026-02-23,Mobile,Email,Bengaluru,1,0,0,0,0,0,0,3.4
U05116,2026-02-25,Desktop,Paid Search,Hyderabad,1,0,0,0,0,0,0,2.2
U05117,2026-03-05,Mobile,Organic Search,Delhi,1,0,0,0,0,0,0,12.4
U05118,2026-03-11,Mobile,Paid Search,Bengaluru,1,1,0,0,0,0,0,12.4
U05119,2026-03-05,Desktop,Social Media,Hyderabad,1,0,0,0,0,0,0,3.6
U05120,2026-01-27,Mobile,Paid Search,Delhi,1,1,1,1,0,0,0,3.6
U05121,2026-03-19,Mobile,Organic Search,Pune,1,0,0,0,0,0,0,9.6
U05122,2026-02-23,Tablet,Social Media,Hyderabad,1,0,0,0,0,0,0,12.7
U05123,2026-01-27,Mobile,Organic Search,Bengaluru,1,1,0,0,0,0,0,7.1
U05124,2026-03-27,Mobile,Referral,Other,1,0,0,0,0,0,0,5.9
U05125,2026-01-07,Desktop,Social Media,Chennai,1,0,0,0,0,0,0,17.2
U05126,2026-02-14,Mobile,Social Media,Other,1,1,1,0,0,0,0,3.5
U05127,2026-03-11,Mobile,Organic Search,Bengaluru,1,0,0,0,0,0,0,13.5
U05128,2026-01-31,Mobile,Paid Search,Bengaluru,1,1,1,0,0,0,0,6.9
U05129,2026-03-22,Mobile,Paid Search,Bengaluru,1,0,0,0,0,0,0,7.3
U05130,2026-03-12,Desktop,Referral,Hyderabad,1,1,1,1,1,1,3627.75,12.8
U05131,2026-01-13,Mobile,Referral,Pune,1,1,0,0,0,0,0,6.4
U05132,2026-01-22,Mobile,Organic Search,Other,1,0,0,0,0,0,0,8.6
U05133,2026-01-15,Mobile,Social Media,Other,1,0,0,0,0,0,0,3.2
U05134,2026-02-12,Mobile,Organic Search,Pune,1,0,0,0,0,0,0,5.1
U05135,2026-03-16,Tablet,Direct,Pune,1,1,1,0,0,0,0,11.8
U05136,2026-03-26,Mobile,Direct,Delhi,1,0,0,0,0,0,0,12.3
U05137,2026-01-01,Mobile,Social Media,Pune,1,1,1,0,0,0,0,2.6
U05138,2026-02-12,Mobile,Email,Bengaluru,1,1,1,0,0,0,0,4.1
U05139,2026-03-28,Desktop,Referral,Chennai,1,0,0,0,0,0,0,4.1
U05140,2026-03-04,Tablet,Email,Mumbai,1,0,0,0,0,0,0,5.5
U05141,2026-01-29,Mobile,Email,Pune,1,0,0,0,0,0,0,4
U05142,2026-03-06,Mobile,Direct,Delhi,1,1,1,1,1,1,4338.21,1.6
U05143,2026-02-08,Mobile,Social Media,Pune,1,0,0,0,0,0,0,5.4
U05144,2026-01-08,Desktop,Email,Chennai,1,1,1,0,0,0,0,5.4
U05145,2026-02-21,Mobile,Referral,Delhi,1,0,0,0,0,0,0,12.7
U05146,2026-02-04,Desktop,Email,Other,1,0,0,0,0,0,0,10.5
U05147,2026-02-18,Desktop,Email,Hyderabad,1,0,0,0,0,0,0,1.3
U05148,2026-01-23,Desktop,Organic Search,Other,1,1,1,1,0,0,0,8.6
U05149,2026-03-23,Desktop,Paid Search,Mumbai,1,1,1,1,1,1,3536.99,6.9
U05150,2026-02-21,Mobile,Organic Search,Mumbai,1,1,1,1,1,0,0,21
U05151,2026-03-25,Mobile,Social Media,Pune,1,1,1,0,0,0,0,6.2
U05152,2026-01-08,Mobile,Social Media,Chennai,1,1,0,0,0,0,0,20.6
U05153,2026-02-03,Desktop,Direct,Chennai,1,0,0,0,0,0,0,2.1
U05154,2026-03-24,Desktop,Social Media,Mumbai,1,1,1,1,1,0,0,8.8
U05155,2026-03-22,Desktop,Referral,Hyderabad,1,0,0,0,0,0,0,1.7
U05156,2026-02-25,Mobile,Paid Search,Chennai,1,0,0,0,0,0,0,7.2
U05157,2026-03-05,Mobile,Referral,Bengaluru,1,0,0,0,0,0,0,7.8
U05158,2026-03-23,Desktop,Social Media,Other,1,0,0,0,0,0,0,6
U05159,2026-01-01,Mobile,Email,Hyderabad,1,0,0,0,0,0,0,2.9
U05160,2026-03-25,Mobile,Paid Search,Chennai,1,0,0,0,0,0,0,8.4
U05161,2026-03-09,Mobile,Social Media,Other,1,1,1,0,0,0,0,4.2
U05162,2026-02-09,Mobile,Email,Other,1,0,0,0,0,0,0,5.5
U05163,2026-01-29,Mobile,Social Media,Delhi,1,0,0,0,0,0,0,6.9
U05164,2026-01-05,Mobile,Direct,Mumbai,1,1,1,0,0,0,0,11.5
U05165,2026-02-05,Mobile,Direct,Bengaluru,1,1,1,0,0,0,0,6.7
U05166,2026-01-25,Tablet,Direct,Bengaluru,1,0,0,0,0,0,0,9.8
U05167,2026-03-11,Mobile,Email,Hyderabad,1,1,1,0,0,0,0,9.1
U05168,2026-03-18,Mobile,Direct,Delhi,1,0,0,0,0,0,0,4.5
U05169,2026-03-22,Mobile,Referral,Bengaluru,1,0,0,0,0,0,0,10.9
U05170,2026-01-30,Desktop,Paid Search,Delhi,1,0,0,0,0,0,0,14
U05171,2026-02-08,Mobile,Paid Search,Bengaluru,1,0,0,0,0,0,0,6.3
U05172,2026-03-17,Mobile,Organic Search,Chennai,1,0,0,0,0,0,0,5.7
U05173,2026-01-24,Mobile,Organic Search,Mumbai,1,0,0,0,0,0,0,3
U05174,2026-01-04,Mobile,Organic Search,Pune,1,0,0,0,0,0,0,4.3
U05175,2026-01-03,Mobile,Organic Search,Bengaluru,1,0,0,0,0,0,0,11
U05176,2026-03-19,Desktop,Email,Chennai,1,1,1,1,0,0,0,5.8
U05177,2026-01-31,Desktop,Paid Search,Hyderabad,1,0,0,0,0,0,0,8.5
U05178,2026-01-17,Mobile,Paid Search,Hyderabad,1,1,1,0,0,0,0,3.6
U05179,2026-02-28,Mobile,Referral,Mumbai,1,0,0,0,0,0,0,7.6
U05180,2026-03-04,Desktop,Referral,Hyderabad,1,1,1,0,0,0,0,17.8
U05181,2026-01-08,Mobile,Direct,Hyderabad,1,0,0,0,0,0,0,8.9
U05182,2026-01-25,Desktop,Email,Pune,1,0,0,0,0,0,0,11.9
U05183,2026-01-11,Mobile,Social Media,Mumbai,1,0,0,0,0,0,0,11.4
U05184,2026-03-31,Tablet,Paid Search,Hyderabad,1,1,1,0,0,0,0,2.2
U05185,2026-01-26,Desktop,Organic Search,Hyderabad,1,0,0,0,0,0,0,4.5
U05186,2026-01-30,Tablet,Organic Search,Hyderabad,1,0,0,0,0,0,0,4.1
U05187,2026-03-03,Desktop,Paid Search,Chennai,1,0,0,0,0,0,0,5.8
U05188,2026-01-10,Mobile,Direct,Delhi,1,0,0,0,0,0,0,5
U05189,2026-01-09,Tablet,Organic Search,Mumbai,1,1,1,1,1,1,2087.17,6.9
U05190,2026-03-31,Mobile,Organic Search,Hyderabad,1,1,0,0,0,0,0,9.2
U05191,2026-03-09,Mobile,Organic Search,Mumbai,1,0,0,0,0,0,0,6.5
U05192,2026-01-05,Desktop,Email,Chennai,1,0,0,0,0,0,0,18.1
U05193,2026-01-16,Desktop,Paid Search,Chennai,1,0,0,0,0,0,0,7.9
U05194,2026-03-18,Tablet,Social Media,Pune,1,1,1,1,1,0,0,4.8
U05195,2026-01-02,Mobile,Organic Search,Bengaluru,1,0,0,0,0,0,0,6.3
U05196,2026-01-18,Desktop,Paid Search,Hyderabad,1,0,0,0,0,0,0,12.4
U05197,2026-02-06,Desktop,Organic Search,Pune,1,0,0,0,0,0,0,14.3
U05198,2026-02-18,Mobile,Social Media,Bengaluru,1,0,0,0,0,0,0,8.9
U05199,2026-01-09,Mobile,Organic Search,Bengaluru,1,1,0,0,0,0,0,1.7
U05200,2026-03-07,Mobile,Referral,Delhi,1,0,0,0,0,0,0,5.3
U05201,2026-01-30,Mobile,Social Media,Delhi,1,1,1,0,0,0,0,2.4
U05202,2026-02-24,Tablet,Email,Pune,1,0,0,0,0,0,0,9.9
U05203,2026-01-18,Desktop,Paid Search,Hyderabad,1,1,1,1,1,1,3098.84,3.9
U05204,2026-02-09,Desktop,Paid Search,Bengaluru,1,0,0,0,0,0,0,4.6
U05205,2026-02-07,Tablet,Organic Search,Hyderabad,1,1,1,1,1,0,0,5.5
U05206,2026-01-13,Mobile,Social Media,Mumbai,1,0,0,0,0,0,0,4.7
U05207,2026-03-29,Desktop,Social Media,Bengaluru,1,1,1,1,1,1,7965.61,1.9
U05208,2026-01-26,Mobile,Social Media,Delhi,1,1,1,1,1,1,4755.67,14.1
U05209,2026-01-31,Desktop,Email,Hyderabad,1,1,1,1,1,1,2355.44,11
U05210,2026-02-24,Mobile,Referral,Hyderabad,1,0,0,0,0,0,0,6.4
U05211,2026-03-05,Tablet,Referral,Chennai,1,1,1,1,1,0,0,2.7
U05212,2026-03-16,Mobile,Organic Search,Other,1,0,0,0,0,0,0,5.8
U05213,2026-01-08,Mobile,Social Media,Pune,1,1,0,0,0,0,0,4.7
U05214,2026-03-30,Desktop,Organic Search,Other,1,0,0,0,0,0,0,1.7
U05215,2026-03-26,Mobile,Email,Chennai,1,0,0,0,0,0,0,7.5
U05216,2026-01-31,Mobile,Paid Search,Hyderabad,1,0,0,0,0,0,0,3.3
U05217,2026-03-24,Mobile,Organic Search,Bengaluru,1,0,0,0,0,0,0,10.3
U05218,2026-01-14,Desktop,Direct,Delhi,1,0,0,0,0,0,0,4.9
U05219,2026-02-26,Mobile,Social Media,Hyderabad,1,0,0,0,0,0,0,19.4
U05220,2026-03-29,Mobile,Paid Search,Bengaluru,1,1,1,1,1,1,7149.53,9
U05221,2026-03-19,Mobile,Organic Search,Hyderabad,1,1,1,0,0,0,0,4.2
U05222,2026-03-17,Mobile,Social Media,Chennai,1,0,0,0,0,0,0,2.1
U05223,2026-01-16,Mobile,Direct,Bengaluru,1,0,0,0,0,0,0,5.5
U05224,2026-01-30,Mobile,Social Media,Hyderabad,1,1,1,0,0,0,0,4.4
U05225,2026-01-22,Mobile,Direct,Chennai,1,0,0,0,0,0,0,6.7
U05226,2026-02-19,Mobile,Organic Search,Bengaluru,1,1,0,0,0,0,0,3.5
U05227,2026-01-17,Mobile,Social Media,Mumbai,1,0,0,0,0,0,0,5.4
U05228,2026-02-08,Desktop,Referral,Delhi,1,1,0,0,0,0,0,7.7
U05229,2026-03-29,Mobile,Social Media,Hyderabad,1,1,1,1,0,0,0,9.8
U05230,2026-02-11,Mobile,Organic Search,Delhi,1,1,1,0,0,0,0,8.2
U05231,2026-03-31,Desktop,Social Media,Hyderabad,1,0,0,0,0,0,0,2.4
U05232,2026-01-23,Mobile,Social Media,Chennai,1,0,0,0,0,0,0,10.8
U05233,2026-03-10,Desktop,Email,Mumbai,1,0,0,0,0,0,0,7.9
U05234,2026-03-05,Mobile,Referral,Other,1,1,0,0,0,0,0,5.4
U05235,2026-01-09,Mobile,Referral,Mumbai,1,0,0,0,0,0,0,10.2
U05236,2026-01-08,Mobile,Email,Hyderabad,1,1,1,0,0,0,0,4.7
U05237,2026-03-05,Desktop,Organic Search,Mumbai,1,0,0,0,0,0,0,10.3
U05238,2026-02-09,Desktop,Paid Search,Chennai,1,0,0,0,0,0,0,9.8
U05239,2026-01-15,Mobile,Referral,Chennai,1,0,0,0,0,0,0,4.4
U05240,2026-03-31,Mobile,Direct,Hyderabad,1,1,1,0,0,0,0,7.8
U05241,2026-03-30,Tablet,Organic Search,Chennai,1,1,1,0,0,0,0,4.1
U05242,2026-03-23,Mobile,Social Media,Hyderabad,1,1,1,0,0,0,0,9.3
U05243,2026-01-12,Mobile,Paid Search,Delhi,1,1,0,0,0,0,0,5
U05244,2026-01-16,Desktop,Organic Search,Mumbai,1,1,1,1,1,1,5372.81,10.7
U05245,2026-01-28,Desktop,Social Media,Hyderabad,1,1,1,0,0,0,0,3.8
U05246,2026-03-01,Mobile,Social Media,Pune,1,0,0,0,0,0,0,15.8
U05247,2026-01-28,Desktop,Organic Search,Mumbai,1,0,0,0,0,0,0,0.8
U05248,2026-01-24,Desktop,Referral,Bengaluru,1,0,0,0,0,0,0,4.8
U05249,2026-01-03,Mobile,Referral,Hyderabad,1,1,1,0,0,0,0,6.6
U05250,2026-01-23,Mobile,Direct,Mumbai,1,0,0,0,0,0,0,3.2
U05251,2026-03-23,Mobile,Organic Search,Bengaluru,1,0,0,0,0,0,0,2.3
U05252,2026-03-31,Tablet,Social Media,Other,1,1,1,0,0,0,0,3.1
U05253,2026-02-19,Desktop,Paid Search,Hyderabad,1,0,0,0,0,0,0,4.9
U05254,2026-03-02,Mobile,Paid Search,Hyderabad,1,1,0,0,0,0,0,4.9
U05255,2026-01-03,Desktop,Social Media,Other,1,1,0,0,0,0,0,5.8
U05256,2026-02-03,Mobile,Referral,Other,1,1,1,0,0,0,0,4
U05257,2026-01-29,Mobile,Organic Search,Hyderabad,1,1,1,0,0,0,0,5.9
U05258,2026-03-27,Mobile,Direct,Delhi,1,1,1,0,0,0,0,11.7
U05259,2026-02-14,Mobile,Referral,Bengaluru,1,1,1,0,0,0,0,3.8
U05260,2026-01-24,Desktop,Referral,Delhi,1,0,0,0,0,0,0,3.2
U05261,2026-03-25,Mobile,Referral,Pune,1,1,0,0,0,0,0,5.6
U05262,2026-02-06,Desktop,Paid Search,Hyderabad,1,1,1,1,1,1,4580.34,7.2
U05263,2026-02-03,Mobile,Referral,Bengaluru,1,0,0,0,0,0,0,3.1
U05264,2026-02-18,Mobile,Paid Search,Hyderabad,1,0,0,0,0,0,0,2.5
U05265,2026-03-21,Tablet,Direct,Hyderabad,1,0,0,0,0,0,0,8.5
U05266,2026-01-21,Mobile,Organic Search,Hyderabad,1,0,0,0,0,0,0,13.7
U05267,2026-01-15,Mobile,Paid Search,Pune,1,0,0,0,0,0,0,5
U05268,2026-01-13,Mobile,Social Media,Bengaluru,1,1,1,1,0,0,0,4.2
U05269,2026-01-16,Desktop,Paid Search,Chennai,1,0,0,0,0,0,0,21.1
U05270,2026-03-02,Mobile,Paid Search,Delhi,1,0,0,0,0,0,0,4.3
U05271,2026-01-29,Mobile,Social Media,Chennai,1,0,0,0,0,0,0,2.3
U05272,2026-02-26,Mobile,Direct,Chennai,1,1,0,0,0,0,0,0.5
U05273,2026-02-05,Mobile,Social Media,Hyderabad,1,0,0,0,0,0,0,7
U05274,2026-02-13,Desktop,Paid Search,Mumbai,1,0,0,0,0,0,0,2.4
U05275,2026-01-15,Mobile,Organic Search,Hyderabad,1,1,1,1,1,1,3080.03,3.1
U05276,2026-01-11,Mobile,Paid Search,Delhi,1,1,1,0,0,0,0,6.1
U05277,2026-01-11,Mobile,Social Media,Bengaluru,1,1,1,1,1,1,7281.52,6.4
U05278,2026-01-28,Mobile,Email,Delhi,1,1,1,0,0,0,0,9.9
U05279,2026-03-22,Tablet,Organic Search,Mumbai,1,1,0,0,0,0,0,8
U05280,2026-03-06,Mobile,Organic Search,Mumbai,1,1,1,1,0,0,0,5.7
U05281,2026-03-25,Tablet,Paid Search,Bengaluru,1,1,1,0,0,0,0,2.3
U05282,2026-02-28,Mobile,Paid Search,Bengaluru,1,0,0,0,0,0,0,4.1
U05283,2026-02-21,Mobile,Paid Search,Pune,1,0,0,0,0,0,0,12.9
U05284,2026-02-28,Desktop,Referral,Hyderabad,1,0,0,0,0,0,0,1.8
U05285,2026-01-14,Mobile,Paid Search,Hyderabad,1,1,1,1,1,1,2390,4.1
U05286,2026-02-04,Desktop,Social Media,Mumbai,1,1,1,0,0,0,0,2.6
U05287,2026-01-03,Tablet,Social Media,Pune,1,0,0,0,0,0,0,14.3
U05288,2026-03-05,Mobile,Organic Search,Bengaluru,1,0,0,0,0,0,0,7.3
U05289,2026-02-08,Mobile,Email,Mumbai,1,1,1,0,0,0,0,3.9
U05290,2026-03-12,Desktop,Social Media,Mumbai,1,1,1,0,0,0,0,6.9
U05291,2026-03-08,Mobile,Paid Search,Hyderabad,1,1,1,1,1,1,4723.75,3.5
U05292,2026-03-30,Mobile,Referral,Mumbai,1,1,1,0,0,0,0,1.8
U05293,2026-01-17,Mobile,Organic Search,Pune,1,0,0,0,0,0,0,10.8
U05294,2026-01-21,Mobile,Direct,Other,1,0,0,0,0,0,0,2.6
U05295,2026-01-16,Desktop,Social Media,Hyderabad,1,1,0,0,0,0,0,8.2
U05296,2026-02-19,Mobile,Social Media,Delhi,1,1,1,0,0,0,0,4.4
U05297,2026-01-25,Mobile,Direct,Chennai,1,1,1,1,0,0,0,9.8
U05298,2026-02-11,Mobile,Referral,Hyderabad,1,0,0,0,0,0,0,12.4
U05299,2026-03-28,Mobile,Social Media,Mumbai,1,0,0,0,0,0,0,4.1
U05300,2026-01-07,Mobile,Referral,Hyderabad,1,0,0,0,0,0,0,23.6
U05301,2026-01-04,Desktop,Paid Search,Bengaluru,1,1,1,0,0,0,0,27.4
U05302,2026-03-01,Mobile,Social Media,Bengaluru,1,0,0,0,0,0,0,15.8
U05303,2026-03-08,Desktop,Organic Search,Bengaluru,1,1,1,1,0,0,0,1.8
U05304,2026-02-15,Desktop,Organic Search,Chennai,1,1,1,1,0,0,0,6.2
U05305,2026-03-02,Mobile,Referral,Bengaluru,1,0,0,0,0,0,0,4.1
U05306,2026-03-11,Mobile,Organic Search,Mumbai,1,0,0,0,0,0,0,4.5
U05307,2026-01-01,Mobile,Organic Search,Bengaluru,1,1,1,1,1,1,1741.11,1.8
U05308,2026-01-31,Mobile,Referral,Mumbai,1,0,0,0,0,0,0,4.6
U05309,2026-03-14,Desktop,Organic Search,Pune,1,1,1,1,0,0,0,16.6
U05310,2026-01-31,Desktop,Paid Search,Bengaluru,1,1,1,0,0,0,0,2.6
U05311,2026-02-06,Mobile,Social Media,Chennai,1,0,0,0,0,0,0,2.1
U05312,2026-01-14,Mobile,Social Media,Mumbai,1,0,0,0,0,0,0,9.8
U05313,2026-03-29,Tablet,Referral,Mumbai,1,0,0,0,0,0,0,5.4
U05314,2026-03-08,Tablet,Social Media,Bengaluru,1,0,0,0,0,0,0,14.8
U05315,2026-02-09,Mobile,Social Media,Mumbai,1,1,0,0,0,0,0,7.9
U05316,2026-01-09,Mobile,Email,Hyderabad,1,1,1,1,0,0,0,3.2
U05317,2026-02-14,Mobile,Social Media,Bengaluru,1,1,1,1,0,0,0,8
U05318,2026-01-23,Tablet,Social Media,Mumbai,1,1,1,0,0,0,0,8.5
U05319,2026-01-22,Mobile,Direct,Hyderabad,1,0,0,0,0,0,0,6.8
U05320,2026-01-31,Mobile,Paid Search,Chennai,1,0,0,0,0,0,0,1.5
U05321,2026-02-19,Mobile,Paid Search,Mumbai,1,1,1,0,0,0,0,7.9
U05322,2026-03-04,Mobile,Organic Search,Delhi,1,0,0,0,0,0,0,4.7
U05323,2026-02-28,Mobile,Social Media,Hyderabad,1,1,1,1,0,0,0,5.4
U05324,2026-03-24,Tablet,Organic Search,Other,1,0,0,0,0,0,0,3.9
U05325,2026-02-01,Mobile,Social Media,Mumbai,1,1,1,0,0,0,0,5.8
U05326,2026-03-03,Mobile,Referral,Bengaluru,1,1,1,1,1,0,0,8.4
U05327,2026-01-12,Mobile,Social Media,Bengaluru,1,1,1,1,1,1,2922.18,4
U05328,2026-01-06,Mobile,Paid Search,Mumbai,1,0,0,0,0,0,0,3.8
U05329,2026-02-01,Mobile,Referral,Pune,1,1,1,1,0,0,0,4.8
U05330,2026-01-08,Mobile,Paid Search,Mumbai,1,1,0,0,0,0,0,3.5
U05331,2026-02-04,Mobile,Email,Delhi,1,1,1,0,0,0,0,11.4
U05332,2026-03-20,Mobile,Social Media,Bengaluru,1,0,0,0,0,0,0,4.5
U05333,2026-02-27,Mobile,Organic Search,Chennai,1,0,0,0,0,0,0,6.3
U05334,2026-01-22,Mobile,Direct,Bengaluru,1,1,0,0,0,0,0,3.6
U05335,2026-02-28,Tablet,Organic Search,Delhi,1,1,1,0,0,0,0,7.7
U05336,2026-02-15,Tablet,Direct,Bengaluru,1,0,0,0,0,0,0,3.3
U05337,2026-01-09,Mobile,Organic Search,Hyderabad,1,1,1,0,0,0,0,2.5
U05338,2026-02-12,Mobile,Paid Search,Bengaluru,1,0,0,0,0,0,0,10.2
U05339,2026-01-03,Desktop,Organic Search,Pune,1,1,1,0,0,0,0,4.9
U05340,2026-03-05,Mobile,Organic Search,Delhi,1,0,0,0,0,0,0,3.7
U05341,2026-03-14,Desktop,Email,Bengaluru,1,1,1,1,0,0,0,8.6
U05342,2026-03-08,Tablet,Email,Other,1,1,1,1,1,1,3010.26,3.9
U05343,2026-03-24,Mobile,Referral,Hyderabad,1,0,0,0,0,0,0,6.1
U05344,2026-03-09,Mobile,Paid Search,Hyderabad,1,0,0,0,0,0,0,2.3
U05345,2026-01-06,Tablet,Paid Search,Hyderabad,1,0,0,0,0,0,0,1.7
U05346,2026-03-17,Mobile,Email,Hyderabad,1,1,1,1,0,0,0,5.8
U05347,2026-03-14,Mobile,Paid Search,Hyderabad,1,1,0,0,0,0,0,19.5
U05348,2026-01-28,Mobile,Email,Delhi,1,1,0,0,0,0,0,6.6
U05349,2026-02-11,Mobile,Email,Mumbai,1,1,1,1,1,1,3305.31,2.6
U05350,2026-03-29,Desktop,Organic Search,Mumbai,1,1,1,0,0,0,0,1.2
U05351,2026-01-22,Desktop,Referral,Delhi,1,1,0,0,0,0,0,5.4
U05352,2026-03-03,Tablet,Email,Delhi,1,1,1,0,0,0,0,5.7
U05353,2026-01-27,Mobile,Email,Bengaluru,1,0,0,0,0,0,0,22.2
U05354,2026-01-28,Mobile,Organic Search,Mumbai,1,1,1,0,0,0,0,8.6
U05355,2026-03-17,Mobile,Paid Search,Mumbai,1,0,0,0,0,0,0,5
U05356,2026-01-18,Mobile,Paid Search,Other,1,1,1,1,0,0,0,11.9
U05357,2026-01-06,Mobile,Paid Search,Bengaluru,1,0,0,0,0,0,0,6.7
U05358,2026-01-28,Tablet,Organic Search,Hyderabad,1,0,0,0,0,0,0,3.9
U05359,2026-03-06,Desktop,Referral,Mumbai,1,0,0,0,0,0,0,13.9
U05360,2026-03-24,Mobile,Email,Delhi,1,1,1,0,0,0,0,7.5
U05361,2026-01-18,Mobile,Social Media,Bengaluru,1,0,0,0,0,0,0,14
U05362,2026-03-21,Mobile,Organic Search,Mumbai,1,1,1,0,0,0,0,14.3
U05363,2026-02-18,Mobile,Direct,Hyderabad,1,0,0,0,0,0,0,6.4
U05364,2026-01-04,Desktop,Organic Search,Other,1,0,0,0,0,0,0,7.4
U05365,2026-03-22,Mobile,Referral,Hyderabad,1,0,0,0,0,0,0,2.5
U05366,2026-01-24,Tablet,Direct,Hyderabad,1,0,0,0,0,0,0,4.4
U05367,2026-01-12,Mobile,Email,Hyderabad,1,0,0,0,0,0,0,2.9
U05368,2026-03-16,Mobile,Direct,Chennai,1,0,0,0,0,0,0,1
U05369,2026-03-14,Desktop,Email,Hyderabad,1,0,0,0,0,0,0,1.2
U05370,2026-01-11,Mobile,Organic Search,Delhi,1,0,0,0,0,0,0,4.8
U05371,2026-03-21,Mobile,Organic Search,Pune,1,0,0,0,0,0,0,4.1
U05372,2026-01-10,Mobile,Paid Search,Bengaluru,1,1,1,0,0,0,0,4.3
U05373,2026-01-15,Mobile,Organic Search,Mumbai,1,0,0,0,0,0,0,8.2
U05374,2026-03-02,Desktop,Email,Hyderabad,1,0,0,0,0,0,0,5.5
U05375,2026-01-19,Mobile,Paid Search,Chennai,1,0,0,0,0,0,0,16
U05376,2026-01-07,Desktop,Referral,Bengaluru,1,1,1,1,1,1,4823.96,4.2
U05377,2026-03-02,Mobile,Paid Search,Bengaluru,1,0,0,0,0,0,0,6.1
U05378,2026-03-09,Mobile,Social Media,Mumbai,1,1,1,0,0,0,0,7.1
U05379,2026-03-24,Desktop,Direct,Hyderabad,1,1,1,1,1,1,6269.89,10.3
U05380,2026-03-16,Mobile,Organic Search,Pune,1,0,0,0,0,0,0,4.6
U05381,2026-03-03,Mobile,Email,Delhi,1,0,0,0,0,0,0,21
U05382,2026-03-09,Mobile,Referral,Delhi,1,0,0,0,0,0,0,11.2
U05383,2026-03-23,Mobile,Organic Search,Other,1,0,0,0,0,0,0,3.7
U05384,2026-03-20,Mobile,Social Media,Other,1,0,0,0,0,0,0,3.5
U05385,2026-03-06,Desktop,Paid Search,Mumbai,1,0,0,0,0,0,0,4.7
U05386,2026-01-19,Mobile,Referral,Chennai,1,1,1,0,0,0,0,10
U05387,2026-02-28,Mobile,Social Media,Bengaluru,1,0,0,0,0,0,0,16
U05388,2026-03-23,Tablet,Social Media,Delhi,1,0,0,0,0,0,0,3.4
U05389,2026-03-21,Mobile,Referral,Mumbai,1,1,1,0,0,0,0,12.9
U05390,2026-03-22,Desktop,Organic Search,Other,1,0,0,0,0,0,0,5.3
U05391,2026-01-19,Mobile,Referral,Bengaluru,1,0,0,0,0,0,0,9
U05392,2026-01-23,Mobile,Direct,Bengaluru,1,1,1,0,0,0,0,10.8
U05393,2026-02-12,Desktop,Direct,Bengaluru,1,0,0,0,0,0,0,2.5
U05394,2026-03-09,Mobile,Referral,Pune,1,1,1,0,0,0,0,9.4
U05395,2026-03-20,Desktop,Paid Search,Hyderabad,1,0,0,0,0,0,0,6.6
U05396,2026-01-07,Mobile,Direct,Chennai,1,0,0,0,0,0,0,7
U05397,2026-02-15,Mobile,Paid Search,Chennai,1,1,0,0,0,0,0,2.4
U05398,2026-03-30,Mobile,Email,Hyderabad,1,0,0,0,0,0,0,11
U05399,2026-02-15,Mobile,Organic Search,Chennai,1,0,0,0,0,0,0,6.1
U05400,2026-03-30,Desktop,Direct,Mumbai,1,0,0,0,0,0,0,7.6
U05401,2026-01-31,Mobile,Email,Hyderabad,1,1,0,0,0,0,0,6.7
U05402,2026-03-19,Tablet,Referral,Chennai,1,1,1,0,0,0,0,0.5
U05403,2026-01-12,Tablet,Organic Search,Other,1,0,0,0,0,0,0,11.9
U05404,2026-01-22,Mobile,Referral,Other,1,1,1,0,0,0,0,4.1
U05405,2026-03-06,Mobile,Referral,Mumbai,1,1,1,1,1,0,0,12.8
U05406,2026-01-29,Desktop,Email,Mumbai,1,1,1,0,0,0,0,2.6
U05407,2026-03-10,Tablet,Paid Search,Bengaluru,1,0,0,0,0,0,0,16.7
U05408,2026-03-24,Mobile,Social Media,Other,1,1,1,1,0,0,0,12
U05409,2026-03-27,Mobile,Organic Search,Bengaluru,1,0,0,0,0,0,0,5.2
U05410,2026-02-23,Mobile,Social Media,Chennai,1,1,0,0,0,0,0,7
U05411,2026-01-14,Desktop,Organic Search,Hyderabad,1,0,0,0,0,0,0,14
U05412,2026-03-21,Mobile,Paid Search,Bengaluru,1,0,0,0,0,0,0,4.6
U05413,2026-01-06,Desktop,Organic Search,Hyderabad,1,1,1,0,0,0,0,4.5
U05414,2026-03-06,Mobile,Organic Search,Delhi,1,1,1,1,1,1,1690.23,17.5
U05415,2026-03-11,Mobile,Organic Search,Mumbai,1,0,0,0,0,0,0,6.4
U05416,2026-01-02,Mobile,Direct,Mumbai,1,1,0,0,0,0,0,5.1
U05417,2026-03-01,Mobile,Social Media,Bengaluru,1,0,0,0,0,0,0,6.4
U05418,2026-01-29,Mobile,Paid Search,Pune,1,0,0,0,0,0,0,8.5
U05419,2026-03-10,Mobile,Social Media,Hyderabad,1,0,0,0,0,0,0,5.9
U05420,2026-02-01,Mobile,Social Media,Bengaluru,1,0,0,0,0,0,0,12.6
U05421,2026-03-20,Mobile,Direct,Mumbai,1,1,1,0,0,0,0,4
U05422,2026-02-28,Mobile,Organic Search,Other,1,0,0,0,0,0,0,8.2
U05423,2026-01-10,Tablet,Paid Search,Bengaluru,1,0,0,0,0,0,0,3
U05424,2026-03-23,Mobile,Direct,Mumbai,1,1,1,0,0,0,0,13.5
U05425,2026-01-31,Mobile,Paid Search,Mumbai,1,0,0,0,0,0,0,4.3
U05426,2026-01-18,Mobile,Organic Search,Pune,1,1,0,0,0,0,0,14.2
U05427,2026-02-13,Tablet,Organic Search,Hyderabad,1,1,1,1,0,0,0,4.2
U05428,2026-03-11,Mobile,Organic Search,Chennai,1,0,0,0,0,0,0,1.5
U05429,2026-02-28,Desktop,Direct,Hyderabad,1,0,0,0,0,0,0,4
U05430,2026-03-03,Desktop,Paid Search,Hyderabad,1,1,1,0,0,0,0,11.6
U05431,2026-01-05,Mobile,Direct,Hyderabad,1,0,0,0,0,0,0,13.6
U05432,2026-01-20,Mobile,Direct,Other,1,0,0,0,0,0,0,4.4
U05433,2026-01-26,Desktop,Social Media,Bengaluru,1,1,0,0,0,0,0,5.9
U05434,2026-01-17,Mobile,Organic Search,Other,1,1,1,0,0,0,0,3.1
U05435,2026-02-11,Mobile,Organic Search,Bengaluru,1,0,0,0,0,0,0,16.1
U05436,2026-02-10,Desktop,Social Media,Other,1,1,1,1,1,0,0,8.8
U05437,2026-01-14,Mobile,Paid Search,Mumbai,1,0,0,0,0,0,0,14.1
U05438,2026-03-23,Desktop,Social Media,Hyderabad,1,0,0,0,0,0,0,19.7
U05439,2026-01-27,Mobile,Paid Search,Mumbai,1,0,0,0,0,0,0,4.6
U05440,2026-02-24,Desktop,Direct,Bengaluru,1,0,0,0,0,0,0,12.6
U05441,2026-01-15,Mobile,Social Media,Chennai,1,1,0,0,0,0,0,2.9
U05442,2026-02-02,Mobile,Email,Chennai,1,0,0,0,0,0,0,5.3
U05443,2026-03-21,Mobile,Direct,Chennai,1,0,0,0,0,0,0,10.9
U05444,2026-03-16,Tablet,Organic Search,Delhi,1,0,0,0,0,0,0,2.1
U05445,2026-01-02,Mobile,Organic Search,Delhi,1,0,0,0,0,0,0,7.9
U05446,2026-03-18,Mobile,Organic Search,Bengaluru,1,1,1,1,0,0,0,8.2
U05447,2026-03-08,Mobile,Organic Search,Other,1,1,0,0,0,0,0,4.1
U05448,2026-03-25,Desktop,Social Media,Other,1,1,1,0,0,0,0,0.5
U05449,2026-01-02,Mobile,Paid Search,Hyderabad,1,1,1,1,0,0,0,5.3
U05450,2026-03-28,Mobile,Paid Search,Hyderabad,1,0,0,0,0,0,0,10.6
U05451,2026-01-24,Mobile,Direct,Chennai,1,0,0,0,0,0,0,6.4
U05452,2026-01-27,Mobile,Organic Search,Mumbai,1,1,0,0,0,0,0,9.1
U05453,2026-01-22,Mobile,Social Media,Bengaluru,1,0,0,0,0,0,0,7.8
U05454,2026-03-06,Mobile,Organic Search,Bengaluru,1,1,0,0,0,0,0,7.6
U05455,2026-01-31,Desktop,Paid Search,Delhi,1,1,1,0,0,0,0,8.6
U05456,2026-01-13,Mobile,Social Media,Mumbai,1,1,1,0,0,0,0,4.7
U05457,2026-01-21,Mobile,Direct,Hyderabad,1,0,0,0,0,0,0,3.4
U05458,2026-02-22,Mobile,Paid Search,Pune,1,0,0,0,0,0,0,3.6
U05459,2026-02-09,Tablet,Organic Search,Delhi,1,1,1,1,0,0,0,4.4
U05460,2026-01-27,Tablet,Paid Search,Bengaluru,1,1,1,1,0,0,0,6.4
U05461,2026-03-25,Desktop,Organic Search,Delhi,1,1,0,0,0,0,0,15.2
U05462,2026-02-09,Mobile,Organic Search,Hyderabad,1,0,0,0,0,0,0,2
U05463,2026-02-14,Mobile,Social Media,Chennai,1,1,1,0,0,0,0,5.3
U05464,2026-02-23,Mobile,Organic Search,Hyderabad,1,1,1,0,0,0,0,8.2
U05465,2026-03-25,Mobile,Social Media,Hyderabad,1,0,0,0,0,0,0,14.8
U05466,2026-03-01,Mobile,Social Media,Bengaluru,1,1,0,0,0,0,0,10.4
U05467,2026-03-05,Desktop,Paid Search,Hyderabad,1,0,0,0,0,0,0,4
U05468,2026-02-05,Desktop,Organic Search,Mumbai,1,1,1,1,0,0,0,1.8
U05469,2026-02-08,Desktop,Direct,Delhi,1,0,0,0,0,0,0,2.5
U05470,2026-01-01,Mobile,Paid Search,Hyderabad,1,1,1,0,0,0,0,1.7
U05471,2026-02-17,Desktop,Referral,Hyderabad,1,0,0,0,0,0,0,4.8
U05472,2026-03-13,Mobile,Paid Search,Delhi,1,0,0,0,0,0,0,14.4
U05473,2026-03-07,Mobile,Social Media,Hyderabad,1,0,0,0,0,0,0,19.4
U05474,2026-01-23,Desktop,Paid Search,Bengaluru,1,0,0,0,0,0,0,7.2
U05475,2026-03-02,Mobile,Paid Search,Chennai,1,1,1,0,0,0,0,8.5
U05476,2026-02-22,Mobile,Organic Search,Pune,1,0,0,0,0,0,0,4.7
U05477,2026-03-26,Mobile,Paid Search,Pune,1,1,0,0,0,0,0,11.7
U05478,2026-02-04,Desktop,Direct,Delhi,1,0,0,0,0,0,0,4.6
U05479,2026-03-06,Desktop,Email,Bengaluru,1,1,1,1,1,0,0,16.8
U05480,2026-01-20,Mobile,Organic Search,Delhi,1,0,0,0,0,0,0,7.4
U05481,2026-02-28,Desktop,Social Media,Bengaluru,1,0,0,0,0,0,0,15.3
U05482,2026-02-21,Mobile,Direct,Bengaluru,1,1,0,0,0,0,0,2.6
U05483,2026-02-16,Mobile,Email,Mumbai,1,0,0,0,0,0,0,6.9
U05484,2026-02-18,Desktop,Organic Search,Delhi,1,1,1,0,0,0,0,8.2
U05485,2026-01-02,Desktop,Direct,Hyderabad,1,0,0,0,0,0,0,11.2
U05486,2026-01-16,Tablet,Paid Search,Hyderabad,1,1,1,0,0,0,0,5.7
U05487,2026-01-24,Mobile,Social Media,Delhi,1,0,0,0,0,0,0,5.5
U05488,2026-01-05,Desktop,Social Media,Pune,1,1,0,0,0,0,0,4.9
U05489,2026-01-12,Mobile,Direct,Mumbai,1,0,0,0,0,0,0,15
U05490,2026-03-08,Desktop,Direct,Chennai,1,0,0,0,0,0,0,3.3
U05491,2026-03-07,Mobile,Direct,Pune,1,0,0,0,0,0,0,4.6
U05492,2026-02-07,Desktop,Organic Search,Delhi,1,1,1,0,0,0,0,12.4
U05493,2026-03-01,Mobile,Direct,Mumbai,1,0,0,0,0,0,0,6.2
U05494,2026-03-11,Mobile,Organic Search,Bengaluru,1,1,1,0,0,0,0,3.8
U05495,2026-03-25,Mobile,Paid Search,Hyderabad,1,1,0,0,0,0,0,7.2
U05496,2026-03-09,Mobile,Social Media,Chennai,1,0,0,0,0,0,0,9.1
U05497,2026-03-15,Mobile,Social Media,Bengaluru,1,0,0,0,0,0,0,1.9
U05498,2026-02-21,Desktop,Social Media,Bengaluru,1,0,0,0,0,0,0,4.8
U05499,2026-03-03,Mobile,Social Media,Mumbai,1,1,1,0,0,0,0,9.4
U05500,2026-02-04,Desktop,Direct,Hyderabad,1,0,0,0,0,0,0,8
U05501,2026-01-27,Mobile,Organic Search,Pune,1,1,1,0,0,0,0,5.1
U05502,2026-01-01,Mobile,Paid Search,Hyderabad,1,0,0,0,0,0,0,12.6
U05503,2026-02-10,Mobile,Direct,Chennai,1,0,0,0,0,0,0,9.8
U05504,2026-01-25,Mobile,Organic Search,Delhi,1,1,1,1,1,1,2567.54,7.6
U05505,2026-01-23,Mobile,Social Media,Chennai,1,0,0,0,0,0,0,1.1
U05506,2026-02-19,Mobile,Email,Bengaluru,1,0,0,0,0,0,0,2.7
U05507,2026-01-20,Mobile,Social Media,Chennai,1,1,1,1,0,0,0,5.5
U05508,2026-01-11,Mobile,Email,Pune,1,0,0,0,0,0,0,3.1
U05509,2026-03-30,Mobile,Organic Search,Other,1,0,0,0,0,0,0,20.2
U05510,2026-03-12,Mobile,Direct,Mumbai,1,1,1,0,0,0,0,4
U05511,2026-01-04,Mobile,Organic Search,Delhi,1,0,0,0,0,0,0,3.5
U05512,2026-02-26,Tablet,Paid Search,Hyderabad,1,0,0,0,0,0,0,1.8
U05513,2026-01-06,Desktop,Organic Search,Pune,1,1,0,0,0,0,0,6.1
U05514,2026-01-13,Desktop,Social Media,Other,1,1,1,0,0,0,0,10.2
U05515,2026-01-20,Mobile,Email,Mumbai,1,0,0,0,0,0,0,14.8
U05516,2026-03-03,Desktop,Direct,Delhi,1,1,0,0,0,0,0,11.2
U05517,2026-02-03,Desktop,Email,Mumbai,1,1,1,1,0,0,0,12.3
U05518,2026-03-18,Desktop,Social Media,Bengaluru,1,0,0,0,0,0,0,7.2
U05519,2026-01-06,Mobile,Direct,Pune,1,1,0,0,0,0,0,18.9
U05520,2026-03-14,Desktop,Social Media,Mumbai,1,1,1,0,0,0,0,6.7
U05521,2026-03-03,Desktop,Social Media,Mumbai,1,1,1,1,1,1,4793.91,7
U05522,2026-01-27,Mobile,Social Media,Mumbai,1,1,0,0,0,0,0,12.5
U05523,2026-01-09,Desktop,Paid Search,Pune,1,0,0,0,0,0,0,2.4
U05524,2026-03-15,Mobile,Referral,Delhi,1,0,0,0,0,0,0,1.7
U05525,2026-02-07,Mobile,Organic Search,Bengaluru,1,1,1,0,0,0,0,3.8
U05526,2026-01-01,Mobile,Social Media,Chennai,1,1,1,0,0,0,0,7
U05527,2026-01-03,Desktop,Email,Other,1,0,0,0,0,0,0,18.8
U05528,2026-02-03,Mobile,Direct,Mumbai,1,0,0,0,0,0,0,7.8
U05529,2026-02-24,Mobile,Direct,Other,1,1,1,0,0,0,0,2.6
U05530,2026-02-05,Mobile,Social Media,Pune,1,1,0,0,0,0,0,10.8
U05531,2026-02-02,Mobile,Email,Delhi,1,0,0,0,0,0,0,9.4
U05532,2026-02-13,Mobile,Paid Search,Bengaluru,1,1,1,0,0,0,0,2.8
U05533,2026-02-17,Desktop,Social Media,Bengaluru,1,0,0,0,0,0,0,9.9
U05534,2026-02-14,Desktop,Direct,Mumbai,1,0,0,0,0,0,0,5.7
U05535,2026-03-08,Mobile,Direct,Chennai,1,0,0,0,0,0,0,7.2
U05536,2026-02-21,Mobile,Direct,Delhi,1,0,0,0,0,0,0,0.6
U05537,2026-01-31,Mobile,Organic Search,Delhi,1,1,1,0,0,0,0,2.2
U05538,2026-01-06,Desktop,Direct,Bengaluru,1,0,0,0,0,0,0,4
U05539,2026-01-16,Mobile,Direct,Delhi,1,0,0,0,0,0,0,8.7
U05540,2026-02-12,Mobile,Paid Search,Chennai,1,1,1,0,0,0,0,5.2
U05541,2026-03-18,Mobile,Social Media,Bengaluru,1,0,0,0,0,0,0,10.7
U05542,2026-03-06,Desktop,Referral,Chennai,1,1,1,0,0,0,0,7
U05543,2026-02-15,Desktop,Social Media,Pune,1,1,1,0,0,0,0,3.6
U05544,2026-03-01,Desktop,Direct,Bengaluru,1,0,0,0,0,0,0,12
U05545,2026-02-23,Desktop,Social Media,Bengaluru,1,0,0,0,0,0,0,6.9
U05546,2026-01-09,Mobile,Email,Bengaluru,1,1,1,0,0,0,0,9.6
U05547,2026-03-27,Mobile,Referral,Bengaluru,1,1,1,0,0,0,0,2.8
U05548,2026-02-19,Mobile,Social Media,Mumbai,1,0,0,0,0,0,0,12.8
U05549,2026-02-03,Mobile,Direct,Hyderabad,1,1,1,0,0,0,0,8.9
U05550,2026-02-22,Mobile,Social Media,Pune,1,0,0,0,0,0,0,4.5
U05551,2026-03-06,Mobile,Paid Search,Bengaluru,1,0,0,0,0,0,0,2.2
U05552,2026-02-06,Mobile,Organic Search,Mumbai,1,1,1,1,1,1,2996.4,11.8
U05553,2026-01-23,Tablet,Paid Search,Hyderabad,1,1,1,0,0,0,0,7.5
U05554,2026-01-18,Mobile,Email,Other,1,0,0,0,0,0,0,8.6
U05555,2026-01-12,Desktop,Direct,Chennai,1,0,0,0,0,0,0,2.5
U05556,2026-01-05,Desktop,Paid Search,Pune,1,1,1,1,1,1,4643.8,9
U05557,2026-01-20,Mobile,Paid Search,Delhi,1,1,1,0,0,0,0,18.4
U05558,2026-03-24,Desktop,Organic Search,Delhi,1,1,1,0,0,0,0,10.3
U05559,2026-02-24,Mobile,Email,Pune,1,0,0,0,0,0,0,1.5
U05560,2026-03-07,Desktop,Direct,Hyderabad,1,1,1,0,0,0,0,10.5
U05561,2026-01-04,Mobile,Email,Delhi,1,0,0,0,0,0,0,6.8
U05562,2026-01-27,Tablet,Social Media,Bengaluru,1,1,1,0,0,0,0,13.6
U05563,2026-03-13,Mobile,Social Media,Delhi,1,0,0,0,0,0,0,12.3
U05564,2026-02-03,Mobile,Organic Search,Other,1,1,0,0,0,0,0,1.6
U05565,2026-03-12,Tablet,Email,Other,1,1,1,0,0,0,0,4.2
U05566,2026-01-29,Mobile,Social Media,Hyderabad,1,1,1,0,0,0,0,3.8
U05567,2026-02-09,Desktop,Email,Bengaluru,1,1,1,1,1,0,0,2.9
U05568,2026-03-23,Desktop,Direct,Bengaluru,1,1,1,1,0,0,0,1.1
U05569,2026-02-24,Desktop,Referral,Hyderabad,1,1,0,0,0,0,0,2.1
U05570,2026-02-27,Tablet,Referral,Hyderabad,1,1,1,0,0,0,0,4.2
U05571,2026-02-10,Tablet,Direct,Chennai,1,1,1,1,1,1,2984.4,5.2
U05572,2026-01-11,Mobile,Direct,Other,1,1,1,0,0,0,0,6.2
U05573,2026-03-13,Desktop,Social Media,Mumbai,1,0,0,0,0,0,0,4.5
U05574,2026-03-07,Desktop,Organic Search,Mumbai,1,0,0,0,0,0,0,11.9
U05575,2026-03-14,Desktop,Social Media,Chennai,1,0,0,0,0,0,0,7.9
U05576,2026-02-10,Mobile,Referral,Delhi,1,0,0,0,0,0,0,1.5
U05577,2026-01-06,Desktop,Organic Search,Other,1,1,1,0,0,0,0,13.5
U05578,2026-03-05,Tablet,Organic Search,Mumbai,1,0,0,0,0,0,0,10.4
U05579,2026-01-29,Desktop,Organic Search,Hyderabad,1,0,0,0,0,0,0,1.8
U05580,2026-01-14,Mobile,Email,Chennai,1,0,0,0,0,0,0,3.7
U05581,2026-03-20,Mobile,Social Media,Other,1,0,0,0,0,0,0,1.1
U05582,2026-02-20,Mobile,Paid Search,Chennai,1,0,0,0,0,0,0,7
U05583,2026-02-16,Desktop,Organic Search,Mumbai,1,1,1,0,0,0,0,7.3
U05584,2026-02-17,Desktop,Email,Hyderabad,1,1,1,1,1,1,6744.5,5.2
U05585,2026-02-16,Mobile,Paid Search,Hyderabad,1,0,0,0,0,0,0,10.3
U05586,2026-01-05,Mobile,Paid Search,Pune,1,0,0,0,0,0,0,3.9
U05587,2026-03-16,Mobile,Email,Bengaluru,1,1,1,0,0,0,0,8.5
U05588,2026-03-28,Mobile,Social Media,Bengaluru,1,1,1,0,0,0,0,5.4
U05589,2026-01-18,Tablet,Paid Search,Chennai,1,0,0,0,0,0,0,2.5
U05590,2026-03-15,Desktop,Email,Other,1,0,0,0,0,0,0,10.4
U05591,2026-02-16,Mobile,Paid Search,Hyderabad,1,0,0,0,0,0,0,6.9
U05592,2026-03-26,Mobile,Referral,Pune,1,0,0,0,0,0,0,5.3
U05593,2026-03-11,Mobile,Organic Search,Bengaluru,1,0,0,0,0,0,0,5.5
U05594,2026-03-17,Tablet,Organic Search,Pune,1,1,1,0,0,0,0,5.9
U05595,2026-01-06,Mobile,Referral,Other,1,1,1,1,1,1,4144.66,13.3
U05596,2026-01-12,Mobile,Email,Bengaluru,1,0,0,0,0,0,0,5.6
U05597,2026-01-02,Mobile,Organic Search,Hyderabad,1,1,1,0,0,0,0,5.8
U05598,2026-03-18,Desktop,Organic Search,Hyderabad,1,1,1,1,0,0,0,3.1
U05599,2026-03-17,Desktop,Referral,Delhi,1,1,0,0,0,0,0,20.7
U05600,2026-01-03,Desktop,Referral,Hyderabad,1,1,1,0,0,0,0,1.6
U05601,2026-01-25,Mobile,Paid Search,Bengaluru,1,1,1,1,1,1,4309.51,8.1
U05602,2026-01-24,Mobile,Email,Bengaluru,1,0,0,0,0,0,0,3.5
U05603,2026-03-04,Mobile,Organic Search,Bengaluru,1,0,0,0,0,0,0,13.1
U05604,2026-02-15,Desktop,Social Media,Hyderabad,1,1,1,1,1,1,3353.69,12.9
U05605,2026-02-02,Mobile,Organic Search,Pune,1,0,0,0,0,0,0,2.9
U05606,2026-03-12,Mobile,Paid Search,Pune,1,1,1,0,0,0,0,7.4
U05607,2026-01-11,Desktop,Organic Search,Chennai,1,1,1,0,0,0,0,3.5
U05608,2026-01-06,Desktop,Social Media,Mumbai,1,0,0,0,0,0,0,5.2
U05609,2026-03-30,Mobile,Paid Search,Mumbai,1,0,0,0,0,0,0,6.3
U05610,2026-02-19,Mobile,Paid Search,Delhi,1,0,0,0,0,0,0,4.3
U05611,2026-03-10,Mobile,Organic Search,Mumbai,1,0,0,0,0,0,0,8.3
U05612,2026-03-17,Desktop,Paid Search,Mumbai,1,0,0,0,0,0,0,4
U05613,2026-03-26,Desktop,Referral,Mumbai,1,1,1,0,0,0,0,6.8
U05614,2026-03-05,Mobile,Paid Search,Delhi,1,0,0,0,0,0,0,9.9
U05615,2026-03-13,Mobile,Email,Bengaluru,1,0,0,0,0,0,0,2.4
U05616,2026-03-03,Desktop,Paid Search,Bengaluru,1,0,0,0,0,0,0,5
U05617,2026-03-20,Desktop,Paid Search,Bengaluru,1,1,1,0,0,0,0,5.9
U05618,2026-02-26,Mobile,Social Media,Mumbai,1,1,1,0,0,0,0,11.2
U05619,2026-01-17,Mobile,Direct,Bengaluru,1,1,1,0,0,0,0,3.5
U05620,2026-03-11,Mobile,Organic Search,Mumbai,1,0,0,0,0,0,0,4
U05621,2026-01-22,Mobile,Organic Search,Chennai,1,1,0,0,0,0,0,6
U05622,2026-01-23,Desktop,Social Media,Pune,1,0,0,0,0,0,0,5.3
U05623,2026-02-15,Desktop,Direct,Hyderabad,1,0,0,0,0,0,0,14.8
U05624,2026-02-18,Desktop,Direct,Mumbai,1,0,0,0,0,0,0,6.3
U05625,2026-03-11,Mobile,Social Media,Mumbai,1,0,0,0,0,0,0,10.7
U05626,2026-01-20,Desktop,Social Media,Chennai,1,0,0,0,0,0,0,1.8
U05627,2026-01-26,Mobile,Email,Chennai,1,0,0,0,0,0,0,6.4
U05628,2026-03-04,Mobile,Social Media,Pune,1,0,0,0,0,0,0,8.2
U05629,2026-01-19,Mobile,Email,Bengaluru,1,0,0,0,0,0,0,11.7
U05630,2026-01-04,Mobile,Direct,Pune,1,0,0,0,0,0,0,4.5
U05631,2026-03-13,Desktop,Email,Pune,1,1,1,0,0,0,0,3.3
U05632,2026-02-25,Mobile,Social Media,Mumbai,1,0,0,0,0,0,0,9.1
U05633,2026-02-04,Mobile,Social Media,Delhi,1,0,0,0,0,0,0,13.9
U05634,2026-02-12,Mobile,Email,Mumbai,1,1,0,0,0,0,0,12.1
U05635,2026-03-25,Mobile,Social Media,Mumbai,1,0,0,0,0,0,0,1.5
U05636,2026-02-20,Mobile,Social Media,Other,1,0,0,0,0,0,0,8.8
U05637,2026-01-26,Mobile,Organic Search,Bengaluru,1,0,0,0,0,0,0,8.1
U05638,2026-02-17,Desktop,Organic Search,Hyderabad,1,1,1,0,0,0,0,7.3
U05639,2026-02-01,Mobile,Social Media,Bengaluru,1,1,0,0,0,0,0,2.7
U05640,2026-01-22,Mobile,Referral,Mumbai,1,0,0,0,0,0,0,17.9
U05641,2026-02-20,Mobile,Paid Search,Hyderabad,1,0,0,0,0,0,0,14.1
U05642,2026-02-01,Desktop,Social Media,Other,1,0,0,0,0,0,0,13.9
U05643,2026-03-25,Mobile,Paid Search,Chennai,1,1,1,0,0,0,0,6.5
U05644,2026-01-14,Mobile,Organic Search,Pune,1,1,1,1,1,0,0,25.8
U05645,2026-03-17,Mobile,Direct,Bengaluru,1,0,0,0,0,0,0,6.3
U05646,2026-01-01,Mobile,Direct,Bengaluru,1,0,0,0,0,0,0,2.9
U05647,2026-02-12,Mobile,Organic Search,Hyderabad,1,0,0,0,0,0,0,8.8
U05648,2026-01-23,Desktop,Email,Bengaluru,1,0,0,0,0,0,0,11.2
U05649,2026-01-28,Desktop,Paid Search,Chennai,1,1,1,1,0,0,0,3.2
U05650,2026-01-22,Mobile,Direct,Other,1,0,0,0,0,0,0,1.5
U05651,2026-02-18,Desktop,Paid Search,Chennai,1,0,0,0,0,0,0,13.7
U05652,2026-01-10,Desktop,Organic Search,Mumbai,1,1,1,0,0,0,0,4.2
U05653,2026-03-02,Mobile,Social Media,Chennai,1,0,0,0,0,0,0,7.8
U05654,2026-02-05,Mobile,Referral,Hyderabad,1,1,1,0,0,0,0,4.3
U05655,2026-03-30,Mobile,Organic Search,Chennai,1,1,1,0,0,0,0,8.9
U05656,2026-02-01,Mobile,Email,Hyderabad,1,0,0,0,0,0,0,8.8
U05657,2026-01-23,Desktop,Organic Search,Pune,1,1,1,0,0,0,0,9.6
U05658,2026-03-24,Desktop,Direct,Delhi,1,1,1,1,1,1,4155.36,12.3
U05659,2026-02-15,Tablet,Organic Search,Bengaluru,1,0,0,0,0,0,0,8
U05660,2026-01-17,Desktop,Direct,Mumbai,1,1,1,0,0,0,0,5.8
U05661,2026-02-22,Mobile,Social Media,Hyderabad,1,1,1,1,0,0,0,3
U05662,2026-02-21,Mobile,Paid Search,Delhi,1,1,1,0,0,0,0,8.3
U05663,2026-02-19,Desktop,Direct,Pune,1,1,1,1,0,0,0,18
U05664,2026-02-11,Mobile,Direct,Pune,1,0,0,0,0,0,0,4.6
U05665,2026-02-23,Mobile,Email,Bengaluru,1,0,0,0,0,0,0,4.2
U05666,2026-03-03,Desktop,Organic Search,Bengaluru,1,1,1,0,0,0,0,8.9
U05667,2026-01-24,Desktop,Social Media,Mumbai,1,0,0,0,0,0,0,7.8
U05668,2026-02-26,Desktop,Social Media,Other,1,1,1,1,1,0,0,14
U05669,2026-01-06,Mobile,Social Media,Other,1,0,0,0,0,0,0,11.6
U05670,2026-03-24,Desktop,Social Media,Bengaluru,1,1,1,1,0,0,0,2.5
U05671,2026-03-24,Desktop,Organic Search,Delhi,1,0,0,0,0,0,0,2.5
U05672,2026-03-17,Mobile,Email,Other,1,0,0,0,0,0,0,2.6
U05673,2026-02-01,Desktop,Email,Bengaluru,1,1,1,0,0,0,0,5.9
U05674,2026-01-25,Mobile,Organic Search,Pune,1,1,1,1,1,0,0,8.7
U05675,2026-03-05,Tablet,Social Media,Bengaluru,1,0,0,0,0,0,0,7.6
U05676,2026-01-04,Mobile,Social Media,Bengaluru,1,0,0,0,0,0,0,10.8
U05677,2026-02-08,Mobile,Email,Hyderabad,1,1,1,0,0,0,0,9.8
U05678,2026-01-02,Mobile,Organic Search,Chennai,1,1,1,1,0,0,0,5.8
U05679,2026-01-23,Desktop,Social Media,Pune,1,0,0,0,0,0,0,0.9
U05680,2026-03-12,Mobile,Paid Search,Mumbai,1,0,0,0,0,0,0,17.2
U05681,2026-03-25,Mobile,Social Media,Hyderabad,1,0,0,0,0,0,0,3.5
U05682,2026-02-05,Mobile,Referral,Bengaluru,1,1,1,0,0,0,0,8.1
U05683,2026-03-01,Desktop,Email,Mumbai,1,0,0,0,0,0,0,18.5
U05684,2026-02-22,Mobile,Organic Search,Mumbai,1,0,0,0,0,0,0,10.2
U05685,2026-01-17,Mobile,Social Media,Mumbai,1,0,0,0,0,0,0,8.9
U05686,2026-03-27,Desktop,Direct,Hyderabad,1,1,1,1,1,0,0,4.1
U05687,2026-03-12,Mobile,Organic Search,Delhi,1,1,1,1,1,0,0,6.7
U05688,2026-03-28,Desktop,Direct,Other,1,0,0,0,0,0,0,7.7
U05689,2026-03-19,Mobile,Email,Mumbai,1,0,0,0,0,0,0,1.7
U05690,2026-03-15,Desktop,Referral,Delhi,1,1,1,1,0,0,0,4.2
U05691,2026-03-06,Mobile,Paid Search,Other,1,0,0,0,0,0,0,5.5
U05692,2026-03-01,Mobile,Paid Search,Mumbai,1,0,0,0,0,0,0,9.2
U05693,2026-03-22,Desktop,Direct,Delhi,1,1,1,0,0,0,0,6.2
U05694,2026-02-09,Mobile,Paid Search,Delhi,1,1,1,0,0,0,0,23.2
U05695,2026-03-19,Desktop,Organic Search,Bengaluru,1,1,1,0,0,0,0,10.5
U05696,2026-02-18,Mobile,Social Media,Mumbai,1,0,0,0,0,0,0,9
U05697,2026-02-25,Mobile,Organic Search,Pune,1,0,0,0,0,0,0,2
U05698,2026-03-22,Mobile,Referral,Bengaluru,1,1,1,0,0,0,0,8.5
U05699,2026-01-10,Tablet,Email,Pune,1,0,0,0,0,0,0,2.8
U05700,2026-03-23,Mobile,Direct,Mumbai,1,0,0,0,0,0,0,5.7
U05701,2026-02-04,Mobile,Referral,Chennai,1,0,0,0,0,0,0,6
U05702,2026-01-10,Mobile,Organic Search,Mumbai,1,1,1,0,0,0,0,10.8
U05703,2026-02-12,Mobile,Paid Search,Chennai,1,1,1,1,0,0,0,10.6
U05704,2026-01-20,Mobile,Referral,Pune,1,0,0,0,0,0,0,6.1
U05705,2026-03-21,Desktop,Paid Search,Chennai,1,0,0,0,0,0,0,14.4
U05706,2026-01-17,Mobile,Direct,Other,1,1,1,1,0,0,0,6.3
U05707,2026-02-08,Desktop,Email,Chennai,1,1,0,0,0,0,0,2.7
U05708,2026-02-19,Mobile,Organic Search,Delhi,1,1,1,0,0,0,0,10.6
U05709,2026-03-14,Desktop,Direct,Other,1,0,0,0,0,0,0,18.4
U05710,2026-03-25,Desktop,Organic Search,Hyderabad,1,0,0,0,0,0,0,8.2
U05711,2026-03-11,Mobile,Organic Search,Delhi,1,1,1,0,0,0,0,14.5
U05712,2026-03-18,Tablet,Email,Hyderabad,1,1,1,0,0,0,0,7.7
U05713,2026-03-14,Mobile,Direct,Pune,1,0,0,0,0,0,0,4.6
U05714,2026-02-17,Tablet,Social Media,Mumbai,1,0,0,0,0,0,0,4.1
U05715,2026-02-02,Desktop,Paid Search,Other,1,0,0,0,0,0,0,1.9
U05716,2026-02-04,Mobile,Paid Search,Pune,1,0,0,0,0,0,0,1.5
U05717,2026-01-22,Mobile,Paid Search,Hyderabad,1,0,0,0,0,0,0,4.1
U05718,2026-01-23,Mobile,Paid Search,Hyderabad,1,1,1,1,1,1,2822.25,2.4
U05719,2026-02-15,Mobile,Organic Search,Mumbai,1,0,0,0,0,0,0,2.1
U05720,2026-03-30,Mobile,Social Media,Mumbai,1,0,0,0,0,0,0,1.2
U05721,2026-01-07,Mobile,Direct,Hyderabad,1,0,0,0,0,0,0,13
U05722,2026-01-15,Mobile,Paid Search,Hyderabad,1,1,0,0,0,0,0,14
U05723,2026-03-13,Desktop,Organic Search,Mumbai,1,1,1,0,0,0,0,20.9
U05724,2026-02-06,Mobile,Referral,Hyderabad,1,0,0,0,0,0,0,1.5
U05725,2026-03-15,Mobile,Email,Pune,1,0,0,0,0,0,0,8.4
U05726,2026-03-15,Desktop,Direct,Pune,1,1,1,1,1,1,3710.52,12.5
U05727,2026-03-01,Mobile,Organic Search,Delhi,1,0,0,0,0,0,0,4.3
U05728,2026-02-19,Mobile,Organic Search,Hyderabad,1,0,0,0,0,0,0,3.4
U05729,2026-01-13,Mobile,Social Media,Hyderabad,1,1,1,0,0,0,0,9.5
U05730,2026-01-19,Tablet,Social Media,Mumbai,1,0,0,0,0,0,0,3.2
U05731,2026-02-18,Desktop,Social Media,Other,1,1,1,1,0,0,0,6.2
U05732,2026-01-23,Mobile,Social Media,Bengaluru,1,0,0,0,0,0,0,10.4
U05733,2026-02-24,Desktop,Organic Search,Bengaluru,1,0,0,0,0,0,0,3.3
U05734,2026-01-15,Mobile,Social Media,Hyderabad,1,0,0,0,0,0,0,6.9
U05735,2026-03-22,Desktop,Email,Delhi,1,0,0,0,0,0,0,9.4
U05736,2026-01-10,Desktop,Paid Search,Mumbai,1,0,0,0,0,0,0,7.8
U05737,2026-02-25,Desktop,Email,Hyderabad,1,1,1,1,1,0,0,11.4
U05738,2026-03-04,Mobile,Social Media,Chennai,1,0,0,0,0,0,0,2.2
U05739,2026-02-26,Mobile,Paid Search,Delhi,1,0,0,0,0,0,0,2.6
U05740,2026-02-15,Mobile,Paid Search,Chennai,1,1,1,1,1,1,3555.63,5.4
U05741,2026-02-02,Desktop,Paid Search,Delhi,1,1,0,0,0,0,0,7.2
U05742,2026-02-25,Mobile,Organic Search,Pune,1,1,1,1,0,0,0,2.1
U05743,2026-01-18,Desktop,Email,Delhi,1,1,1,1,1,1,2144.68,4.2
U05744,2026-03-09,Tablet,Referral,Mumbai,1,0,0,0,0,0,0,6.7
U05745,2026-02-28,Mobile,Paid Search,Pune,1,0,0,0,0,0,0,5.8
U05746,2026-01-04,Desktop,Organic Search,Other,1,0,0,0,0,0,0,6.4
U05747,2026-01-15,Desktop,Direct,Chennai,1,1,1,0,0,0,0,3.3
U05748,2026-01-31,Tablet,Paid Search,Hyderabad,1,0,0,0,0,0,0,4.2
U05749,2026-01-02,Tablet,Organic Search,Pune,1,0,0,0,0,0,0,8.1
U05750,2026-03-17,Desktop,Paid Search,Bengaluru,1,0,0,0,0,0,0,3
U05751,2026-03-03,Mobile,Email,Other,1,0,0,0,0,0,0,4.2
U05752,2026-02-02,Desktop,Paid Search,Hyderabad,1,0,0,0,0,0,0,10.3
U05753,2026-02-15,Mobile,Social Media,Other,1,0,0,0,0,0,0,28.2
U05754,2026-02-19,Desktop,Paid Search,Mumbai,1,0,0,0,0,0,0,9.7
U05755,2026-01-20,Desktop,Organic Search,Delhi,1,0,0,0,0,0,0,3.9
U05756,2026-03-07,Mobile,Paid Search,Chennai,1,0,0,0,0,0,0,1.2
U05757,2026-03-06,Desktop,Email,Other,1,1,1,0,0,0,0,12.6
U05758,2026-03-25,Mobile,Social Media,Bengaluru,1,1,1,1,1,0,0,0.8
U05759,2026-01-24,Mobile,Organic Search,Bengaluru,1,0,0,0,0,0,0,10.7
U05760,2026-01-14,Mobile,Organic Search,Hyderabad,1,1,1,0,0,0,0,2
U05761,2026-02-18,Desktop,Email,Other,1,0,0,0,0,0,0,4.5
U05762,2026-02-10,Tablet,Referral,Chennai,1,0,0,0,0,0,0,3.4
U05763,2026-01-29,Tablet,Paid Search,Delhi,1,1,0,0,0,0,0,2.8
U05764,2026-01-21,Mobile,Social Media,Delhi,1,0,0,0,0,0,0,1.8
U05765,2026-02-01,Desktop,Organic Search,Pune,1,0,0,0,0,0,0,12.1
U05766,2026-02-28,Desktop,Paid Search,Delhi,1,1,1,0,0,0,0,4.7
U05767,2026-02-22,Mobile,Organic Search,Mumbai,1,0,0,0,0,0,0,10.7
U05768,2026-03-28,Mobile,Referral,Delhi,1,0,0,0,0,0,0,6.5
U05769,2026-03-19,Mobile,Paid Search,Delhi,1,1,0,0,0,0,0,13.3
U05770,2026-03-04,Desktop,Referral,Hyderabad,1,0,0,0,0,0,0,9.4
U05771,2026-03-12,Desktop,Email,Hyderabad,1,1,1,0,0,0,0,9
U05772,2026-01-23,Desktop,Referral,Hyderabad,1,0,0,0,0,0,0,8.1
U05773,2026-03-22,Mobile,Paid Search,Bengaluru,1,0,0,0,0,0,0,2.8
U05774,2026-02-03,Desktop,Organic Search,Chennai,1,1,1,0,0,0,0,1.8
U05775,2026-02-06,Mobile,Direct,Mumbai,1,0,0,0,0,0,0,9
U05776,2026-01-05,Mobile,Email,Other,1,1,1,0,0,0,0,8.9
U05777,2026-02-11,Desktop,Referral,Bengaluru,1,1,1,0,0,0,0,12
U05778,2026-03-25,Mobile,Organic Search,Delhi,1,0,0,0,0,0,0,7.8
U05779,2026-03-13,Desktop,Paid Search,Mumbai,1,1,1,1,1,1,2912.92,9.4
U05780,2026-03-13,Mobile,Email,Bengaluru,1,0,0,0,0,0,0,8.8
U05781,2026-03-29,Desktop,Organic Search,Mumbai,1,0,0,0,0,0,0,12
U05782,2026-01-25,Mobile,Social Media,Other,1,1,0,0,0,0,0,2.5
U05783,2026-02-15,Mobile,Paid Search,Hyderabad,1,0,0,0,0,0,0,3.9
U05784,2026-01-27,Mobile,Organic Search,Chennai,1,0,0,0,0,0,0,3.8
U05785,2026-01-07,Mobile,Organic Search,Hyderabad,1,1,0,0,0,0,0,18.4
U05786,2026-03-01,Desktop,Paid Search,Bengaluru,1,0,0,0,0,0,0,3.4
U05787,2026-01-12,Mobile,Organic Search,Mumbai,1,0,0,0,0,0,0,9.5
U05788,2026-01-07,Desktop,Email,Pune,1,1,1,1,0,0,0,5.7
U05789,2026-02-14,Tablet,Organic Search,Delhi,1,1,1,0,0,0,0,5.1
U05790,2026-01-08,Mobile,Paid Search,Chennai,1,0,0,0,0,0,0,6.3
U05791,2026-01-04,Mobile,Direct,Other,1,0,0,0,0,0,0,4
U05792,2026-01-28,Desktop,Social Media,Bengaluru,1,0,0,0,0,0,0,8.3
U05793,2026-02-15,Tablet,Paid Search,Delhi,1,0,0,0,0,0,0,14.2
U05794,2026-03-02,Desktop,Email,Chennai,1,1,1,0,0,0,0,2.5
U05795,2026-03-21,Mobile,Direct,Pune,1,1,1,0,0,0,0,1.4
U05796,2026-02-09,Desktop,Organic Search,Delhi,1,1,1,0,0,0,0,10.6
U05797,2026-02-03,Mobile,Paid Search,Other,1,1,1,0,0,0,0,2.5
U05798,2026-01-27,Tablet,Social Media,Bengaluru,1,1,1,1,1,1,5248.02,17.4
U05799,2026-01-26,Tablet,Paid Search,Delhi,1,0,0,0,0,0,0,5.4
U05800,2026-01-11,Mobile,Referral,Delhi,1,0,0,0,0,0,0,3
U05801,2026-01-01,Mobile,Direct,Delhi,1,0,0,0,0,0,0,9.7
U05802,2026-01-21,Mobile,Direct,Chennai,1,1,1,1,1,1,5298.11,3.7
U05803,2026-02-01,Mobile,Paid Search,Hyderabad,1,0,0,0,0,0,0,0.9
U05804,2026-03-16,Desktop,Organic Search,Bengaluru,1,0,0,0,0,0,0,7.3
U05805,2026-03-28,Mobile,Direct,Bengaluru,1,0,0,0,0,0,0,11.6
U05806,2026-03-01,Mobile,Social Media,Pune,1,1,1,0,0,0,0,7.4
U05807,2026-03-09,Mobile,Organic Search,Pune,1,1,1,0,0,0,0,5.7
U05808,2026-01-02,Tablet,Email,Hyderabad,1,0,0,0,0,0,0,8.2
U05809,2026-03-25,Desktop,Paid Search,Other,1,1,1,1,1,0,0,20.2
U05810,2026-02-23,Mobile,Paid Search,Hyderabad,1,0,0,0,0,0,0,10.6
U05811,2026-01-09,Mobile,Direct,Chennai,1,1,1,1,1,0,0,4.5
U05812,2026-03-10,Tablet,Organic Search,Bengaluru,1,0,0,0,0,0,0,7.6
U05813,2026-01-10,Desktop,Organic Search,Pune,1,0,0,0,0,0,0,9
U05814,2026-03-14,Mobile,Paid Search,Delhi,1,0,0,0,0,0,0,0.9
U05815,2026-01-03,Mobile,Social Media,Bengaluru,1,0,0,0,0,0,0,5.1
U05816,2026-01-31,Mobile,Organic Search,Delhi,1,1,1,0,0,0,0,5.8
U05817,2026-01-04,Mobile,Social Media,Hyderabad,1,1,1,0,0,0,0,8.6
U05818,2026-01-07,Mobile,Social Media,Chennai,1,0,0,0,0,0,0,2.4
U05819,2026-01-16,Tablet,Referral,Bengaluru,1,0,0,0,0,0,0,3.2
U05820,2026-01-16,Mobile,Organic Search,Bengaluru,1,1,1,1,1,1,792.84,1.7
U05821,2026-01-13,Desktop,Referral,Pune,1,0,0,0,0,0,0,11.8
U05822,2026-03-02,Mobile,Organic Search,Delhi,1,0,0,0,0,0,0,6.1
U05823,2026-03-25,Desktop,Email,Bengaluru,1,0,0,0,0,0,0,4.4
U05824,2026-02-14,Desktop,Paid Search,Bengaluru,1,1,1,0,0,0,0,12.3
U05825,2026-03-09,Mobile,Organic Search,Hyderabad,1,1,1,0,0,0,0,9.7
U05826,2026-01-24,Mobile,Email,Bengaluru,1,1,1,0,0,0,0,4.8
U05827,2026-03-27,Desktop,Organic Search,Mumbai,1,0,0,0,0,0,0,4.4
U05828,2026-03-01,Mobile,Organic Search,Bengaluru,1,1,1,0,0,0,0,2.3
U05829,2026-03-01,Mobile,Paid Search,Delhi,1,1,1,1,1,1,2062.15,5.1
U05830,2026-01-05,Mobile,Email,Chennai,1,0,0,0,0,0,0,2.4
U05831,2026-02-01,Tablet,Organic Search,Bengaluru,1,1,1,0,0,0,0,9.4
U05832,2026-03-29,Mobile,Organic Search,Other,1,1,1,0,0,0,0,6.2
U05833,2026-01-08,Desktop,Organic Search,Bengaluru,1,1,1,0,0,0,0,11.9
U05834,2026-02-16,Mobile,Social Media,Chennai,1,1,1,1,0,0,0,5.9
U05835,2026-03-23,Desktop,Paid Search,Chennai,1,1,1,1,1,1,2625.58,8.7
U05836,2026-03-14,Mobile,Organic Search,Bengaluru,1,1,1,0,0,0,0,15.2
U05837,2026-01-02,Desktop,Organic Search,Bengaluru,1,1,0,0,0,0,0,8.3
U05838,2026-03-06,Mobile,Paid Search,Bengaluru,1,0,0,0,0,0,0,7.1
U05839,2026-03-12,Mobile,Referral,Pune,1,0,0,0,0,0,0,19.8
U05840,2026-02-11,Desktop,Email,Delhi,1,1,1,0,0,0,0,18.2
U05841,2026-01-20,Mobile,Direct,Delhi,1,1,1,0,0,0,0,5.1
U05842,2026-01-11,Mobile,Organic Search,Chennai,1,0,0,0,0,0,0,7.4
U05843,2026-03-25,Mobile,Direct,Chennai,1,1,1,1,1,1,2969.13,4.6
U05844,2026-01-02,Mobile,Paid Search,Bengaluru,1,0,0,0,0,0,0,4.1
U05845,2026-03-27,Desktop,Direct,Hyderabad,1,1,0,0,0,0,0,5.8
U05846,2026-01-31,Mobile,Paid Search,Bengaluru,1,1,1,0,0,0,0,6.7
U05847,2026-01-10,Mobile,Social Media,Chennai,1,1,1,1,1,1,7911.03,3.4
U05848,2026-03-27,Desktop,Paid Search,Hyderabad,1,1,1,1,1,0,0,2.4
U05849,2026-03-22,Mobile,Paid Search,Hyderabad,1,1,1,0,0,0,0,2.8
U05850,2026-02-28,Mobile,Referral,Bengaluru,1,1,1,0,0,0,0,4.6
U05851,2026-01-07,Mobile,Email,Bengaluru,1,1,1,1,1,0,0,18.5
U05852,2026-02-06,Tablet,Direct,Chennai,1,0,0,0,0,0,0,5.9
U05853,2026-01-13,Desktop,Social Media,Hyderabad,1,0,0,0,0,0,0,7.1
U05854,2026-01-26,Desktop,Social Media,Bengaluru,1,1,1,1,1,1,1561.66,12
U05855,2026-01-03,Mobile,Organic Search,Bengaluru,1,1,1,1,1,1,1752.14,1
U05856,2026-02-08,Desktop,Direct,Hyderabad,1,0,0,0,0,0,0,7.6
U05857,2026-01-10,Mobile,Social Media,Bengaluru,1,0,0,0,0,0,0,8.1
U05858,2026-02-06,Mobile,Email,Hyderabad,1,0,0,0,0,0,0,4.6
U05859,2026-01-23,Mobile,Paid Search,Delhi,1,0,0,0,0,0,0,11.8
U05860,2026-01-20,Mobile,Social Media,Chennai,1,1,1,1,1,0,0,13.7
U05861,2026-02-03,Mobile,Direct,Bengaluru,1,0,0,0,0,0,0,7.5
U05862,2026-01-04,Mobile,Organic Search,Hyderabad,1,0,0,0,0,0,0,6.2
U05863,2026-02-01,Mobile,Paid Search,Bengaluru,1,1,0,0,0,0,0,18.9
U05864,2026-02-11,Mobile,Organic Search,Bengaluru,1,0,0,0,0,0,0,5.5
U05865,2026-01-18,Desktop,Referral,Other,1,1,1,1,0,0,0,12.1
U05866,2026-02-21,Mobile,Organic Search,Pune,1,0,0,0,0,0,0,3.8
U05867,2026-01-01,Desktop,Organic Search,Hyderabad,1,1,0,0,0,0,0,6
U05868,2026-03-28,Mobile,Paid Search,Mumbai,1,0,0,0,0,0,0,5.1
U05869,2026-03-18,Desktop,Social Media,Bengaluru,1,0,0,0,0,0,0,5.6
U05870,2026-01-04,Mobile,Paid Search,Hyderabad,1,0,0,0,0,0,0,2.6
U05871,2026-03-14,Mobile,Organic Search,Delhi,1,1,1,1,0,0,0,4.8
U05872,2026-02-15,Mobile,Direct,Hyderabad,1,1,1,0,0,0,0,4
U05873,2026-01-31,Desktop,Direct,Chennai,1,0,0,0,0,0,0,11.4
U05874,2026-03-07,Desktop,Paid Search,Mumbai,1,1,1,0,0,0,0,12.6
U05875,2026-02-19,Mobile,Email,Mumbai,1,0,0,0,0,0,0,11.2
U05876,2026-03-21,Mobile,Social Media,Other,1,1,1,0,0,0,0,11.8
U05877,2026-01-21,Desktop,Organic Search,Delhi,1,0,0,0,0,0,0,9.5
U05878,2026-01-21,Desktop,Paid Search,Delhi,1,0,0,0,0,0,0,5.3
U05879,2026-03-07,Mobile,Social Media,Bengaluru,1,0,0,0,0,0,0,13.9
U05880,2026-02-21,Mobile,Paid Search,Hyderabad,1,1,1,1,1,1,1948.12,5.1
U05881,2026-02-05,Mobile,Paid Search,Delhi,1,0,0,0,0,0,0,9.9
U05882,2026-03-12,Desktop,Referral,Other,1,0,0,0,0,0,0,12
U05883,2026-01-15,Mobile,Social Media,Chennai,1,0,0,0,0,0,0,9.8
U05884,2026-03-14,Tablet,Email,Other,1,1,0,0,0,0,0,8.4
U05885,2026-01-01,Mobile,Organic Search,Hyderabad,1,1,1,0,0,0,0,7
U05886,2026-01-16,Mobile,Social Media,Bengaluru,1,1,0,0,0,0,0,8.2
U05887,2026-03-28,Mobile,Paid Search,Hyderabad,1,1,1,1,0,0,0,0.7
U05888,2026-03-29,Desktop,Social Media,Chennai,1,1,1,1,1,0,0,8.2
U05889,2026-03-29,Desktop,Referral,Delhi,1,0,0,0,0,0,0,3.9
U05890,2026-01-10,Mobile,Referral,Bengaluru,1,1,1,1,0,0,0,3.2
U05891,2026-02-08,Desktop,Paid Search,Other,1,0,0,0,0,0,0,6.3
U05892,2026-01-11,Mobile,Email,Mumbai,1,1,0,0,0,0,0,10.1
U05893,2026-01-30,Mobile,Direct,Chennai,1,1,1,0,0,0,0,2
U05894,2026-02-09,Mobile,Social Media,Delhi,1,1,0,0,0,0,0,9.3
U05895,2026-02-02,Mobile,Organic Search,Hyderabad,1,1,1,0,0,0,0,17.4
U05896,2026-01-07,Mobile,Email,Delhi,1,0,0,0,0,0,0,7
U05897,2026-01-06,Desktop,Organic Search,Bengaluru,1,1,1,1,1,1,2632.46,4
U05898,2026-02-19,Mobile,Direct,Bengaluru,1,1,1,0,0,0,0,15.2
U05899,2026-02-21,Tablet,Social Media,Mumbai,1,0,0,0,0,0,0,7
U05900,2026-03-13,Mobile,Paid Search,Other,1,0,0,0,0,0,0,9.9
U05901,2026-03-21,Desktop,Organic Search,Mumbai,1,1,1,1,1,0,0,3.5
U05902,2026-02-18,Mobile,Paid Search,Mumbai,1,0,0,0,0,0,0,2.8
U05903,2026-01-21,Mobile,Direct,Delhi,1,0,0,0,0,0,0,13.9
U05904,2026-03-09,Mobile,Organic Search,Bengaluru,1,0,0,0,0,0,0,1.8
U05905,2026-02-04,Mobile,Social Media,Pune,1,1,1,1,0,0,0,15.5
U05906,2026-01-01,Desktop,Direct,Chennai,1,1,0,0,0,0,0,8.3
U05907,2026-01-16,Mobile,Paid Search,Hyderabad,1,0,0,0,0,0,0,5.2
U05908,2026-01-31,Desktop,Paid Search,Bengaluru,1,0,0,0,0,0,0,5.9
U05909,2026-02-28,Mobile,Social Media,Bengaluru,1,0,0,0,0,0,0,1.5
U05910,2026-01-18,Mobile,Social Media,Bengaluru,1,0,0,0,0,0,0,9.7
U05911,2026-02-06,Mobile,Organic Search,Bengaluru,1,1,1,0,0,0,0,5.7
U05912,2026-01-10,Tablet,Organic Search,Hyderabad,1,0,0,0,0,0,0,10
U05913,2026-02-18,Desktop,Social Media,Delhi,1,0,0,0,0,0,0,10.7
U05914,2026-01-23,Mobile,Direct,Mumbai,1,1,0,0,0,0,0,8.4
U05915,2026-01-19,Mobile,Organic Search,Mumbai,1,0,0,0,0,0,0,9.7
U05916,2026-02-11,Mobile,Organic Search,Bengaluru,1,1,1,1,1,1,507.16,10.4
U05917,2026-01-07,Tablet,Paid Search,Delhi,1,1,1,1,1,1,1814.66,10.2
U05918,2026-02-07,Desktop,Referral,Hyderabad,1,0,0,0,0,0,0,7
U05919,2026-02-10,Mobile,Paid Search,Mumbai,1,0,0,0,0,0,0,2.8
U05920,2026-03-03,Mobile,Direct,Bengaluru,1,0,0,0,0,0,0,4.2
U05921,2026-02-12,Mobile,Organic Search,Mumbai,1,0,0,0,0,0,0,3.1
U05922,2026-03-23,Tablet,Direct,Bengaluru,1,0,0,0,0,0,0,9
U05923,2026-03-11,Mobile,Social Media,Delhi,1,1,0,0,0,0,0,9.4
U05924,2026-03-17,Desktop,Email,Pune,1,1,1,1,1,1,5789.69,2.7
U05925,2026-01-11,Mobile,Paid Search,Delhi,1,0,0,0,0,0,0,4.5
U05926,2026-02-17,Desktop,Referral,Hyderabad,1,1,1,0,0,0,0,5
U05927,2026-01-02,Desktop,Organic Search,Bengaluru,1,0,0,0,0,0,0,8.7
U05928,2026-03-23,Desktop,Organic Search,Other,1,1,1,0,0,0,0,9.3
U05929,2026-03-28,Mobile,Paid Search,Chennai,1,0,0,0,0,0,0,1.7
U05930,2026-03-18,Desktop,Direct,Other,1,0,0,0,0,0,0,5.7
U05931,2026-03-25,Mobile,Referral,Chennai,1,1,0,0,0,0,0,8.8
U05932,2026-01-24,Mobile,Social Media,Other,1,0,0,0,0,0,0,4.4
U05933,2026-03-18,Mobile,Social Media,Other,1,1,1,0,0,0,0,5.4
U05934,2026-01-27,Tablet,Organic Search,Delhi,1,0,0,0,0,0,0,3.4
U05935,2026-01-15,Mobile,Referral,Hyderabad,1,0,0,0,0,0,0,3.3
U05936,2026-03-26,Desktop,Referral,Chennai,1,1,1,1,0,0,0,7.5
U05937,2026-01-02,Desktop,Email,Other,1,1,1,1,0,0,0,13.3
U05938,2026-01-10,Mobile,Social Media,Pune,1,0,0,0,0,0,0,10.1
U05939,2026-03-23,Mobile,Direct,Hyderabad,1,0,0,0,0,0,0,5.1
U05940,2026-02-20,Mobile,Direct,Chennai,1,0,0,0,0,0,0,4.1
U05941,2026-03-14,Mobile,Email,Pune,1,1,1,0,0,0,0,10.4
U05942,2026-03-17,Mobile,Paid Search,Mumbai,1,1,1,0,0,0,0,7.1
U05943,2026-03-02,Mobile,Social Media,Pune,1,1,1,1,1,0,0,2.7
U05944,2026-01-18,Desktop,Social Media,Pune,1,1,1,0,0,0,0,2.3
U05945,2026-03-08,Tablet,Paid Search,Other,1,0,0,0,0,0,0,3.8
U05946,2026-01-20,Mobile,Paid Search,Hyderabad,1,0,0,0,0,0,0,9.3
U05947,2026-02-04,Mobile,Paid Search,Hyderabad,1,1,1,0,0,0,0,12.5
U05948,2026-03-08,Mobile,Social Media,Hyderabad,1,1,1,0,0,0,0,2.3
U05949,2026-01-15,Desktop,Paid Search,Other,1,0,0,0,0,0,0,6.8
U05950,2026-01-18,Desktop,Paid Search,Chennai,1,1,1,1,0,0,0,20.9
U05951,2026-03-01,Mobile,Referral,Hyderabad,1,1,1,1,1,1,4041.66,4.3
U05952,2026-01-10,Mobile,Social Media,Bengaluru,1,1,1,1,0,0,0,8.8
U05953,2026-02-12,Desktop,Organic Search,Bengaluru,1,0,0,0,0,0,0,7
U05954,2026-03-13,Mobile,Paid Search,Pune,1,0,0,0,0,0,0,7.5
U05955,2026-02-11,Mobile,Direct,Delhi,1,1,0,0,0,0,0,4.8
U05956,2026-01-28,Desktop,Referral,Delhi,1,1,1,0,0,0,0,14.2
U05957,2026-02-26,Mobile,Paid Search,Hyderabad,1,1,1,0,0,0,0,3
U05958,2026-03-22,Mobile,Direct,Other,1,1,1,0,0,0,0,9.6
U05959,2026-01-13,Desktop,Organic Search,Bengaluru,1,0,0,0,0,0,0,4.5
U05960,2026-01-19,Desktop,Direct,Mumbai,1,0,0,0,0,0,0,5.8
U05961,2026-02-08,Mobile,Organic Search,Hyderabad,1,0,0,0,0,0,0,8.2
U05962,2026-02-22,Tablet,Organic Search,Hyderabad,1,1,1,0,0,0,0,12.6
U05963,2026-03-20,Mobile,Paid Search,Hyderabad,1,0,0,0,0,0,0,5.6
U05964,2026-02-28,Desktop,Paid Search,Mumbai,1,1,1,0,0,0,0,5.5
U05965,2026-02-06,Mobile,Social Media,Mumbai,1,1,1,0,0,0,0,6.2
U05966,2026-01-11,Desktop,Referral,Hyderabad,1,1,1,1,1,1,4423.22,7.4
U05967,2026-03-17,Desktop,Referral,Bengaluru,1,1,1,1,1,1,1557.77,2.1
U05968,2026-01-16,Mobile,Paid Search,Pune,1,1,1,0,0,0,0,5.5
U05969,2026-01-01,Tablet,Paid Search,Hyderabad,1,1,0,0,0,0,0,10.2
U05970,2026-01-22,Desktop,Organic Search,Bengaluru,1,0,0,0,0,0,0,6.9
U05971,2026-03-22,Desktop,Organic Search,Chennai,1,0,0,0,0,0,0,10.3
U05972,2026-02-27,Mobile,Email,Pune,1,0,0,0,0,0,0,8.2
U05973,2026-02-17,Desktop,Organic Search,Bengaluru,1,0,0,0,0,0,0,11.8
U05974,2026-02-16,Desktop,Email,Other,1,1,1,0,0,0,0,17.5
U05975,2026-02-23,Mobile,Social Media,Bengaluru,1,0,0,0,0,0,0,4.3
U05976,2026-01-19,Tablet,Organic Search,Chennai,1,1,1,0,0,0,0,6.8
U05977,2026-03-05,Mobile,Social Media,Hyderabad,1,0,0,0,0,0,0,9.9
U05978,2026-03-07,Mobile,Organic Search,Delhi,1,1,1,0,0,0,0,14.1
U05979,2026-01-16,Mobile,Paid Search,Bengaluru,1,0,0,0,0,0,0,2.7
U05980,2026-02-08,Mobile,Referral,Mumbai,1,0,0,0,0,0,0,2.2
U05981,2026-01-21,Desktop,Social Media,Bengaluru,1,0,0,0,0,0,0,2.7
U05982,2026-02-14,Mobile,Organic Search,Chennai,1,1,1,1,0,0,0,3.4
U05983,2026-03-06,Tablet,Email,Pune,1,0,0,0,0,0,0,12.9
U05984,2026-01-23,Mobile,Organic Search,Delhi,1,1,0,0,0,0,0,22.3
U05985,2026-02-11,Mobile,Email,Hyderabad,1,1,1,1,1,1,3158.23,3.9
U05986,2026-03-28,Mobile,Social Media,Mumbai,1,0,0,0,0,0,0,20.3
U05987,2026-01-10,Mobile,Social Media,Mumbai,1,0,0,0,0,0,0,4.5
U05988,2026-03-25,Tablet,Direct,Hyderabad,1,1,0,0,0,0,0,2.8
U05989,2026-01-12,Desktop,Email,Chennai,1,0,0,0,0,0,0,6.6
U05990,2026-02-10,Desktop,Organic Search,Bengaluru,1,1,1,1,1,1,3268.27,5
U05991,2026-02-25,Mobile,Paid Search,Chennai,1,0,0,0,0,0,0,13
U05992,2026-03-19,Mobile,Direct,Delhi,1,1,1,0,0,0,0,11.8
U05993,2026-01-06,Mobile,Organic Search,Hyderabad,1,1,1,1,0,0,0,13.6
U05994,2026-02-06,Mobile,Social Media,Hyderabad,1,1,1,0,0,0,0,6.2
U05995,2026-01-26,Mobile,Email,Bengaluru,1,0,0,0,0,0,0,2.9
U05996,2026-03-20,Desktop,Social Media,Other,1,1,1,0,0,0,0,20.1
U05997,2026-03-05,Mobile,Referral,Delhi,1,1,1,1,0,0,0,5.1
U05998,2026-01-02,Desktop,Email,Hyderabad,1,0,0,0,0,0,0,8.1
U05999,2026-01-01,Mobile,Email,Chennai,1,1,1,0,0,0,0,6.1
U06000,2026-03-28,Mobile,Referral,Bengaluru,1,1,1,1,1,0,0,8.2
U06001,2026-01-03,Desktop,Email,Mumbai,1,1,1,0,0,0,0,12.7
U06002,2026-01-03,Mobile,Paid Search,Chennai,1,1,1,0,0,0,0,4.3
U06003,2026-01-29,Desktop,Social Media,Other,1,0,0,0,0,0,0,12.5
U06004,2026-01-22,Mobile,Email,Bengaluru,1,0,0,0,0,0,0,6.7
U06005,2026-01-14,Mobile,Direct,Mumbai,1,1,1,0,0,0,0,6.7
U06006,2026-02-26,Tablet,Paid Search,Delhi,1,0,0,0,0,0,0,1
U06007,2026-03-04,Mobile,Paid Search,Pune,1,1,1,0,0,0,0,2
U06008,2026-03-17,Mobile,Direct,Chennai,1,1,1,0,0,0,0,2.7
U06009,2026-03-21,Desktop,Social Media,Delhi,1,0,0,0,0,0,0,15.1
U06010,2026-02-14,Mobile,Organic Search,Bengaluru,1,0,0,0,0,0,0,10.6
U06011,2026-02-01,Desktop,Email,Chennai,1,0,0,0,0,0,0,2
U06012,2026-01-04,Desktop,Direct,Pune,1,1,0,0,0,0,0,2.9
U06013,2026-01-06,Tablet,Referral,Other,1,0,0,0,0,0,0,8.8
U06014,2026-02-07,Mobile,Email,Delhi,1,0,0,0,0,0,0,3.7
U06015,2026-01-22,Mobile,Organic Search,Bengaluru,1,1,1,0,0,0,0,3.8
U06016,2026-02-08,Desktop,Direct,Pune,1,0,0,0,0,0,0,16.9
U06017,2026-01-20,Mobile,Social Media,Hyderabad,1,0,0,0,0,0,0,10.7
U06018,2026-01-08,Mobile,Direct,Hyderabad,1,0,0,0,0,0,0,21.9
U06019,2026-01-27,Mobile,Paid Search,Delhi,1,0,0,0,0,0,0,7.7
U06020,2026-01-24,Mobile,Organic Search,Bengaluru,1,0,0,0,0,0,0,4.1
U06021,2026-03-25,Mobile,Social Media,Other,1,0,0,0,0,0,0,4.3
U06022,2026-03-15,Desktop,Paid Search,Chennai,1,0,0,0,0,0,0,3.9
U06023,2026-03-25,Desktop,Email,Chennai,1,0,0,0,0,0,0,14.1
U06024,2026-03-16,Mobile,Direct,Delhi,1,1,1,1,1,1,1922.79,4.2
U06025,2026-03-06,Mobile,Email,Delhi,1,1,1,1,1,1,1954.55,2.3
U06026,2026-03-30,Mobile,Direct,Chennai,1,0,0,0,0,0,0,4.4
U06027,2026-03-17,Desktop,Social Media,Bengaluru,1,0,0,0,0,0,0,16.4
U06028,2026-01-10,Mobile,Referral,Delhi,1,0,0,0,0,0,0,7.3
U06029,2026-03-02,Desktop,Referral,Bengaluru,1,0,0,0,0,0,0,6.8
U06030,2026-03-22,Mobile,Email,Hyderabad,1,0,0,0,0,0,0,10.4
U06031,2026-03-11,Desktop,Social Media,Mumbai,1,1,1,1,1,1,3935.03,6.3
U06032,2026-01-14,Mobile,Social Media,Hyderabad,1,0,0,0,0,0,0,9.8
U06033,2026-03-03,Desktop,Email,Other,1,0,0,0,0,0,0,5.6
U06034,2026-03-23,Mobile,Paid Search,Mumbai,1,1,1,0,0,0,0,23.3
U06035,2026-03-31,Desktop,Referral,Other,1,1,1,0,0,0,0,1.7
U06036,2026-03-12,Mobile,Direct,Bengaluru,1,1,1,0,0,0,0,4.2
U06037,2026-01-12,Desktop,Social Media,Other,1,0,0,0,0,0,0,6.8
U06038,2026-03-13,Desktop,Email,Hyderabad,1,0,0,0,0,0,0,5.8
U06039,2026-01-13,Mobile,Email,Hyderabad,1,0,0,0,0,0,0,10.2
U06040,2026-03-29,Desktop,Email,Hyderabad,1,0,0,0,0,0,0,16
U06041,2026-02-25,Mobile,Social Media,Chennai,1,0,0,0,0,0,0,5.7
U06042,2026-01-31,Mobile,Direct,Hyderabad,1,1,1,0,0,0,0,1.6
U06043,2026-03-09,Mobile,Paid Search,Mumbai,1,1,0,0,0,0,0,5.2
U06044,2026-01-14,Mobile,Organic Search,Bengaluru,1,0,0,0,0,0,0,7.7
U06045,2026-03-08,Desktop,Referral,Bengaluru,1,0,0,0,0,0,0,7
U06046,2026-02-06,Desktop,Email,Mumbai,1,1,1,0,0,0,0,8.2
U06047,2026-03-06,Mobile,Referral,Hyderabad,1,0,0,0,0,0,0,7.3
U06048,2026-01-12,Mobile,Organic Search,Delhi,1,1,1,0,0,0,0,7.8
U06049,2026-03-10,Desktop,Organic Search,Mumbai,1,1,1,0,0,0,0,12.3
U06050,2026-01-13,Tablet,Direct,Other,1,1,0,0,0,0,0,2.4
U06051,2026-01-07,Mobile,Organic Search,Bengaluru,1,1,1,1,1,1,2994.98,4.1
U06052,2026-02-27,Tablet,Referral,Other,1,0,0,0,0,0,0,9.9
U06053,2026-02-24,Mobile,Referral,Mumbai,1,1,0,0,0,0,0,6.6
U06054,2026-03-27,Mobile,Email,Other,1,0,0,0,0,0,0,6.5
U06055,2026-02-19,Desktop,Organic Search,Hyderabad,1,0,0,0,0,0,0,2.8
U06056,2026-02-06,Mobile,Email,Delhi,1,0,0,0,0,0,0,2.4
U06057,2026-02-13,Mobile,Direct,Pune,1,0,0,0,0,0,0,10.6
U06058,2026-01-11,Mobile,Paid Search,Hyderabad,1,0,0,0,0,0,0,6.6
U06059,2026-03-24,Desktop,Paid Search,Mumbai,1,0,0,0,0,0,0,6.8
U06060,2026-01-09,Desktop,Paid Search,Pune,1,0,0,0,0,0,0,6.9
U06061,2026-01-11,Mobile,Organic Search,Mumbai,1,1,0,0,0,0,0,2.5
U06062,2026-02-13,Mobile,Direct,Hyderabad,1,1,1,0,0,0,0,9.6
U06063,2026-03-12,Mobile,Direct,Delhi,1,0,0,0,0,0,0,11.4
U06064,2026-02-01,Mobile,Direct,Hyderabad,1,0,0,0,0,0,0,5.7
U06065,2026-01-21,Mobile,Social Media,Pune,1,0,0,0,0,0,0,6.4
U06066,2026-03-12,Desktop,Referral,Hyderabad,1,1,1,1,1,1,3735.19,0.9
U06067,2026-03-29,Mobile,Organic Search,Hyderabad,1,1,0,0,0,0,0,4.2
U06068,2026-02-11,Mobile,Email,Bengaluru,1,0,0,0,0,0,0,12.4
U06069,2026-01-24,Mobile,Email,Mumbai,1,0,0,0,0,0,0,12.2
U06070,2026-01-27,Mobile,Direct,Other,1,1,0,0,0,0,0,9.5
U06071,2026-02-14,Tablet,Referral,Hyderabad,1,0,0,0,0,0,0,12.3
U06072,2026-01-06,Mobile,Direct,Hyderabad,1,0,0,0,0,0,0,2.3
U06073,2026-01-07,Mobile,Direct,Bengaluru,1,1,1,0,0,0,0,24.3
U06074,2026-01-10,Mobile,Direct,Pune,1,1,0,0,0,0,0,5.4
U06075,2026-01-03,Mobile,Organic Search,Chennai,1,0,0,0,0,0,0,14
U06076,2026-01-22,Mobile,Referral,Bengaluru,1,0,0,0,0,0,0,14.6
U06077,2026-03-16,Mobile,Social Media,Mumbai,1,1,1,1,0,0,0,9.3
U06078,2026-01-31,Mobile,Paid Search,Bengaluru,1,0,0,0,0,0,0,1.3
U06079,2026-02-11,Mobile,Organic Search,Chennai,1,1,0,0,0,0,0,9.7
U06080,2026-02-15,Mobile,Email,Bengaluru,1,0,0,0,0,0,0,4
U06081,2026-01-04,Mobile,Paid Search,Pune,1,0,0,0,0,0,0,11.8
U06082,2026-03-07,Tablet,Social Media,Other,1,0,0,0,0,0,0,11
U06083,2026-03-26,Mobile,Email,Delhi,1,1,1,0,0,0,0,4.3
U06084,2026-02-16,Mobile,Direct,Chennai,1,1,1,1,1,1,4301.21,18.3
U06085,2026-02-21,Mobile,Referral,Chennai,1,1,1,0,0,0,0,10.2
U06086,2026-02-05,Mobile,Social Media,Hyderabad,1,0,0,0,0,0,0,5.6
U06087,2026-03-29,Desktop,Paid Search,Delhi,1,1,1,1,1,0,0,3.1
U06088,2026-01-03,Mobile,Organic Search,Mumbai,1,1,1,0,0,0,0,9.5
U06089,2026-02-24,Desktop,Paid Search,Other,1,0,0,0,0,0,0,2.6
U06090,2026-02-15,Mobile,Organic Search,Bengaluru,1,1,0,0,0,0,0,7.4
U06091,2026-03-15,Mobile,Direct,Delhi,1,1,0,0,0,0,0,1.9
U06092,2026-03-15,Desktop,Social Media,Delhi,1,1,1,0,0,0,0,8.4
U06093,2026-01-11,Mobile,Organic Search,Bengaluru,1,1,1,1,1,1,7645.99,3
U06094,2026-03-18,Mobile,Paid Search,Delhi,1,1,0,0,0,0,0,4.7
U06095,2026-03-25,Mobile,Social Media,Other,1,1,0,0,0,0,0,10.5
U06096,2026-02-28,Desktop,Social Media,Other,1,0,0,0,0,0,0,4.6
U06097,2026-03-04,Mobile,Organic Search,Delhi,1,1,0,0,0,0,0,13.4
U06098,2026-01-27,Desktop,Direct,Hyderabad,1,0,0,0,0,0,0,2.9
U06099,2026-03-04,Mobile,Paid Search,Pune,1,1,1,0,0,0,0,18.3
U06100,2026-03-08,Desktop,Organic Search,Mumbai,1,1,1,1,0,0,0,25
U06101,2026-03-28,Mobile,Organic Search,Bengaluru,1,1,0,0,0,0,0,2.5
U06102,2026-03-26,Desktop,Social Media,Hyderabad,1,1,0,0,0,0,0,7.2
U06103,2026-01-31,Mobile,Organic Search,Hyderabad,1,0,0,0,0,0,0,3.7
U06104,2026-03-26,Desktop,Organic Search,Hyderabad,1,1,1,0,0,0,0,3.5
U06105,2026-03-13,Mobile,Paid Search,Delhi,1,0,0,0,0,0,0,8.8
U06106,2026-01-28,Mobile,Social Media,Bengaluru,1,0,0,0,0,0,0,5.9
U06107,2026-01-22,Mobile,Organic Search,Hyderabad,1,1,1,1,1,0,0,6.8
U06108,2026-03-31,Mobile,Paid Search,Chennai,1,1,0,0,0,0,0,12.6
U06109,2026-03-13,Mobile,Paid Search,Chennai,1,0,0,0,0,0,0,6
U06110,2026-01-03,Tablet,Organic Search,Hyderabad,1,0,0,0,0,0,0,4
U06111,2026-02-24,Tablet,Social Media,Hyderabad,1,0,0,0,0,0,0,20.4
U06112,2026-03-23,Mobile,Organic Search,Hyderabad,1,1,1,0,0,0,0,5.5
U06113,2026-03-17,Tablet,Organic Search,Delhi,1,1,1,0,0,0,0,2.6
U06114,2026-01-31,Mobile,Social Media,Hyderabad,1,0,0,0,0,0,0,3.1
U06115,2026-03-03,Mobile,Organic Search,Mumbai,1,1,1,0,0,0,0,8.6
U06116,2026-02-14,Desktop,Organic Search,Hyderabad,1,0,0,0,0,0,0,15.9
U06117,2026-03-25,Desktop,Paid Search,Hyderabad,1,1,1,1,0,0,0,13.2
U06118,2026-01-18,Tablet,Direct,Chennai,1,0,0,0,0,0,0,2.3
U06119,2026-01-29,Mobile,Email,Hyderabad,1,1,1,0,0,0,0,5.4
U06120,2026-03-23,Desktop,Referral,Hyderabad,1,0,0,0,0,0,0,7
U06121,2026-03-15,Mobile,Direct,Bengaluru,1,1,0,0,0,0,0,14.1
U06122,2026-03-10,Mobile,Direct,Bengaluru,1,0,0,0,0,0,0,0.7
U06123,2026-02-03,Mobile,Referral,Delhi,1,0,0,0,0,0,0,7.2
U06124,2026-03-24,Tablet,Social Media,Hyderabad,1,0,0,0,0,0,0,4.7
U06125,2026-02-19,Desktop,Paid Search,Pune,1,0,0,0,0,0,0,10.8
U06126,2026-02-16,Desktop,Organic Search,Pune,1,1,1,0,0,0,0,3.4
U06127,2026-03-19,Mobile,Email,Delhi,1,0,0,0,0,0,0,9.3
U06128,2026-03-05,Mobile,Direct,Bengaluru,1,1,0,0,0,0,0,11.9
U06129,2026-03-31,Mobile,Social Media,Pune,1,1,1,1,1,0,0,6.4
U06130,2026-03-11,Mobile,Email,Hyderabad,1,0,0,0,0,0,0,17
U06131,2026-02-08,Mobile,Social Media,Hyderabad,1,0,0,0,0,0,0,4.4
U06132,2026-03-27,Desktop,Paid Search,Hyderabad,1,1,1,0,0,0,0,8.3
U06133,2026-01-04,Mobile,Paid Search,Other,1,0,0,0,0,0,0,6.5
U06134,2026-02-17,Mobile,Social Media,Bengaluru,1,0,0,0,0,0,0,12.9
U06135,2026-03-05,Mobile,Paid Search,Other,1,1,1,0,0,0,0,1.4
U06136,2026-03-09,Mobile,Email,Bengaluru,1,0,0,0,0,0,0,2.3
U06137,2026-02-26,Mobile,Direct,Other,1,0,0,0,0,0,0,7.6
U06138,2026-01-02,Tablet,Direct,Other,1,0,0,0,0,0,0,10.8
U06139,2026-03-28,Desktop,Organic Search,Other,1,1,1,0,0,0,0,4.7
U06140,2026-03-25,Desktop,Direct,Chennai,1,0,0,0,0,0,0,4.7
U06141,2026-01-27,Mobile,Paid Search,Pune,1,1,0,0,0,0,0,3.3
U06142,2026-01-13,Mobile,Paid Search,Other,1,0,0,0,0,0,0,5.4
U06143,2026-01-19,Mobile,Email,Bengaluru,1,0,0,0,0,0,0,6.6
U06144,2026-01-21,Desktop,Paid Search,Chennai,1,1,0,0,0,0,0,8.1
U06145,2026-03-14,Desktop,Organic Search,Delhi,1,0,0,0,0,0,0,9
U06146,2026-01-11,Mobile,Paid Search,Bengaluru,1,0,0,0,0,0,0,8.5
U06147,2026-02-04,Mobile,Email,Delhi,1,0,0,0,0,0,0,8.5
U06148,2026-03-15,Mobile,Paid Search,Hyderabad,1,1,1,1,0,0,0,5
U06149,2026-02-10,Desktop,Social Media,Mumbai,1,0,0,0,0,0,0,4.1
U06150,2026-02-28,Tablet,Email,Hyderabad,1,1,0,0,0,0,0,8.5
U06151,2026-01-06,Mobile,Email,Bengaluru,1,0,0,0,0,0,0,4.2
U06152,2026-01-21,Mobile,Direct,Bengaluru,1,0,0,0,0,0,0,2.4
U06153,2026-01-14,Mobile,Paid Search,Pune,1,0,0,0,0,0,0,6.1
U06154,2026-02-12,Mobile,Organic Search,Hyderabad,1,1,1,1,1,1,2536.34,3.2
U06155,2026-02-19,Mobile,Paid Search,Pune,1,1,1,0,0,0,0,9.7
U06156,2026-02-08,Mobile,Paid Search,Delhi,1,1,0,0,0,0,0,15.5
U06157,2026-02-14,Desktop,Email,Chennai,1,0,0,0,0,0,0,7.9
U06158,2026-03-17,Desktop,Organic Search,Bengaluru,1,0,0,0,0,0,0,2.8
U06159,2026-02-08,Mobile,Paid Search,Bengaluru,1,1,1,1,1,1,4701.15,0.9
U06160,2026-02-20,Desktop,Referral,Chennai,1,1,1,0,0,0,0,9.1
U06161,2026-03-03,Mobile,Email,Hyderabad,1,1,1,0,0,0,0,6
U06162,2026-01-10,Mobile,Email,Mumbai,1,0,0,0,0,0,0,4.3
U06163,2026-03-15,Mobile,Referral,Other,1,1,1,0,0,0,0,3.9
U06164,2026-02-07,Mobile,Referral,Hyderabad,1,0,0,0,0,0,0,5.9
U06165,2026-03-30,Mobile,Email,Mumbai,1,0,0,0,0,0,0,7.3
U06166,2026-01-12,Mobile,Paid Search,Other,1,1,1,0,0,0,0,7.3
U06167,2026-03-06,Mobile,Direct,Pune,1,1,1,1,1,1,3323.98,20.5
U06168,2026-03-31,Tablet,Social Media,Pune,1,0,0,0,0,0,0,4.9
U06169,2026-02-05,Mobile,Organic Search,Pune,1,1,1,1,0,0,0,9.7
U06170,2026-01-13,Mobile,Paid Search,Bengaluru,1,0,0,0,0,0,0,5.5
U06171,2026-01-19,Mobile,Email,Pune,1,0,0,0,0,0,0,7.5
U06172,2026-02-25,Desktop,Direct,Other,1,1,1,1,0,0,0,9.4
U06173,2026-01-31,Mobile,Organic Search,Chennai,1,0,0,0,0,0,0,2.2
U06174,2026-01-27,Desktop,Organic Search,Bengaluru,1,0,0,0,0,0,0,12.6
U06175,2026-03-24,Mobile,Direct,Chennai,1,0,0,0,0,0,0,10.2
U06176,2026-02-22,Mobile,Direct,Bengaluru,1,0,0,0,0,0,0,10.5
U06177,2026-01-12,Mobile,Paid Search,Bengaluru,1,0,0,0,0,0,0,9.8
U06178,2026-03-01,Mobile,Paid Search,Mumbai,1,1,1,0,0,0,0,8.7
U06179,2026-03-29,Mobile,Email,Mumbai,1,1,1,0,0,0,0,10.1
U06180,2026-01-21,Mobile,Paid Search,Chennai,1,0,0,0,0,0,0,6
U06181,2026-01-24,Mobile,Direct,Hyderabad,1,1,1,1,1,0,0,3.4
U06182,2026-03-03,Mobile,Organic Search,Delhi,1,1,1,1,0,0,0,5
U06183,2026-01-22,Mobile,Organic Search,Hyderabad,1,1,1,1,0,0,0,3.4
U06184,2026-01-31,Tablet,Organic Search,Hyderabad,1,0,0,0,0,0,0,2.9
U06185,2026-03-24,Mobile,Paid Search,Mumbai,1,0,0,0,0,0,0,3.3
U06186,2026-01-13,Desktop,Organic Search,Chennai,1,1,1,1,0,0,0,7.1
U06187,2026-02-11,Desktop,Organic Search,Hyderabad,1,0,0,0,0,0,0,7.7
U06188,2026-02-03,Mobile,Referral,Bengaluru,1,0,0,0,0,0,0,2.8
U06189,2026-02-03,Mobile,Organic Search,Delhi,1,1,1,0,0,0,0,1.7
U06190,2026-01-27,Mobile,Direct,Mumbai,1,0,0,0,0,0,0,4.8
U06191,2026-03-09,Desktop,Paid Search,Bengaluru,1,1,1,0,0,0,0,3.4
U06192,2026-03-12,Desktop,Email,Hyderabad,1,1,1,1,1,1,3941.88,1.6
U06193,2026-03-31,Desktop,Organic Search,Mumbai,1,1,1,0,0,0,0,3
U06194,2026-01-26,Tablet,Organic Search,Pune,1,1,1,0,0,0,0,4.3
U06195,2026-02-19,Desktop,Social Media,Mumbai,1,0,0,0,0,0,0,1.6
U06196,2026-01-21,Mobile,Social Media,Pune,1,1,1,0,0,0,0,16
U06197,2026-01-17,Mobile,Referral,Mumbai,1,1,1,1,1,0,0,13.4
U06198,2026-02-01,Desktop,Referral,Delhi,1,0,0,0,0,0,0,8.7
U06199,2026-01-27,Mobile,Email,Pune,1,1,0,0,0,0,0,6.7
U06200,2026-02-13,Mobile,Paid Search,Delhi,1,1,0,0,0,0,0,7.3
U06201,2026-03-07,Desktop,Direct,Other,1,1,1,1,1,0,0,8.9
U06202,2026-03-31,Mobile,Social Media,Chennai,1,1,1,0,0,0,0,20
U06203,2026-03-26,Tablet,Direct,Other,1,0,0,0,0,0,0,2.4
U06204,2026-02-09,Desktop,Referral,Mumbai,1,0,0,0,0,0,0,4.7
U06205,2026-02-04,Mobile,Organic Search,Pune,1,0,0,0,0,0,0,4.7
U06206,2026-03-31,Tablet,Paid Search,Hyderabad,1,0,0,0,0,0,0,3.8
U06207,2026-01-21,Mobile,Social Media,Mumbai,1,0,0,0,0,0,0,17.6
U06208,2026-01-06,Mobile,Email,Pune,1,0,0,0,0,0,0,7.9
U06209,2026-02-01,Mobile,Social Media,Hyderabad,1,1,0,0,0,0,0,8.8
U06210,2026-03-07,Mobile,Referral,Delhi,1,0,0,0,0,0,0,11.6
U06211,2026-01-12,Mobile,Paid Search,Pune,1,0,0,0,0,0,0,2.3
U06212,2026-03-23,Mobile,Organic Search,Bengaluru,1,0,0,0,0,0,0,22
U06213,2026-01-14,Mobile,Organic Search,Chennai,1,1,1,0,0,0,0,4.5
U06214,2026-03-11,Mobile,Social Media,Mumbai,1,1,1,0,0,0,0,3.6
U06215,2026-01-02,Desktop,Email,Mumbai,1,1,1,0,0,0,0,5.8
U06216,2026-01-23,Desktop,Paid Search,Hyderabad,1,0,0,0,0,0,0,3.7
U06217,2026-02-22,Mobile,Social Media,Hyderabad,1,0,0,0,0,0,0,8.6
U06218,2026-01-16,Mobile,Organic Search,Hyderabad,1,1,1,1,1,1,1951.81,14.2
U06219,2026-01-18,Mobile,Organic Search,Bengaluru,1,0,0,0,0,0,0,7.3
U06220,2026-01-02,Mobile,Email,Bengaluru,1,1,1,0,0,0,0,3
U06221,2026-03-07,Desktop,Paid Search,Delhi,1,0,0,0,0,0,0,5.5
U06222,2026-02-14,Desktop,Email,Mumbai,1,0,0,0,0,0,0,8.1
U06223,2026-02-21,Mobile,Referral,Delhi,1,0,0,0,0,0,0,19.4
U06224,2026-03-28,Mobile,Direct,Hyderabad,1,1,1,0,0,0,0,2.8
U06225,2026-02-25,Mobile,Organic Search,Chennai,1,0,0,0,0,0,0,9
U06226,2026-02-17,Desktop,Social Media,Bengaluru,1,0,0,0,0,0,0,7
U06227,2026-03-07,Mobile,Email,Pune,1,0,0,0,0,0,0,3.6
U06228,2026-02-21,Tablet,Referral,Delhi,1,0,0,0,0,0,0,6
U06229,2026-01-10,Desktop,Referral,Pune,1,1,1,1,1,1,4691.99,4.4
U06230,2026-01-16,Mobile,Organic Search,Hyderabad,1,0,0,0,0,0,0,6.4
U06231,2026-02-21,Mobile,Organic Search,Delhi,1,0,0,0,0,0,0,7.5
U06232,2026-01-22,Desktop,Social Media,Mumbai,1,0,0,0,0,0,0,9
U06233,2026-03-04,Mobile,Email,Pune,1,0,0,0,0,0,0,8.8
U06234,2026-01-16,Mobile,Paid Search,Chennai,1,1,1,1,1,0,0,10.3
U06235,2026-02-28,Mobile,Organic Search,Mumbai,1,0,0,0,0,0,0,4.6
U06236,2026-02-02,Desktop,Email,Hyderabad,1,1,0,0,0,0,0,5.9
U06237,2026-02-09,Desktop,Paid Search,Delhi,1,1,0,0,0,0,0,8.1
U06238,2026-03-29,Desktop,Organic Search,Bengaluru,1,0,0,0,0,0,0,12.5
U06239,2026-01-25,Desktop,Organic Search,Hyderabad,1,1,1,1,1,1,2013.86,1.3
U06240,2026-02-10,Desktop,Paid Search,Hyderabad,1,1,0,0,0,0,0,5.7
U06241,2026-01-11,Desktop,Social Media,Other,1,0,0,0,0,0,0,9.3
U06242,2026-02-08,Mobile,Paid Search,Bengaluru,1,0,0,0,0,0,0,8.1
U06243,2026-01-12,Mobile,Organic Search,Pune,1,1,1,0,0,0,0,6.7
U06244,2026-01-06,Desktop,Organic Search,Other,1,1,1,0,0,0,0,3.4
U06245,2026-01-04,Desktop,Paid Search,Other,1,0,0,0,0,0,0,8.7
U06246,2026-02-23,Mobile,Email,Pune,1,0,0,0,0,0,0,5.6
U06247,2026-03-18,Mobile,Organic Search,Pune,1,1,1,0,0,0,0,5.5
U06248,2026-02-17,Desktop,Social Media,Bengaluru,1,0,0,0,0,0,0,5.4
U06249,2026-03-07,Desktop,Organic Search,Hyderabad,1,1,0,0,0,0,0,6.3
U06250,2026-03-16,Mobile,Organic Search,Mumbai,1,1,1,0,0,0,0,2.2
U06251,2026-02-02,Mobile,Organic Search,Chennai,1,1,0,0,0,0,0,1.7
U06252,2026-02-25,Mobile,Organic Search,Hyderabad,1,1,0,0,0,0,0,12
U06253,2026-02-16,Mobile,Email,Delhi,1,1,1,0,0,0,0,5.2
U06254,2026-02-10,Mobile,Social Media,Mumbai,1,1,1,0,0,0,0,3.9
U06255,2026-03-29,Mobile,Referral,Pune,1,0,0,0,0,0,0,6
U06256,2026-03-27,Mobile,Organic Search,Mumbai,1,1,1,0,0,0,0,8.6
U06257,2026-01-23,Mobile,Organic Search,Mumbai,1,1,1,0,0,0,0,1.4
U06258,2026-02-05,Desktop,Paid Search,Chennai,1,1,1,1,1,1,1465.9,9.4
U06259,2026-03-06,Desktop,Referral,Chennai,1,1,0,0,0,0,0,8.6
U06260,2026-03-29,Mobile,Paid Search,Other,1,1,1,1,0,0,0,7.1
U06261,2026-03-18,Mobile,Paid Search,Hyderabad,1,0,0,0,0,0,0,5.4
U06262,2026-01-18,Desktop,Paid Search,Chennai,1,1,1,0,0,0,0,3
U06263,2026-01-07,Mobile,Organic Search,Mumbai,1,0,0,0,0,0,0,4.1
U06264,2026-02-09,Tablet,Direct,Chennai,1,1,1,0,0,0,0,7.9
U06265,2026-03-09,Desktop,Social Media,Bengaluru,1,0,0,0,0,0,0,6.9
U06266,2026-03-25,Mobile,Referral,Bengaluru,1,0,0,0,0,0,0,6.2
U06267,2026-03-15,Tablet,Email,Bengaluru,1,1,0,0,0,0,0,3.4
U06268,2026-03-12,Mobile,Social Media,Bengaluru,1,1,1,0,0,0,0,16.3
U06269,2026-02-08,Mobile,Organic Search,Pune,1,1,1,0,0,0,0,4.7
U06270,2026-02-12,Desktop,Email,Chennai,1,0,0,0,0,0,0,5
U06271,2026-01-25,Mobile,Organic Search,Bengaluru,1,1,1,1,0,0,0,17.4
U06272,2026-03-24,Tablet,Paid Search,Chennai,1,1,1,0,0,0,0,8.2
U06273,2026-02-13,Mobile,Social Media,Hyderabad,1,0,0,0,0,0,0,9.8
U06274,2026-03-25,Mobile,Referral,Other,1,1,1,0,0,0,0,9.6
U06275,2026-03-10,Mobile,Email,Chennai,1,1,0,0,0,0,0,7.4
U06276,2026-01-28,Desktop,Email,Other,1,0,0,0,0,0,0,6.6
U06277,2026-02-08,Mobile,Organic Search,Bengaluru,1,0,0,0,0,0,0,4.4
U06278,2026-02-21,Mobile,Paid Search,Pune,1,1,1,1,1,1,2515.28,1.1
U06279,2026-03-01,Desktop,Organic Search,Bengaluru,1,1,0,0,0,0,0,17.3
U06280,2026-01-26,Mobile,Email,Hyderabad,1,0,0,0,0,0,0,4
U06281,2026-01-01,Desktop,Direct,Hyderabad,1,1,1,0,0,0,0,7.7
U06282,2026-01-11,Mobile,Paid Search,Mumbai,1,1,1,1,0,0,0,9.2
U06283,2026-01-01,Desktop,Organic Search,Bengaluru,1,0,0,0,0,0,0,5.7
U06284,2026-02-14,Desktop,Social Media,Chennai,1,0,0,0,0,0,0,9.9
U06285,2026-01-14,Mobile,Direct,Pune,1,1,1,0,0,0,0,6.8
U06286,2026-03-26,Mobile,Social Media,Bengaluru,1,1,1,0,0,0,0,16.8
U06287,2026-03-06,Desktop,Organic Search,Bengaluru,1,1,1,1,1,1,3933.99,7.5
U06288,2026-01-14,Mobile,Direct,Pune,1,1,1,1,0,0,0,14.6
U06289,2026-01-10,Tablet,Referral,Chennai,1,1,0,0,0,0,0,2.4
U06290,2026-02-25,Mobile,Organic Search,Pune,1,1,1,0,0,0,0,7.6
U06291,2026-03-31,Mobile,Direct,Bengaluru,1,0,0,0,0,0,0,6.3
U06292,2026-03-25,Mobile,Social Media,Chennai,1,0,0,0,0,0,0,14.9
U06293,2026-01-03,Tablet,Paid Search,Hyderabad,1,1,0,0,0,0,0,4.2
U06294,2026-03-30,Mobile,Social Media,Other,1,1,1,1,0,0,0,2.7
U06295,2026-02-19,Desktop,Referral,Pune,1,1,1,0,0,0,0,11.9
U06296,2026-01-24,Desktop,Email,Other,1,1,0,0,0,0,0,14.4
U06297,2026-02-20,Mobile,Organic Search,Chennai,1,1,0,0,0,0,0,1.6
U06298,2026-03-11,Mobile,Direct,Pune,1,0,0,0,0,0,0,5.2
U06299,2026-03-01,Desktop,Organic Search,Chennai,1,1,1,0,0,0,0,16.6
U06300,2026-03-07,Mobile,Email,Chennai,1,0,0,0,0,0,0,3.6
U06301,2026-01-04,Desktop,Email,Pune,1,1,1,0,0,0,0,4
U06302,2026-03-25,Mobile,Organic Search,Hyderabad,1,1,1,1,1,1,3038.66,2.7
U06303,2026-01-18,Mobile,Organic Search,Bengaluru,1,1,1,1,0,0,0,26.8
U06304,2026-03-10,Desktop,Direct,Bengaluru,1,0,0,0,0,0,0,1.3
U06305,2026-01-15,Mobile,Paid Search,Delhi,1,0,0,0,0,0,0,6.5
U06306,2026-02-03,Mobile,Email,Bengaluru,1,0,0,0,0,0,0,5
U06307,2026-02-09,Mobile,Social Media,Bengaluru,1,1,1,0,0,0,0,5.3
U06308,2026-02-07,Mobile,Email,Other,1,0,0,0,0,0,0,9.2
U06309,2026-01-19,Mobile,Social Media,Chennai,1,0,0,0,0,0,0,4.2
U06310,2026-03-05,Desktop,Paid Search,Bengaluru,1,1,1,0,0,0,0,4.4
U06311,2026-03-26,Mobile,Paid Search,Mumbai,1,0,0,0,0,0,0,6.9
U06312,2026-03-09,Mobile,Direct,Pune,1,0,0,0,0,0,0,6.7
U06313,2026-01-21,Desktop,Social Media,Hyderabad,1,1,1,1,0,0,0,11.5
U06314,2026-01-31,Mobile,Organic Search,Mumbai,1,1,1,1,1,0,0,1.7
U06315,2026-02-23,Mobile,Direct,Hyderabad,1,0,0,0,0,0,0,8.1
U06316,2026-03-31,Tablet,Referral,Mumbai,1,1,1,0,0,0,0,7.2
U06317,2026-03-15,Desktop,Organic Search,Bengaluru,1,0,0,0,0,0,0,4.8
U06318,2026-01-08,Mobile,Direct,Bengaluru,1,0,0,0,0,0,0,17.5
U06319,2026-03-23,Desktop,Email,Chennai,1,0,0,0,0,0,0,7
U06320,2026-01-18,Mobile,Organic Search,Other,1,0,0,0,0,0,0,18.9
U06321,2026-02-27,Mobile,Organic Search,Delhi,1,1,1,0,0,0,0,13.5
U06322,2026-03-18,Mobile,Email,Other,1,0,0,0,0,0,0,2.2
U06323,2026-03-07,Mobile,Referral,Mumbai,1,1,1,0,0,0,0,8
U06324,2026-01-10,Mobile,Organic Search,Hyderabad,1,0,0,0,0,0,0,4.8
U06325,2026-02-18,Mobile,Paid Search,Bengaluru,1,0,0,0,0,0,0,5.1
U06326,2026-02-14,Mobile,Paid Search,Other,1,0,0,0,0,0,0,3.7
U06327,2026-03-05,Tablet,Social Media,Mumbai,1,0,0,0,0,0,0,7.1
U06328,2026-01-14,Mobile,Organic Search,Other,1,0,0,0,0,0,0,0.8
U06329,2026-03-08,Mobile,Organic Search,Hyderabad,1,1,1,1,0,0,0,3.1
U06330,2026-02-13,Mobile,Email,Bengaluru,1,1,1,1,1,1,4087.68,15
U06331,2026-03-06,Mobile,Referral,Bengaluru,1,1,1,1,1,1,7496.42,6.4
U06332,2026-03-20,Desktop,Social Media,Bengaluru,1,1,1,1,1,1,5182.28,5.1
U06333,2026-02-14,Mobile,Paid Search,Bengaluru,1,0,0,0,0,0,0,23.4
U06334,2026-02-05,Mobile,Paid Search,Chennai,1,1,0,0,0,0,0,4
U06335,2026-02-08,Mobile,Paid Search,Mumbai,1,1,0,0,0,0,0,10.3
U06336,2026-03-15,Desktop,Direct,Bengaluru,1,0,0,0,0,0,0,7.2
U06337,2026-02-26,Mobile,Referral,Hyderabad,1,1,1,0,0,0,0,1.4
U06338,2026-03-18,Mobile,Organic Search,Delhi,1,0,0,0,0,0,0,7.4
U06339,2026-01-31,Mobile,Paid Search,Chennai,1,0,0,0,0,0,0,6.5
U06340,2026-01-25,Mobile,Social Media,Mumbai,1,0,0,0,0,0,0,12.4
U06341,2026-01-21,Mobile,Social Media,Chennai,1,1,0,0,0,0,0,8.9
U06342,2026-01-08,Desktop,Social Media,Pune,1,1,0,0,0,0,0,7.5
U06343,2026-01-08,Desktop,Referral,Mumbai,1,1,1,1,1,0,0,9.9
U06344,2026-01-18,Desktop,Referral,Other,1,1,1,0,0,0,0,7
U06345,2026-01-17,Mobile,Social Media,Mumbai,1,1,1,1,0,0,0,2.5
U06346,2026-02-08,Mobile,Direct,Bengaluru,1,0,0,0,0,0,0,7.2
U06347,2026-03-15,Mobile,Referral,Bengaluru,1,0,0,0,0,0,0,5.9
U06348,2026-01-12,Tablet,Referral,Mumbai,1,1,1,1,0,0,0,10.9
U06349,2026-02-23,Mobile,Direct,Mumbai,1,0,0,0,0,0,0,12.6
U06350,2026-03-10,Desktop,Paid Search,Delhi,1,0,0,0,0,0,0,19.3
U06351,2026-01-20,Mobile,Paid Search,Bengaluru,1,0,0,0,0,0,0,5.1
U06352,2026-02-11,Mobile,Direct,Mumbai,1,0,0,0,0,0,0,1.6
U06353,2026-02-06,Mobile,Referral,Delhi,1,0,0,0,0,0,0,5.3
U06354,2026-01-27,Mobile,Direct,Delhi,1,0,0,0,0,0,0,6.8
U06355,2026-03-12,Tablet,Organic Search,Chennai,1,0,0,0,0,0,0,6.9
U06356,2026-01-16,Tablet,Social Media,Other,1,0,0,0,0,0,0,7.1
U06357,2026-01-15,Mobile,Organic Search,Chennai,1,0,0,0,0,0,0,2.1
U06358,2026-03-02,Mobile,Social Media,Hyderabad,1,1,0,0,0,0,0,5.7
U06359,2026-03-01,Tablet,Organic Search,Pune,1,1,0,0,0,0,0,15.6
U06360,2026-01-01,Desktop,Organic Search,Bengaluru,1,1,1,0,0,0,0,9.2
U06361,2026-01-18,Mobile,Organic Search,Delhi,1,1,1,1,0,0,0,10.5
U06362,2026-03-24,Mobile,Email,Hyderabad,1,0,0,0,0,0,0,6.6
U06363,2026-03-30,Mobile,Paid Search,Hyderabad,1,1,0,0,0,0,0,7.9
U06364,2026-02-25,Mobile,Organic Search,Hyderabad,1,1,1,1,0,0,0,4.9
U06365,2026-03-06,Mobile,Paid Search,Bengaluru,1,0,0,0,0,0,0,3.1
U06366,2026-02-10,Mobile,Organic Search,Hyderabad,1,0,0,0,0,0,0,3.2
U06367,2026-01-10,Mobile,Direct,Hyderabad,1,1,0,0,0,0,0,9
U06368,2026-02-26,Mobile,Paid Search,Delhi,1,0,0,0,0,0,0,5.1
U06369,2026-01-31,Mobile,Paid Search,Delhi,1,1,1,0,0,0,0,14
U06370,2026-01-21,Desktop,Referral,Pune,1,1,1,1,0,0,0,11.3
U06371,2026-01-01,Desktop,Email,Pune,1,0,0,0,0,0,0,7.2
U06372,2026-03-29,Mobile,Email,Chennai,1,0,0,0,0,0,0,8.1
U06373,2026-02-02,Tablet,Email,Pune,1,1,1,1,0,0,0,8.6
U06374,2026-03-31,Desktop,Direct,Mumbai,1,0,0,0,0,0,0,6.2
U06375,2026-03-28,Mobile,Organic Search,Chennai,1,1,1,1,1,1,3230.65,3.4
U06376,2026-01-19,Mobile,Direct,Delhi,1,0,0,0,0,0,0,1.9
U06377,2026-01-18,Desktop,Referral,Bengaluru,1,1,1,0,0,0,0,11.3
U06378,2026-02-15,Desktop,Social Media,Delhi,1,0,0,0,0,0,0,5.2
U06379,2026-01-11,Tablet,Email,Chennai,1,1,1,0,0,0,0,4.6
U06380,2026-03-16,Desktop,Email,Hyderabad,1,0,0,0,0,0,0,8.1
U06381,2026-02-25,Mobile,Organic Search,Hyderabad,1,0,0,0,0,0,0,1.6
U06382,2026-01-29,Mobile,Organic Search,Hyderabad,1,1,0,0,0,0,0,5.3
U06383,2026-01-03,Mobile,Direct,Pune,1,0,0,0,0,0,0,3.9
U06384,2026-01-19,Mobile,Social Media,Other,1,0,0,0,0,0,0,7
U06385,2026-03-09,Mobile,Paid Search,Bengaluru,1,0,0,0,0,0,0,5.9
U06386,2026-02-04,Desktop,Referral,Bengaluru,1,0,0,0,0,0,0,4.8
U06387,2026-02-14,Mobile,Social Media,Bengaluru,1,0,0,0,0,0,0,21.3
U06388,2026-01-11,Desktop,Organic Search,Pune,1,1,1,1,0,0,0,7
U06389,2026-03-24,Mobile,Email,Bengaluru,1,0,0,0,0,0,0,18.6
U06390,2026-02-19,Mobile,Email,Other,1,0,0,0,0,0,0,7.4
U06391,2026-02-21,Mobile,Organic Search,Delhi,1,0,0,0,0,0,0,9.7
U06392,2026-01-25,Mobile,Direct,Pune,1,1,1,0,0,0,0,16.1
U06393,2026-03-25,Desktop,Organic Search,Mumbai,1,1,1,1,1,1,1600.04,6.3
U06394,2026-03-26,Desktop,Social Media,Delhi,1,1,1,1,1,1,1813.14,3.4
U06395,2026-03-16,Tablet,Organic Search,Mumbai,1,1,1,0,0,0,0,5
U06396,2026-01-16,Mobile,Social Media,Pune,1,1,1,1,0,0,0,1.9
U06397,2026-01-26,Mobile,Paid Search,Pune,1,0,0,0,0,0,0,1.3
U06398,2026-03-15,Mobile,Paid Search,Mumbai,1,0,0,0,0,0,0,3.1
U06399,2026-03-12,Mobile,Referral,Mumbai,1,0,0,0,0,0,0,8.5
U06400,2026-01-05,Desktop,Organic Search,Other,1,0,0,0,0,0,0,6.2
U06401,2026-01-01,Desktop,Referral,Other,1,1,1,0,0,0,0,5.3
U06402,2026-01-30,Desktop,Social Media,Delhi,1,1,0,0,0,0,0,5.4
U06403,2026-01-24,Mobile,Direct,Hyderabad,1,1,1,0,0,0,0,9.2
U06404,2026-01-20,Desktop,Social Media,Hyderabad,1,0,0,0,0,0,0,7
U06405,2026-02-18,Mobile,Organic Search,Pune,1,1,0,0,0,0,0,4
U06406,2026-01-15,Desktop,Organic Search,Hyderabad,1,0,0,0,0,0,0,12.9
U06407,2026-03-30,Mobile,Direct,Bengaluru,1,0,0,0,0,0,0,2.5
U06408,2026-02-16,Mobile,Referral,Bengaluru,1,1,0,0,0,0,0,2.2
U06409,2026-02-07,Mobile,Paid Search,Mumbai,1,0,0,0,0,0,0,2.9
U06410,2026-03-12,Tablet,Social Media,Mumbai,1,0,0,0,0,0,0,5.4
U06411,2026-01-11,Mobile,Social Media,Bengaluru,1,1,0,0,0,0,0,3.9
U06412,2026-02-14,Mobile,Direct,Bengaluru,1,1,1,1,1,1,1133.77,13.2
U06413,2026-01-13,Desktop,Direct,Delhi,1,0,0,0,0,0,0,11.6
U06414,2026-02-17,Mobile,Direct,Other,1,1,1,0,0,0,0,7.2
U06415,2026-02-24,Mobile,Direct,Hyderabad,1,1,1,0,0,0,0,2
U06416,2026-01-04,Mobile,Direct,Hyderabad,1,0,0,0,0,0,0,1.5
U06417,2026-01-30,Mobile,Organic Search,Mumbai,1,0,0,0,0,0,0,8.6
U06418,2026-02-17,Desktop,Referral,Pune,1,1,1,0,0,0,0,5.3
U06419,2026-03-26,Desktop,Email,Delhi,1,0,0,0,0,0,0,1.7
U06420,2026-03-08,Mobile,Direct,Delhi,1,0,0,0,0,0,0,0.5
U06421,2026-03-11,Tablet,Social Media,Pune,1,1,0,0,0,0,0,1.2
U06422,2026-02-25,Mobile,Organic Search,Bengaluru,1,1,1,1,1,1,2110.54,3.9
U06423,2026-02-14,Mobile,Social Media,Hyderabad,1,0,0,0,0,0,0,3.6
U06424,2026-01-03,Mobile,Email,Mumbai,1,0,0,0,0,0,0,4.6
U06425,2026-01-16,Mobile,Organic Search,Pune,1,1,0,0,0,0,0,10.9
U06426,2026-01-11,Mobile,Paid Search,Mumbai,1,0,0,0,0,0,0,6.5
U06427,2026-02-21,Tablet,Social Media,Other,1,1,0,0,0,0,0,3.9
U06428,2026-03-13,Desktop,Paid Search,Delhi,1,1,0,0,0,0,0,2.8
U06429,2026-03-31,Mobile,Paid Search,Delhi,1,0,0,0,0,0,0,9.2
U06430,2026-02-20,Mobile,Organic Search,Hyderabad,1,1,1,1,1,0,0,12.6
U06431,2026-01-10,Desktop,Direct,Hyderabad,1,1,1,0,0,0,0,2.3
U06432,2026-02-03,Tablet,Referral,Delhi,1,0,0,0,0,0,0,7.8
U06433,2026-03-24,Desktop,Organic Search,Hyderabad,1,0,0,0,0,0,0,9.5
U06434,2026-01-25,Mobile,Referral,Hyderabad,1,0,0,0,0,0,0,9.2
U06435,2026-01-22,Desktop,Email,Other,1,0,0,0,0,0,0,7.8
U06436,2026-01-15,Mobile,Organic Search,Pune,1,0,0,0,0,0,0,8.2
U06437,2026-02-22,Mobile,Paid Search,Bengaluru,1,0,0,0,0,0,0,14.4
U06438,2026-01-17,Mobile,Social Media,Delhi,1,0,0,0,0,0,0,18.1
U06439,2026-01-01,Mobile,Social Media,Hyderabad,1,0,0,0,0,0,0,5.2
U06440,2026-01-07,Mobile,Referral,Bengaluru,1,0,0,0,0,0,0,2.5
U06441,2026-02-10,Mobile,Paid Search,Mumbai,1,0,0,0,0,0,0,4.7
U06442,2026-03-24,Mobile,Organic Search,Delhi,1,0,0,0,0,0,0,2.1
U06443,2026-03-02,Desktop,Direct,Hyderabad,1,0,0,0,0,0,0,5.6
U06444,2026-02-22,Mobile,Organic Search,Bengaluru,1,1,1,1,1,1,1585.4,6.7
U06445,2026-03-22,Mobile,Email,Bengaluru,1,0,0,0,0,0,0,6.4
U06446,2026-01-07,Mobile,Organic Search,Other,1,1,1,1,1,1,4341.04,0.5
U06447,2026-02-01,Tablet,Paid Search,Delhi,1,0,0,0,0,0,0,7.2
U06448,2026-02-08,Mobile,Paid Search,Chennai,1,1,1,0,0,0,0,11.2
U06449,2026-03-30,Mobile,Organic Search,Hyderabad,1,0,0,0,0,0,0,4.2
U06450,2026-01-25,Mobile,Paid Search,Mumbai,1,1,1,0,0,0,0,4.2
U06451,2026-03-22,Desktop,Organic Search,Mumbai,1,0,0,0,0,0,0,4.5
U06452,2026-01-11,Tablet,Social Media,Pune,1,1,0,0,0,0,0,16.3
U06453,2026-01-20,Mobile,Email,Bengaluru,1,0,0,0,0,0,0,0.6
U06454,2026-02-05,Mobile,Organic Search,Other,1,0,0,0,0,0,0,6.8
U06455,2026-03-02,Desktop,Direct,Chennai,1,0,0,0,0,0,0,6.4
U06456,2026-02-07,Mobile,Organic Search,Bengaluru,1,1,1,1,1,1,4072.74,8.1
U06457,2026-01-06,Mobile,Organic Search,Bengaluru,1,1,0,0,0,0,0,5.5
U06458,2026-03-08,Mobile,Email,Mumbai,1,0,0,0,0,0,0,7
U06459,2026-02-14,Mobile,Social Media,Other,1,1,1,1,0,0,0,3.1
U06460,2026-01-27,Mobile,Social Media,Delhi,1,1,1,0,0,0,0,3.3
U06461,2026-03-08,Mobile,Organic Search,Mumbai,1,1,1,1,1,0,0,6
U06462,2026-01-10,Desktop,Referral,Hyderabad,1,1,1,0,0,0,0,20.8
U06463,2026-01-10,Tablet,Social Media,Hyderabad,1,0,0,0,0,0,0,4.5
U06464,2026-02-24,Mobile,Organic Search,Chennai,1,0,0,0,0,0,0,3.1
U06465,2026-01-31,Desktop,Paid Search,Delhi,1,1,1,0,0,0,0,6.7
U06466,2026-01-06,Mobile,Referral,Delhi,1,0,0,0,0,0,0,11.6
U06467,2026-01-24,Mobile,Social Media,Bengaluru,1,1,1,1,1,1,3360.09,1
U06468,2026-03-20,Mobile,Organic Search,Hyderabad,1,1,1,1,1,1,3169.58,4.4
U06469,2026-03-20,Tablet,Paid Search,Chennai,1,1,0,0,0,0,0,11.8
U06470,2026-01-03,Desktop,Organic Search,Other,1,0,0,0,0,0,0,4.7
U06471,2026-02-03,Desktop,Social Media,Mumbai,1,0,0,0,0,0,0,5.4
U06472,2026-02-16,Desktop,Referral,Bengaluru,1,0,0,0,0,0,0,6.5
U06473,2026-01-19,Desktop,Paid Search,Bengaluru,1,1,1,1,1,0,0,2.2
U06474,2026-01-30,Tablet,Paid Search,Hyderabad,1,0,0,0,0,0,0,5.5
U06475,2026-02-03,Desktop,Direct,Chennai,1,0,0,0,0,0,0,4.2
U06476,2026-02-21,Tablet,Social Media,Delhi,1,0,0,0,0,0,0,6.5
U06477,2026-03-03,Mobile,Social Media,Other,1,0,0,0,0,0,0,13.7
U06478,2026-03-26,Mobile,Paid Search,Chennai,1,0,0,0,0,0,0,17.9
U06479,2026-03-08,Mobile,Social Media,Hyderabad,1,0,0,0,0,0,0,8.7
U06480,2026-03-22,Mobile,Social Media,Delhi,1,0,0,0,0,0,0,8.3
U06481,2026-02-03,Mobile,Paid Search,Delhi,1,1,0,0,0,0,0,3
U06482,2026-02-24,Mobile,Direct,Hyderabad,1,1,0,0,0,0,0,6.9
U06483,2026-03-24,Desktop,Direct,Pune,1,1,1,0,0,0,0,4.7
U06484,2026-01-01,Mobile,Email,Pune,1,0,0,0,0,0,0,1.8
U06485,2026-03-12,Mobile,Social Media,Chennai,1,1,1,0,0,0,0,7.6
U06486,2026-02-28,Mobile,Social Media,Mumbai,1,1,1,0,0,0,0,3
U06487,2026-03-27,Tablet,Organic Search,Delhi,1,1,1,1,1,0,0,4
U06488,2026-02-02,Mobile,Paid Search,Delhi,1,0,0,0,0,0,0,23.4
U06489,2026-02-06,Mobile,Referral,Hyderabad,1,1,1,0,0,0,0,6
U06490,2026-02-19,Desktop,Social Media,Hyderabad,1,0,0,0,0,0,0,3.6
U06491,2026-03-11,Mobile,Direct,Hyderabad,1,0,0,0,0,0,0,8.8
U06492,2026-01-03,Mobile,Organic Search,Delhi,1,0,0,0,0,0,0,16.7
U06493,2026-02-04,Mobile,Social Media,Chennai,1,1,1,0,0,0,0,12.9
U06494,2026-01-16,Mobile,Email,Mumbai,1,1,1,0,0,0,0,10.5
U06495,2026-02-16,Tablet,Social Media,Delhi,1,0,0,0,0,0,0,8.9
U06496,2026-03-31,Mobile,Direct,Bengaluru,1,1,0,0,0,0,0,4.6
U06497,2026-02-03,Mobile,Direct,Delhi,1,0,0,0,0,0,0,5.7
U06498,2026-02-04,Mobile,Organic Search,Chennai,1,0,0,0,0,0,0,9.5
U06499,2026-03-05,Mobile,Organic Search,Bengaluru,1,0,0,0,0,0,0,11.9
U06500,2026-02-10,Desktop,Organic Search,Bengaluru,1,0,0,0,0,0,0,1.4
U06501,2026-02-15,Mobile,Email,Other,1,0,0,0,0,0,0,3
U06502,2026-01-05,Mobile,Paid Search,Delhi,1,0,0,0,0,0,0,12.5
U06503,2026-03-01,Mobile,Email,Hyderabad,1,1,1,0,0,0,0,15.8
U06504,2026-02-23,Mobile,Paid Search,Other,1,1,1,0,0,0,0,5
U06505,2026-02-19,Mobile,Social Media,Delhi,1,0,0,0,0,0,0,8.9
U06506,2026-01-18,Desktop,Referral,Hyderabad,1,1,0,0,0,0,0,8.5
U06507,2026-02-18,Desktop,Social Media,Hyderabad,1,0,0,0,0,0,0,2.3
U06508,2026-02-10,Desktop,Social Media,Bengaluru,1,1,1,1,1,1,3640.61,7.7
U06509,2026-01-24,Desktop,Organic Search,Mumbai,1,0,0,0,0,0,0,3.2
U06510,2026-01-30,Desktop,Paid Search,Mumbai,1,0,0,0,0,0,0,4
U06511,2026-01-15,Mobile,Social Media,Bengaluru,1,0,0,0,0,0,0,3.3
U06512,2026-03-23,Desktop,Social Media,Chennai,1,0,0,0,0,0,0,5.7
U06513,2026-01-16,Desktop,Direct,Bengaluru,1,0,0,0,0,0,0,11.1
U06514,2026-01-18,Desktop,Direct,Hyderabad,1,1,1,0,0,0,0,7.7
U06515,2026-01-01,Mobile,Referral,Mumbai,1,1,1,0,0,0,0,5.3
U06516,2026-01-11,Mobile,Paid Search,Bengaluru,1,1,1,0,0,0,0,6.8
U06517,2026-02-08,Desktop,Email,Mumbai,1,1,0,0,0,0,0,8.5
U06518,2026-03-15,Desktop,Paid Search,Other,1,0,0,0,0,0,0,13.7
U06519,2026-01-09,Tablet,Organic Search,Hyderabad,1,1,0,0,0,0,0,10.3
U06520,2026-02-08,Mobile,Paid Search,Hyderabad,1,0,0,0,0,0,0,10.2
U06521,2026-01-17,Mobile,Organic Search,Hyderabad,1,1,1,0,0,0,0,6.9
U06522,2026-02-04,Mobile,Paid Search,Chennai,1,1,0,0,0,0,0,7
U06523,2026-03-15,Desktop,Social Media,Delhi,1,0,0,0,0,0,0,5.8
U06524,2026-02-02,Mobile,Direct,Mumbai,1,0,0,0,0,0,0,17.4
U06525,2026-03-20,Mobile,Paid Search,Chennai,1,0,0,0,0,0,0,11.2
U06526,2026-02-22,Tablet,Direct,Bengaluru,1,0,0,0,0,0,0,5.2
U06527,2026-03-05,Mobile,Organic Search,Bengaluru,1,1,1,1,1,1,3542.02,2.7
U06528,2026-03-14,Desktop,Organic Search,Bengaluru,1,1,1,0,0,0,0,12.1
U06529,2026-03-14,Mobile,Social Media,Mumbai,1,0,0,0,0,0,0,8.5
U06530,2026-01-27,Desktop,Email,Hyderabad,1,0,0,0,0,0,0,2.8
U06531,2026-01-22,Mobile,Organic Search,Delhi,1,0,0,0,0,0,0,18.8
U06532,2026-02-11,Desktop,Organic Search,Mumbai,1,1,1,0,0,0,0,9.3
U06533,2026-02-22,Tablet,Social Media,Bengaluru,1,1,0,0,0,0,0,16.7
U06534,2026-03-22,Mobile,Paid Search,Chennai,1,0,0,0,0,0,0,7.4
U06535,2026-03-06,Mobile,Email,Other,1,1,1,1,0,0,0,7.3
U06536,2026-02-15,Mobile,Social Media,Hyderabad,1,1,1,0,0,0,0,3
U06537,2026-01-14,Desktop,Organic Search,Hyderabad,1,0,0,0,0,0,0,8.5
U06538,2026-01-31,Desktop,Direct,Chennai,1,1,1,0,0,0,0,5.1
U06539,2026-03-13,Mobile,Paid Search,Mumbai,1,0,0,0,0,0,0,9.3
U06540,2026-01-13,Mobile,Email,Bengaluru,1,0,0,0,0,0,0,4.7
U06541,2026-01-05,Mobile,Referral,Other,1,0,0,0,0,0,0,6.6
U06542,2026-01-28,Desktop,Direct,Mumbai,1,1,0,0,0,0,0,10.3
U06543,2026-01-04,Tablet,Social Media,Pune,1,0,0,0,0,0,0,7.1
U06544,2026-01-29,Mobile,Social Media,Bengaluru,1,1,1,0,0,0,0,4.3
U06545,2026-03-16,Mobile,Paid Search,Pune,1,1,0,0,0,0,0,4.4
U06546,2026-02-01,Mobile,Email,Bengaluru,1,1,1,1,1,1,3930.69,10.5
U06547,2026-02-12,Mobile,Social Media,Bengaluru,1,1,0,0,0,0,0,6
U06548,2026-01-14,Mobile,Paid Search,Other,1,0,0,0,0,0,0,1.6
U06549,2026-03-04,Mobile,Direct,Hyderabad,1,0,0,0,0,0,0,1.8
U06550,2026-01-03,Mobile,Organic Search,Other,1,0,0,0,0,0,0,5.4
U06551,2026-03-12,Mobile,Direct,Chennai,1,0,0,0,0,0,0,5.6
U06552,2026-02-15,Mobile,Direct,Other,1,1,1,0,0,0,0,10.2
U06553,2026-03-23,Mobile,Social Media,Mumbai,1,1,1,0,0,0,0,13.2
U06554,2026-03-26,Mobile,Social Media,Delhi,1,0,0,0,0,0,0,2.7
U06555,2026-02-03,Desktop,Paid Search,Hyderabad,1,1,1,1,1,0,0,8.1
U06556,2026-02-13,Desktop,Direct,Chennai,1,1,0,0,0,0,0,4.1
U06557,2026-01-14,Mobile,Organic Search,Delhi,1,1,0,0,0,0,0,3.4
U06558,2026-01-18,Mobile,Social Media,Delhi,1,0,0,0,0,0,0,3.5
U06559,2026-02-14,Desktop,Email,Hyderabad,1,1,1,0,0,0,0,17.2
U06560,2026-02-14,Tablet,Direct,Chennai,1,0,0,0,0,0,0,2.9
U06561,2026-03-31,Mobile,Referral,Chennai,1,0,0,0,0,0,0,6.4
U06562,2026-01-25,Mobile,Email,Hyderabad,1,0,0,0,0,0,0,5.3
U06563,2026-02-23,Mobile,Organic Search,Chennai,1,0,0,0,0,0,0,3.2
U06564,2026-01-02,Mobile,Paid Search,Pune,1,0,0,0,0,0,0,11.4
U06565,2026-02-02,Mobile,Organic Search,Bengaluru,1,0,0,0,0,0,0,12.6
U06566,2026-02-13,Mobile,Direct,Chennai,1,1,1,1,1,0,0,11.7
U06567,2026-03-27,Desktop,Email,Other,1,1,1,0,0,0,0,3.1
U06568,2026-02-12,Mobile,Referral,Hyderabad,1,1,1,0,0,0,0,3.3
U06569,2026-02-28,Mobile,Email,Mumbai,1,0,0,0,0,0,0,7.3
U06570,2026-02-09,Mobile,Social Media,Delhi,1,1,1,1,1,1,2085.51,9.6
U06571,2026-03-26,Mobile,Organic Search,Delhi,1,1,1,0,0,0,0,11.4
U06572,2026-02-25,Mobile,Paid Search,Delhi,1,0,0,0,0,0,0,10.8
U06573,2026-01-02,Mobile,Organic Search,Delhi,1,1,1,0,0,0,0,3
U06574,2026-01-06,Desktop,Email,Hyderabad,1,1,1,0,0,0,0,9.2
U06575,2026-02-23,Mobile,Organic Search,Mumbai,1,0,0,0,0,0,0,5.4
U06576,2026-03-11,Desktop,Email,Delhi,1,1,1,1,1,1,1921.22,10.1
U06577,2026-01-23,Tablet,Email,Hyderabad,1,1,1,1,1,0,0,4.4
U06578,2026-02-27,Mobile,Social Media,Hyderabad,1,1,1,0,0,0,0,4.6
U06579,2026-01-07,Mobile,Organic Search,Pune,1,1,0,0,0,0,0,16.8
U06580,2026-01-05,Mobile,Paid Search,Delhi,1,1,1,0,0,0,0,6.6
U06581,2026-02-16,Desktop,Paid Search,Chennai,1,1,1,1,1,0,0,5.4
U06582,2026-02-17,Tablet,Email,Other,1,1,1,1,1,1,2852.46,1.7
U06583,2026-01-03,Desktop,Organic Search,Delhi,1,1,1,1,1,1,7334.23,3.3
U06584,2026-03-20,Mobile,Referral,Other,1,1,1,0,0,0,0,2.9
U06585,2026-03-13,Desktop,Referral,Other,1,1,1,1,1,0,0,4
U06586,2026-01-31,Mobile,Organic Search,Chennai,1,0,0,0,0,0,0,5.7
U06587,2026-01-23,Mobile,Email,Delhi,1,1,1,0,0,0,0,10.1
U06588,2026-03-21,Mobile,Email,Delhi,1,0,0,0,0,0,0,2.7
U06589,2026-03-20,Mobile,Email,Pune,1,1,1,0,0,0,0,8.2
U06590,2026-03-31,Desktop,Organic Search,Delhi,1,0,0,0,0,0,0,6.4
U06591,2026-02-18,Mobile,Organic Search,Hyderabad,1,0,0,0,0,0,0,14.3
U06592,2026-02-06,Mobile,Organic Search,Bengaluru,1,0,0,0,0,0,0,3
U06593,2026-01-19,Mobile,Paid Search,Bengaluru,1,1,1,1,1,1,5451.2,5.6
U06594,2026-03-14,Desktop,Referral,Pune,1,1,0,0,0,0,0,6.1
U06595,2026-02-01,Desktop,Email,Pune,1,1,0,0,0,0,0,3.4
U06596,2026-03-03,Mobile,Direct,Chennai,1,1,1,0,0,0,0,9
U06597,2026-01-20,Mobile,Organic Search,Mumbai,1,1,1,1,1,1,3523.67,13.5
U06598,2026-03-01,Mobile,Organic Search,Pune,1,0,0,0,0,0,0,9.5
U06599,2026-01-11,Tablet,Email,Bengaluru,1,1,1,0,0,0,0,7.3
U06600,2026-02-03,Mobile,Paid Search,Hyderabad,1,0,0,0,0,0,0,18.8
U06601,2026-02-22,Mobile,Paid Search,Chennai,1,1,1,0,0,0,0,9.1
U06602,2026-02-18,Mobile,Social Media,Other,1,0,0,0,0,0,0,3.3
U06603,2026-03-06,Mobile,Organic Search,Delhi,1,1,1,1,1,1,5043.74,4.5
U06604,2026-02-08,Desktop,Email,Bengaluru,1,0,0,0,0,0,0,8.2
U06605,2026-03-09,Mobile,Paid Search,Hyderabad,1,0,0,0,0,0,0,4.8
U06606,2026-02-23,Mobile,Email,Mumbai,1,0,0,0,0,0,0,12.1
U06607,2026-03-09,Mobile,Referral,Pune,1,0,0,0,0,0,0,19.9
U06608,2026-01-23,Mobile,Organic Search,Delhi,1,1,1,1,1,1,2750.86,12.7
U06609,2026-03-04,Tablet,Direct,Chennai,1,0,0,0,0,0,0,5
U06610,2026-02-26,Mobile,Social Media,Hyderabad,1,0,0,0,0,0,0,6.5
U06611,2026-03-30,Desktop,Direct,Other,1,1,0,0,0,0,0,4.3
U06612,2026-02-05,Desktop,Organic Search,Bengaluru,1,1,1,1,1,1,4965.94,10.5
U06613,2026-02-21,Mobile,Social Media,Bengaluru,1,1,1,0,0,0,0,5.8
U06614,2026-01-19,Mobile,Paid Search,Pune,1,1,0,0,0,0,0,2.7
U06615,2026-01-21,Mobile,Referral,Other,1,1,1,1,1,1,7965.78,8
U06616,2026-03-25,Desktop,Social Media,Delhi,1,1,1,0,0,0,0,6.9
U06617,2026-03-20,Mobile,Social Media,Mumbai,1,0,0,0,0,0,0,4.2
U06618,2026-02-13,Mobile,Direct,Bengaluru,1,0,0,0,0,0,0,4.9
U06619,2026-02-01,Mobile,Paid Search,Hyderabad,1,0,0,0,0,0,0,5.9
U06620,2026-02-02,Desktop,Organic Search,Hyderabad,1,1,1,0,0,0,0,6.2
U06621,2026-03-01,Mobile,Social Media,Mumbai,1,1,1,1,1,1,6162.29,7.7
U06622,2026-03-10,Mobile,Social Media,Hyderabad,1,1,1,0,0,0,0,16.8
U06623,2026-01-06,Mobile,Paid Search,Pune,1,0,0,0,0,0,0,0.5
U06624,2026-01-01,Mobile,Social Media,Hyderabad,1,0,0,0,0,0,0,1.5
U06625,2026-01-15,Desktop,Direct,Mumbai,1,1,1,1,1,0,0,9.4
U06626,2026-02-26,Mobile,Email,Mumbai,1,1,1,0,0,0,0,2.5
U06627,2026-01-01,Desktop,Organic Search,Mumbai,1,0,0,0,0,0,0,2.2
U06628,2026-01-19,Desktop,Organic Search,Bengaluru,1,0,0,0,0,0,0,9.1
U06629,2026-01-22,Mobile,Direct,Pune,1,1,0,0,0,0,0,26.3
U06630,2026-01-26,Desktop,Email,Chennai,1,1,1,1,1,1,1460.05,19.6
U06631,2026-01-06,Mobile,Direct,Delhi,1,0,0,0,0,0,0,16.3
U06632,2026-03-01,Mobile,Paid Search,Mumbai,1,0,0,0,0,0,0,11.6
U06633,2026-02-24,Desktop,Email,Hyderabad,1,1,1,0,0,0,0,9.4
U06634,2026-03-07,Mobile,Email,Mumbai,1,1,1,1,1,1,3408.16,9.6
U06635,2026-02-16,Desktop,Paid Search,Mumbai,1,0,0,0,0,0,0,4.5
U06636,2026-02-15,Mobile,Social Media,Pune,1,1,1,1,1,1,1366.3,7.2
U06637,2026-02-19,Desktop,Social Media,Pune,1,0,0,0,0,0,0,12.1
U06638,2026-03-18,Mobile,Social Media,Hyderabad,1,1,1,0,0,0,0,3.6
U06639,2026-01-21,Mobile,Referral,Hyderabad,1,1,0,0,0,0,0,4.2
U06640,2026-01-26,Mobile,Referral,Bengaluru,1,0,0,0,0,0,0,6.6
U06641,2026-01-04,Desktop,Direct,Other,1,0,0,0,0,0,0,18.9
U06642,2026-03-09,Desktop,Referral,Hyderabad,1,0,0,0,0,0,0,11.4
U06643,2026-02-22,Mobile,Social Media,Delhi,1,1,1,0,0,0,0,18.8
U06644,2026-01-29,Desktop,Paid Search,Mumbai,1,0,0,0,0,0,0,12.6
U06645,2026-01-24,Mobile,Referral,Mumbai,1,1,1,0,0,0,0,13
U06646,2026-03-02,Mobile,Social Media,Bengaluru,1,1,1,0,0,0,0,6.2
U06647,2026-03-28,Desktop,Organic Search,Bengaluru,1,1,1,0,0,0,0,15.1
U06648,2026-03-07,Desktop,Social Media,Chennai,1,1,1,0,0,0,0,9.2
U06649,2026-02-25,Desktop,Organic Search,Hyderabad,1,1,1,1,1,1,3032.06,3.8
U06650,2026-01-10,Desktop,Email,Hyderabad,1,1,1,1,0,0,0,3
U06651,2026-03-10,Mobile,Paid Search,Hyderabad,1,1,0,0,0,0,0,2.2
U06652,2026-02-23,Desktop,Paid Search,Mumbai,1,1,1,1,0,0,0,16.3
U06653,2026-01-20,Mobile,Direct,Chennai,1,0,0,0,0,0,0,5.9
U06654,2026-03-08,Mobile,Referral,Bengaluru,1,1,0,0,0,0,0,2.8
U06655,2026-02-07,Mobile,Referral,Bengaluru,1,0,0,0,0,0,0,4.7
U06656,2026-01-16,Mobile,Social Media,Bengaluru,1,1,1,0,0,0,0,10.5
U06657,2026-02-23,Mobile,Referral,Chennai,1,1,1,0,0,0,0,5.3
U06658,2026-01-03,Mobile,Referral,Bengaluru,1,0,0,0,0,0,0,8.6
U06659,2026-03-05,Mobile,Social Media,Delhi,1,0,0,0,0,0,0,13
U06660,2026-01-28,Mobile,Direct,Hyderabad,1,0,0,0,0,0,0,3.8
U06661,2026-02-27,Mobile,Organic Search,Other,1,0,0,0,0,0,0,13
U06662,2026-01-30,Mobile,Direct,Hyderabad,1,1,1,0,0,0,0,2.2
U06663,2026-02-11,Mobile,Paid Search,Other,1,1,1,0,0,0,0,12.7
U06664,2026-03-06,Desktop,Social Media,Pune,1,0,0,0,0,0,0,10.3
U06665,2026-03-16,Desktop,Organic Search,Delhi,1,0,0,0,0,0,0,1.4
U06666,2026-03-13,Desktop,Social Media,Other,1,1,1,1,0,0,0,5.7
U06667,2026-01-26,Mobile,Social Media,Hyderabad,1,0,0,0,0,0,0,7.1
U06668,2026-02-24,Desktop,Direct,Hyderabad,1,1,1,0,0,0,0,5.3
U06669,2026-02-26,Mobile,Direct,Bengaluru,1,0,0,0,0,0,0,2.3
U06670,2026-03-21,Mobile,Direct,Bengaluru,1,1,1,0,0,0,0,12.7
U06671,2026-01-13,Mobile,Paid Search,Bengaluru,1,0,0,0,0,0,0,2.4
U06672,2026-02-10,Desktop,Direct,Mumbai,1,0,0,0,0,0,0,6.4
U06673,2026-03-22,Mobile,Social Media,Hyderabad,1,0,0,0,0,0,0,13.5
U06674,2026-02-17,Mobile,Direct,Chennai,1,1,0,0,0,0,0,6.3
U06675,2026-03-26,Mobile,Organic Search,Bengaluru,1,0,0,0,0,0,0,10.1
U06676,2026-02-14,Desktop,Social Media,Mumbai,1,1,1,0,0,0,0,9.6
U06677,2026-03-21,Desktop,Direct,Other,1,0,0,0,0,0,0,11.4
U06678,2026-01-07,Mobile,Direct,Mumbai,1,0,0,0,0,0,0,2.9
U06679,2026-01-31,Mobile,Email,Chennai,1,0,0,0,0,0,0,5.8
U06680,2026-03-31,Mobile,Referral,Bengaluru,1,0,0,0,0,0,0,13.1
U06681,2026-03-21,Desktop,Organic Search,Delhi,1,0,0,0,0,0,0,4.7
U06682,2026-03-21,Mobile,Email,Hyderabad,1,0,0,0,0,0,0,4.2
U06683,2026-03-27,Desktop,Social Media,Other,1,1,1,0,0,0,0,13.9
U06684,2026-02-16,Mobile,Organic Search,Chennai,1,1,0,0,0,0,0,5.3
U06685,2026-01-17,Desktop,Organic Search,Bengaluru,1,1,1,1,1,1,4741.98,3.4
U06686,2026-02-01,Mobile,Organic Search,Other,1,0,0,0,0,0,0,3.4
U06687,2026-01-25,Mobile,Email,Other,1,0,0,0,0,0,0,3.4
U06688,2026-03-29,Mobile,Organic Search,Mumbai,1,0,0,0,0,0,0,10
U06689,2026-02-07,Mobile,Social Media,Hyderabad,1,0,0,0,0,0,0,4.2
U06690,2026-02-26,Mobile,Paid Search,Delhi,1,0,0,0,0,0,0,9.3
U06691,2026-01-09,Desktop,Social Media,Bengaluru,1,0,0,0,0,0,0,3.9
U06692,2026-03-09,Mobile,Email,Chennai,1,0,0,0,0,0,0,7.9
U06693,2026-03-11,Desktop,Email,Hyderabad,1,0,0,0,0,0,0,5.7
U06694,2026-02-14,Desktop,Social Media,Mumbai,1,0,0,0,0,0,0,7.9
U06695,2026-03-06,Mobile,Social Media,Delhi,1,0,0,0,0,0,0,8.8
U06696,2026-01-09,Desktop,Paid Search,Bengaluru,1,0,0,0,0,0,0,6.6
U06697,2026-03-06,Desktop,Direct,Other,1,1,1,0,0,0,0,4
U06698,2026-03-07,Mobile,Paid Search,Hyderabad,1,0,0,0,0,0,0,4.8
U06699,2026-03-10,Desktop,Paid Search,Hyderabad,1,0,0,0,0,0,0,1.5
U06700,2026-01-30,Mobile,Email,Mumbai,1,0,0,0,0,0,0,13.7
U06701,2026-01-11,Mobile,Paid Search,Pune,1,0,0,0,0,0,0,6.1
U06702,2026-01-18,Desktop,Referral,Other,1,1,1,0,0,0,0,2.6
U06703,2026-02-03,Mobile,Paid Search,Delhi,1,0,0,0,0,0,0,8.5
U06704,2026-02-17,Mobile,Email,Hyderabad,1,0,0,0,0,0,0,5.7
U06705,2026-01-06,Mobile,Organic Search,Other,1,1,1,0,0,0,0,8.1
U06706,2026-01-25,Desktop,Paid Search,Other,1,1,1,1,1,0,0,13.2
U06707,2026-01-25,Tablet,Paid Search,Hyderabad,1,1,1,1,1,1,2061.04,4.9
U06708,2026-03-13,Mobile,Referral,Mumbai,1,1,1,0,0,0,0,5.9
U06709,2026-03-30,Desktop,Direct,Mumbai,1,0,0,0,0,0,0,4
U06710,2026-01-19,Desktop,Social Media,Chennai,1,0,0,0,0,0,0,12.9
U06711,2026-03-03,Mobile,Referral,Other,1,1,1,0,0,0,0,3.3
U06712,2026-02-02,Mobile,Email,Hyderabad,1,1,1,1,1,0,0,4.8
U06713,2026-02-07,Desktop,Direct,Mumbai,1,1,1,0,0,0,0,6.8
U06714,2026-02-23,Desktop,Referral,Bengaluru,1,0,0,0,0,0,0,10.2
U06715,2026-01-27,Desktop,Organic Search,Mumbai,1,0,0,0,0,0,0,6.5
U06716,2026-02-02,Mobile,Email,Delhi,1,1,1,1,1,1,3541.12,27.8
U06717,2026-03-31,Mobile,Social Media,Bengaluru,1,0,0,0,0,0,0,5.4
U06718,2026-02-19,Mobile,Organic Search,Chennai,1,0,0,0,0,0,0,8.9
U06719,2026-01-16,Mobile,Paid Search,Other,1,1,0,0,0,0,0,4
U06720,2026-02-20,Mobile,Direct,Delhi,1,0,0,0,0,0,0,7.4
U06721,2026-01-26,Desktop,Direct,Mumbai,1,1,1,0,0,0,0,14.2
U06722,2026-02-19,Mobile,Referral,Bengaluru,1,1,1,0,0,0,0,9.9
U06723,2026-01-31,Desktop,Direct,Chennai,1,0,0,0,0,0,0,8.9
U06724,2026-03-02,Mobile,Referral,Delhi,1,1,0,0,0,0,0,13
U06725,2026-02-04,Mobile,Organic Search,Pune,1,1,1,0,0,0,0,5.7
U06726,2026-03-09,Mobile,Paid Search,Bengaluru,1,0,0,0,0,0,0,4.6
U06727,2026-01-08,Mobile,Organic Search,Delhi,1,0,0,0,0,0,0,8.3
U06728,2026-03-11,Mobile,Organic Search,Hyderabad,1,0,0,0,0,0,0,13.6
U06729,2026-03-21,Tablet,Organic Search,Hyderabad,1,1,1,1,1,1,2835.92,5.1
U06730,2026-01-16,Desktop,Social Media,Mumbai,1,0,0,0,0,0,0,4.5
U06731,2026-02-18,Mobile,Referral,Bengaluru,1,0,0,0,0,0,0,3.2
U06732,2026-03-19,Mobile,Direct,Hyderabad,1,0,0,0,0,0,0,6.6
U06733,2026-01-06,Tablet,Social Media,Delhi,1,0,0,0,0,0,0,4.2
U06734,2026-03-02,Mobile,Direct,Chennai,1,0,0,0,0,0,0,5.3
U06735,2026-03-23,Mobile,Social Media,Delhi,1,0,0,0,0,0,0,13
U06736,2026-02-23,Mobile,Direct,Delhi,1,0,0,0,0,0,0,4
U06737,2026-02-23,Tablet,Social Media,Delhi,1,1,1,1,1,1,3401.92,5.6
U06738,2026-02-13,Mobile,Paid Search,Bengaluru,1,1,1,0,0,0,0,4.8
U06739,2026-02-02,Mobile,Direct,Bengaluru,1,1,1,0,0,0,0,10.6
U06740,2026-02-01,Tablet,Paid Search,Mumbai,1,0,0,0,0,0,0,7.6
U06741,2026-03-20,Mobile,Social Media,Bengaluru,1,1,0,0,0,0,0,3.2
U06742,2026-01-26,Mobile,Paid Search,Pune,1,0,0,0,0,0,0,7.6
U06743,2026-01-03,Mobile,Email,Mumbai,1,0,0,0,0,0,0,16.4
U06744,2026-02-04,Desktop,Direct,Bengaluru,1,0,0,0,0,0,0,10.9
U06745,2026-01-26,Mobile,Organic Search,Mumbai,1,0,0,0,0,0,0,2.3
U06746,2026-03-12,Tablet,Direct,Other,1,0,0,0,0,0,0,12.4
U06747,2026-03-07,Desktop,Organic Search,Hyderabad,1,0,0,0,0,0,0,17.8
U06748,2026-01-29,Mobile,Paid Search,Hyderabad,1,0,0,0,0,0,0,5.6
U06749,2026-02-14,Tablet,Organic Search,Pune,1,1,1,1,0,0,0,2.6
U06750,2026-01-21,Mobile,Referral,Hyderabad,1,0,0,0,0,0,0,7.6
U06751,2026-03-09,Mobile,Organic Search,Hyderabad,1,1,1,0,0,0,0,7.7
U06752,2026-01-14,Mobile,Social Media,Bengaluru,1,0,0,0,0,0,0,5.8
U06753,2026-03-11,Mobile,Paid Search,Chennai,1,1,0,0,0,0,0,4.8
U06754,2026-03-24,Mobile,Organic Search,Mumbai,1,1,1,1,1,0,0,11.9
U06755,2026-03-02,Mobile,Referral,Chennai,1,0,0,0,0,0,0,3.7
U06756,2026-01-10,Mobile,Organic Search,Other,1,1,1,0,0,0,0,10.3
U06757,2026-01-07,Desktop,Organic Search,Delhi,1,1,1,1,1,0,0,15.1
U06758,2026-03-03,Mobile,Paid Search,Other,1,0,0,0,0,0,0,7.9
U06759,2026-03-31,Tablet,Social Media,Chennai,1,0,0,0,0,0,0,20.8
U06760,2026-02-14,Mobile,Email,Hyderabad,1,0,0,0,0,0,0,2.4
U06761,2026-02-01,Mobile,Organic Search,Other,1,1,1,1,1,1,2950.48,0.7
U06762,2026-02-21,Mobile,Organic Search,Hyderabad,1,0,0,0,0,0,0,7.8
U06763,2026-03-21,Mobile,Paid Search,Delhi,1,1,1,0,0,0,0,6.5
U06764,2026-01-25,Mobile,Paid Search,Hyderabad,1,1,1,1,0,0,0,4.8
U06765,2026-03-29,Desktop,Direct,Delhi,1,0,0,0,0,0,0,6.7
U06766,2026-02-10,Desktop,Referral,Other,1,1,1,1,1,1,2666.06,1
U06767,2026-03-29,Tablet,Social Media,Chennai,1,1,1,0,0,0,0,5.4
U06768,2026-02-14,Mobile,Paid Search,Bengaluru,1,0,0,0,0,0,0,7.9
U06769,2026-01-02,Desktop,Email,Bengaluru,1,0,0,0,0,0,0,5.8
U06770,2026-01-04,Mobile,Referral,Chennai,1,1,0,0,0,0,0,8.8
U06771,2026-03-31,Mobile,Social Media,Hyderabad,1,0,0,0,0,0,0,3.7
U06772,2026-01-10,Desktop,Referral,Delhi,1,1,1,0,0,0,0,6.1
U06773,2026-03-21,Desktop,Email,Bengaluru,1,0,0,0,0,0,0,7
U06774,2026-01-21,Mobile,Social Media,Bengaluru,1,0,0,0,0,0,0,18.1
U06775,2026-01-05,Mobile,Paid Search,Chennai,1,1,1,0,0,0,0,5.8
U06776,2026-02-14,Mobile,Email,Mumbai,1,0,0,0,0,0,0,7.8
U06777,2026-02-17,Desktop,Organic Search,Hyderabad,1,0,0,0,0,0,0,1.4
U06778,2026-01-06,Mobile,Referral,Delhi,1,1,0,0,0,0,0,6.3
U06779,2026-01-26,Tablet,Referral,Pune,1,1,1,1,1,1,5098.39,2.7
U06780,2026-01-19,Mobile,Referral,Bengaluru,1,0,0,0,0,0,0,5.8
U06781,2026-02-19,Mobile,Social Media,Hyderabad,1,1,1,0,0,0,0,5.8
U06782,2026-02-12,Mobile,Organic Search,Delhi,1,0,0,0,0,0,0,4.3
U06783,2026-03-20,Mobile,Organic Search,Hyderabad,1,1,1,0,0,0,0,1.9
U06784,2026-01-23,Mobile,Email,Hyderabad,1,0,0,0,0,0,0,12.6
U06785,2026-02-10,Desktop,Direct,Mumbai,1,0,0,0,0,0,0,11.1
U06786,2026-03-24,Desktop,Email,Bengaluru,1,1,1,0,0,0,0,19.2
U06787,2026-01-14,Tablet,Organic Search,Hyderabad,1,1,0,0,0,0,0,2.2
U06788,2026-01-18,Desktop,Direct,Other,1,1,1,0,0,0,0,9.1
U06789,2026-01-21,Desktop,Direct,Bengaluru,1,0,0,0,0,0,0,7.6
U06790,2026-03-30,Mobile,Paid Search,Other,1,1,1,0,0,0,0,9.7
U06791,2026-03-08,Desktop,Social Media,Hyderabad,1,0,0,0,0,0,0,9.4
U06792,2026-03-22,Mobile,Referral,Pune,1,0,0,0,0,0,0,12.9
U06793,2026-01-15,Mobile,Email,Chennai,1,1,1,0,0,0,0,6.7
U06794,2026-01-14,Mobile,Direct,Hyderabad,1,0,0,0,0,0,0,7.6
U06795,2026-02-05,Mobile,Organic Search,Delhi,1,0,0,0,0,0,0,6.8
U06796,2026-01-15,Mobile,Social Media,Pune,1,1,0,0,0,0,0,4.7
U06797,2026-03-27,Tablet,Email,Hyderabad,1,1,1,0,0,0,0,7.5
U06798,2026-03-18,Mobile,Direct,Delhi,1,1,1,1,1,0,0,2.2
U06799,2026-01-16,Mobile,Direct,Chennai,1,0,0,0,0,0,0,5.9
U06800,2026-01-17,Mobile,Direct,Delhi,1,0,0,0,0,0,0,3.5
U06801,2026-03-22,Mobile,Social Media,Delhi,1,0,0,0,0,0,0,6.8
U06802,2026-01-06,Mobile,Referral,Hyderabad,1,0,0,0,0,0,0,11
U06803,2026-02-06,Mobile,Paid Search,Hyderabad,1,0,0,0,0,0,0,6
U06804,2026-01-28,Mobile,Paid Search,Chennai,1,0,0,0,0,0,0,4.8
U06805,2026-03-29,Mobile,Paid Search,Other,1,0,0,0,0,0,0,5.9
U06806,2026-03-13,Desktop,Referral,Bengaluru,1,0,0,0,0,0,0,3.9
U06807,2026-01-24,Desktop,Direct,Mumbai,1,1,1,1,0,0,0,1.8
U06808,2026-03-09,Mobile,Paid Search,Hyderabad,1,0,0,0,0,0,0,6.5
U06809,2026-03-08,Mobile,Organic Search,Delhi,1,1,0,0,0,0,0,5.1
U06810,2026-02-07,Mobile,Referral,Mumbai,1,0,0,0,0,0,0,4.6
U06811,2026-02-27,Desktop,Social Media,Delhi,1,0,0,0,0,0,0,7.1
U06812,2026-03-29,Mobile,Direct,Other,1,1,1,0,0,0,0,7.9
U06813,2026-01-23,Mobile,Paid Search,Hyderabad,1,0,0,0,0,0,0,7.1
U06814,2026-03-26,Desktop,Organic Search,Bengaluru,1,0,0,0,0,0,0,10.9
U06815,2026-01-20,Mobile,Social Media,Other,1,1,1,1,1,1,5199.7,5.2
U06816,2026-03-08,Mobile,Organic Search,Hyderabad,1,0,0,0,0,0,0,4.1
U06817,2026-03-24,Mobile,Paid Search,Delhi,1,1,1,0,0,0,0,14.8
U06818,2026-02-09,Tablet,Organic Search,Delhi,1,1,1,1,1,0,0,3.6
U06819,2026-01-01,Desktop,Organic Search,Delhi,1,0,0,0,0,0,0,0.7
U06820,2026-01-21,Desktop,Organic Search,Bengaluru,1,0,0,0,0,0,0,5.1
U06821,2026-02-19,Mobile,Direct,Bengaluru,1,1,1,0,0,0,0,4.4
U06822,2026-01-10,Mobile,Paid Search,Delhi,1,1,0,0,0,0,0,12.7
U06823,2026-01-30,Tablet,Paid Search,Hyderabad,1,1,1,0,0,0,0,10.5
U06824,2026-01-29,Tablet,Direct,Delhi,1,1,1,0,0,0,0,2
U06825,2026-01-03,Mobile,Email,Chennai,1,0,0,0,0,0,0,19.3
U06826,2026-01-12,Desktop,Social Media,Chennai,1,0,0,0,0,0,0,19.9
U06827,2026-03-10,Mobile,Email,Bengaluru,1,1,1,1,1,0,0,7.3
U06828,2026-03-25,Mobile,Referral,Other,1,0,0,0,0,0,0,0.6
U06829,2026-02-13,Desktop,Direct,Chennai,1,1,0,0,0,0,0,2.7
U06830,2026-03-18,Mobile,Email,Mumbai,1,1,0,0,0,0,0,23.4
U06831,2026-01-03,Tablet,Direct,Other,1,1,1,1,0,0,0,5.9
U06832,2026-01-18,Mobile,Social Media,Mumbai,1,0,0,0,0,0,0,13.3
U06833,2026-02-27,Mobile,Paid Search,Other,1,1,1,1,1,1,3435.31,4
U06834,2026-03-13,Desktop,Direct,Hyderabad,1,0,0,0,0,0,0,7.7
U06835,2026-02-08,Desktop,Social Media,Pune,1,1,0,0,0,0,0,6.7
U06836,2026-02-26,Mobile,Direct,Bengaluru,1,1,1,1,1,1,2579.18,10.4
U06837,2026-01-15,Mobile,Organic Search,Pune,1,0,0,0,0,0,0,2.8
U06838,2026-01-17,Mobile,Paid Search,Pune,1,0,0,0,0,0,0,2.1
U06839,2026-01-16,Mobile,Direct,Bengaluru,1,1,1,1,1,1,2441.07,5.4
U06840,2026-02-11,Tablet,Organic Search,Chennai,1,0,0,0,0,0,0,0.7
U06841,2026-03-05,Desktop,Direct,Delhi,1,0,0,0,0,0,0,3
U06842,2026-01-04,Mobile,Direct,Hyderabad,1,1,1,0,0,0,0,4.8
U06843,2026-01-22,Mobile,Direct,Delhi,1,1,0,0,0,0,0,11.8
U06844,2026-03-11,Mobile,Social Media,Hyderabad,1,1,1,0,0,0,0,4
U06845,2026-03-20,Desktop,Email,Other,1,0,0,0,0,0,0,3.1
U06846,2026-03-10,Mobile,Direct,Bengaluru,1,1,1,1,0,0,0,7.4
U06847,2026-01-15,Mobile,Referral,Mumbai,1,1,1,0,0,0,0,14.4
U06848,2026-01-29,Mobile,Email,Hyderabad,1,0,0,0,0,0,0,3.5
U06849,2026-03-25,Mobile,Direct,Bengaluru,1,1,1,0,0,0,0,36.3
U06850,2026-03-24,Mobile,Email,Chennai,1,0,0,0,0,0,0,2.7
U06851,2026-03-08,Mobile,Direct,Chennai,1,0,0,0,0,0,0,1.4
U06852,2026-03-01,Tablet,Organic Search,Hyderabad,1,0,0,0,0,0,0,9.6
U06853,2026-02-01,Desktop,Organic Search,Pune,1,0,0,0,0,0,0,7.8
U06854,2026-02-02,Desktop,Social Media,Hyderabad,1,1,1,0,0,0,0,1.2
U06855,2026-03-24,Mobile,Paid Search,Delhi,1,0,0,0,0,0,0,3
U06856,2026-01-01,Mobile,Referral,Chennai,1,1,0,0,0,0,0,3.4
U06857,2026-03-21,Desktop,Organic Search,Mumbai,1,1,1,0,0,0,0,5
U06858,2026-03-06,Mobile,Direct,Bengaluru,1,0,0,0,0,0,0,13.2
U06859,2026-01-26,Desktop,Paid Search,Mumbai,1,0,0,0,0,0,0,9.4
U06860,2026-02-12,Desktop,Paid Search,Mumbai,1,0,0,0,0,0,0,3.2
U06861,2026-01-27,Mobile,Paid Search,Hyderabad,1,0,0,0,0,0,0,11.2
U06862,2026-02-27,Desktop,Social Media,Bengaluru,1,0,0,0,0,0,0,2.4
U06863,2026-02-23,Tablet,Organic Search,Hyderabad,1,1,1,1,1,1,4757.94,6.5
U06864,2026-02-15,Mobile,Organic Search,Hyderabad,1,1,1,1,1,1,3271.14,5.9
U06865,2026-01-25,Mobile,Email,Hyderabad,1,1,1,0,0,0,0,3.9
U06866,2026-01-19,Mobile,Organic Search,Bengaluru,1,1,0,0,0,0,0,6.5
U06867,2026-01-09,Mobile,Organic Search,Delhi,1,1,0,0,0,0,0,20.3
U06868,2026-01-30,Mobile,Referral,Bengaluru,1,0,0,0,0,0,0,4.3
U06869,2026-02-14,Mobile,Organic Search,Bengaluru,1,1,1,1,0,0,0,2.9
U06870,2026-02-24,Tablet,Paid Search,Hyderabad,1,0,0,0,0,0,0,7.5
U06871,2026-01-11,Mobile,Organic Search,Mumbai,1,1,1,0,0,0,0,7.3
U06872,2026-02-04,Mobile,Paid Search,Bengaluru,1,1,0,0,0,0,0,5.2
U06873,2026-01-17,Desktop,Email,Delhi,1,1,1,0,0,0,0,9.8
U06874,2026-02-27,Mobile,Organic Search,Delhi,1,1,1,0,0,0,0,2.9
U06875,2026-01-28,Desktop,Direct,Mumbai,1,0,0,0,0,0,0,19.4
U06876,2026-01-02,Mobile,Direct,Bengaluru,1,0,0,0,0,0,0,5.2
U06877,2026-03-18,Mobile,Organic Search,Chennai,1,0,0,0,0,0,0,0.7
U06878,2026-01-21,Mobile,Direct,Bengaluru,1,0,0,0,0,0,0,11.2
U06879,2026-02-11,Desktop,Paid Search,Other,1,1,0,0,0,0,0,8.3
U06880,2026-03-28,Mobile,Organic Search,Delhi,1,0,0,0,0,0,0,3.3
U06881,2026-03-08,Desktop,Organic Search,Chennai,1,1,1,0,0,0,0,3.7
U06882,2026-03-17,Mobile,Paid Search,Other,1,1,0,0,0,0,0,11.2
U06883,2026-01-19,Mobile,Social Media,Mumbai,1,0,0,0,0,0,0,8.2
U06884,2026-01-05,Mobile,Paid Search,Bengaluru,1,0,0,0,0,0,0,5.7
U06885,2026-02-03,Tablet,Referral,Hyderabad,1,0,0,0,0,0,0,2.4
U06886,2026-02-20,Tablet,Email,Mumbai,1,1,1,0,0,0,0,5.5
U06887,2026-02-11,Mobile,Paid Search,Pune,1,1,1,1,0,0,0,1.8
U06888,2026-02-12,Mobile,Email,Pune,1,0,0,0,0,0,0,8.4
U06889,2026-02-02,Mobile,Direct,Mumbai,1,0,0,0,0,0,0,0.8
U06890,2026-03-14,Mobile,Organic Search,Chennai,1,0,0,0,0,0,0,1.9
U06891,2026-03-08,Mobile,Paid Search,Mumbai,1,0,0,0,0,0,0,11.5
U06892,2026-01-21,Desktop,Social Media,Delhi,1,1,1,0,0,0,0,8.2
U06893,2026-01-19,Tablet,Social Media,Chennai,1,1,1,1,0,0,0,6.2
U06894,2026-03-31,Mobile,Social Media,Chennai,1,0,0,0,0,0,0,10.3
U06895,2026-03-04,Mobile,Paid Search,Delhi,1,1,1,0,0,0,0,13.5
U06896,2026-03-08,Desktop,Email,Pune,1,0,0,0,0,0,0,6.8
U06897,2026-01-11,Desktop,Email,Delhi,1,0,0,0,0,0,0,3.7
U06898,2026-01-25,Mobile,Social Media,Hyderabad,1,1,1,1,1,1,3428.1,8.2
U06899,2026-03-04,Mobile,Organic Search,Hyderabad,1,0,0,0,0,0,0,4.7
U06900,2026-02-08,Mobile,Social Media,Pune,1,0,0,0,0,0,0,14.1
U06901,2026-03-15,Mobile,Paid Search,Pune,1,1,1,1,1,1,3266.54,11.9
U06902,2026-03-01,Mobile,Social Media,Chennai,1,0,0,0,0,0,0,7.9
U06903,2026-02-14,Mobile,Direct,Mumbai,1,0,0,0,0,0,0,0.5
U06904,2026-01-01,Desktop,Social Media,Other,1,1,1,1,0,0,0,9.4
U06905,2026-02-16,Mobile,Organic Search,Other,1,0,0,0,0,0,0,9.4
U06906,2026-02-19,Mobile,Paid Search,Delhi,1,0,0,0,0,0,0,3.4
U06907,2026-03-12,Mobile,Referral,Bengaluru,1,0,0,0,0,0,0,10
U06908,2026-01-17,Desktop,Referral,Delhi,1,1,1,0,0,0,0,10.9
U06909,2026-01-31,Desktop,Social Media,Hyderabad,1,0,0,0,0,0,0,3.8
U06910,2026-01-27,Mobile,Organic Search,Pune,1,1,1,0,0,0,0,17.1
U06911,2026-01-31,Mobile,Social Media,Hyderabad,1,1,1,1,1,1,2564.35,1.8
U06912,2026-03-31,Tablet,Social Media,Delhi,1,0,0,0,0,0,0,3.5
U06913,2026-01-18,Mobile,Direct,Mumbai,1,1,0,0,0,0,0,3.8
U06914,2026-03-14,Mobile,Email,Delhi,1,0,0,0,0,0,0,2.4
U06915,2026-03-28,Mobile,Email,Mumbai,1,0,0,0,0,0,0,8
U06916,2026-03-12,Mobile,Social Media,Hyderabad,1,1,1,1,0,0,0,8.3
U06917,2026-02-17,Mobile,Paid Search,Delhi,1,1,1,0,0,0,0,4.7
U06918,2026-01-26,Desktop,Referral,Chennai,1,0,0,0,0,0,0,4.9
U06919,2026-03-26,Mobile,Social Media,Bengaluru,1,0,0,0,0,0,0,3
U06920,2026-01-29,Mobile,Direct,Other,1,0,0,0,0,0,0,4.6
U06921,2026-02-25,Tablet,Social Media,Mumbai,1,0,0,0,0,0,0,1.2
U06922,2026-02-27,Mobile,Organic Search,Delhi,1,0,0,0,0,0,0,8.1
U06923,2026-03-09,Mobile,Email,Mumbai,1,1,1,1,1,0,0,3.7
U06924,2026-01-31,Mobile,Organic Search,Delhi,1,0,0,0,0,0,0,10.7
U06925,2026-03-16,Mobile,Paid Search,Delhi,1,0,0,0,0,0,0,5
U06926,2026-02-15,Mobile,Paid Search,Mumbai,1,0,0,0,0,0,0,8.7
U06927,2026-01-13,Mobile,Email,Other,1,1,1,0,0,0,0,5.2
U06928,2026-03-06,Desktop,Social Media,Chennai,1,0,0,0,0,0,0,15.5
U06929,2026-03-25,Desktop,Organic Search,Delhi,1,0,0,0,0,0,0,8.5
U06930,2026-02-03,Desktop,Social Media,Delhi,1,0,0,0,0,0,0,4.9
U06931,2026-01-31,Mobile,Paid Search,Bengaluru,1,1,1,0,0,0,0,5
U06932,2026-02-11,Mobile,Direct,Chennai,1,0,0,0,0,0,0,21.3
U06933,2026-03-02,Mobile,Social Media,Other,1,0,0,0,0,0,0,3.8
U06934,2026-03-31,Mobile,Email,Hyderabad,1,0,0,0,0,0,0,8.4
U06935,2026-03-03,Tablet,Organic Search,Bengaluru,1,0,0,0,0,0,0,10.5
U06936,2026-01-15,Mobile,Referral,Chennai,1,0,0,0,0,0,0,5.6
U06937,2026-01-27,Mobile,Email,Hyderabad,1,0,0,0,0,0,0,4.2
U06938,2026-02-11,Desktop,Direct,Pune,1,0,0,0,0,0,0,1.6
U06939,2026-03-05,Mobile,Organic Search,Bengaluru,1,1,1,0,0,0,0,11.2
U06940,2026-02-08,Mobile,Paid Search,Bengaluru,1,0,0,0,0,0,0,4.7
U06941,2026-01-01,Desktop,Email,Pune,1,1,0,0,0,0,0,11.3
U06942,2026-03-14,Desktop,Organic Search,Bengaluru,1,0,0,0,0,0,0,7.8
U06943,2026-03-17,Desktop,Paid Search,Mumbai,1,1,1,1,0,0,0,3.5
U06944,2026-01-09,Mobile,Direct,Pune,1,1,0,0,0,0,0,12.4
U06945,2026-03-09,Mobile,Paid Search,Delhi,1,1,0,0,0,0,0,13.8
U06946,2026-01-31,Desktop,Direct,Delhi,1,1,1,0,0,0,0,3.5
U06947,2026-02-18,Mobile,Organic Search,Hyderabad,1,0,0,0,0,0,0,0.8
U06948,2026-02-09,Mobile,Email,Hyderabad,1,1,1,0,0,0,0,3.1
U06949,2026-01-03,Desktop,Social Media,Bengaluru,1,0,0,0,0,0,0,4.8
U06950,2026-01-17,Mobile,Social Media,Hyderabad,1,1,1,0,0,0,0,12.6
U06951,2026-02-03,Desktop,Direct,Chennai,1,0,0,0,0,0,0,5.8
U06952,2026-02-11,Mobile,Organic Search,Chennai,1,0,0,0,0,0,0,7.3
U06953,2026-02-01,Mobile,Direct,Mumbai,1,1,1,0,0,0,0,1.3
U06954,2026-02-08,Mobile,Email,Bengaluru,1,0,0,0,0,0,0,5.8
U06955,2026-02-23,Desktop,Paid Search,Chennai,1,1,0,0,0,0,0,4.6
U06956,2026-02-12,Mobile,Direct,Bengaluru,1,1,1,0,0,0,0,8.5
U06957,2026-03-07,Mobile,Paid Search,Hyderabad,1,0,0,0,0,0,0,2.2
U06958,2026-01-11,Desktop,Referral,Mumbai,1,0,0,0,0,0,0,3.6
U06959,2026-01-08,Desktop,Paid Search,Delhi,1,0,0,0,0,0,0,7.7
U06960,2026-02-04,Tablet,Direct,Pune,1,1,1,0,0,0,0,2.2
U06961,2026-01-27,Mobile,Email,Pune,1,1,1,0,0,0,0,2.5
U06962,2026-03-14,Mobile,Organic Search,Delhi,1,1,1,1,1,1,2651.73,4
U06963,2026-03-14,Tablet,Email,Delhi,1,1,1,1,1,0,0,13.9
U06964,2026-01-17,Desktop,Organic Search,Hyderabad,1,0,0,0,0,0,0,5.7
U06965,2026-01-02,Mobile,Paid Search,Hyderabad,1,0,0,0,0,0,0,0.7
U06966,2026-01-22,Mobile,Organic Search,Pune,1,0,0,0,0,0,0,18.6
U06967,2026-03-02,Desktop,Organic Search,Bengaluru,1,1,0,0,0,0,0,4.6
U06968,2026-03-22,Mobile,Organic Search,Bengaluru,1,0,0,0,0,0,0,11.6
U06969,2026-01-02,Desktop,Social Media,Hyderabad,1,1,1,0,0,0,0,0.9
U06970,2026-03-29,Mobile,Social Media,Hyderabad,1,1,1,1,1,1,3701.31,4
U06971,2026-03-31,Mobile,Social Media,Delhi,1,0,0,0,0,0,0,1.7
U06972,2026-01-17,Mobile,Organic Search,Bengaluru,1,0,0,0,0,0,0,4.9
U06973,2026-03-08,Mobile,Email,Chennai,1,0,0,0,0,0,0,4
U06974,2026-01-22,Mobile,Email,Hyderabad,1,1,1,1,1,0,0,5.4
U06975,2026-02-02,Mobile,Paid Search,Delhi,1,0,0,0,0,0,0,12.2
U06976,2026-02-24,Mobile,Direct,Delhi,1,0,0,0,0,0,0,12.1
U06977,2026-03-11,Desktop,Email,Bengaluru,1,1,0,0,0,0,0,5.9
U06978,2026-02-23,Desktop,Email,Delhi,1,0,0,0,0,0,0,6.2
U06979,2026-02-11,Desktop,Paid Search,Bengaluru,1,0,0,0,0,0,0,14.1
U06980,2026-02-09,Mobile,Organic Search,Delhi,1,1,1,0,0,0,0,15.4
U06981,2026-03-17,Mobile,Direct,Delhi,1,1,1,0,0,0,0,5.8
U06982,2026-01-17,Mobile,Referral,Other,1,0,0,0,0,0,0,5.9
U06983,2026-02-02,Tablet,Organic Search,Bengaluru,1,0,0,0,0,0,0,16.5
U06984,2026-02-08,Desktop,Paid Search,Hyderabad,1,0,0,0,0,0,0,4.7
U06985,2026-01-25,Desktop,Email,Bengaluru,1,1,1,1,1,1,1648.54,10.3
U06986,2026-02-27,Mobile,Email,Hyderabad,1,0,0,0,0,0,0,1.9
U06987,2026-03-19,Mobile,Direct,Hyderabad,1,1,1,0,0,0,0,13.3
U06988,2026-02-15,Mobile,Organic Search,Bengaluru,1,0,0,0,0,0,0,3.7
U06989,2026-01-06,Mobile,Paid Search,Chennai,1,0,0,0,0,0,0,2.2
U06990,2026-02-03,Mobile,Organic Search,Other,1,0,0,0,0,0,0,5.6
U06991,2026-01-12,Tablet,Paid Search,Hyderabad,1,1,1,0,0,0,0,5.2
U06992,2026-02-17,Mobile,Organic Search,Other,1,1,0,0,0,0,0,1.7
U06993,2026-02-19,Mobile,Direct,Pune,1,0,0,0,0,0,0,2.9
U06994,2026-01-21,Mobile,Social Media,Pune,1,1,1,0,0,0,0,2.3
U06995,2026-02-15,Tablet,Referral,Other,1,0,0,0,0,0,0,1.7
U06996,2026-02-08,Mobile,Organic Search,Delhi,1,0,0,0,0,0,0,5.7
U06997,2026-02-28,Desktop,Organic Search,Delhi,1,0,0,0,0,0,0,4
U06998,2026-01-09,Desktop,Paid Search,Chennai,1,0,0,0,0,0,0,6.8
U06999,2026-03-18,Mobile,Paid Search,Mumbai,1,0,0,0,0,0,0,13.9
U07000,2026-03-18,Desktop,Referral,Other,1,0,0,0,0,0,0,2.2
U07001,2026-01-19,Mobile,Paid Search,Bengaluru,1,0,0,0,0,0,0,1.8
U07002,2026-01-07,Mobile,Organic Search,Hyderabad,1,0,0,0,0,0,0,6.9
U07003,2026-03-16,Desktop,Organic Search,Delhi,1,0,0,0,0,0,0,12.4
U07004,2026-03-15,Desktop,Organic Search,Mumbai,1,1,1,0,0,0,0,8.8
U07005,2026-03-19,Mobile,Referral,Pune,1,1,0,0,0,0,0,13.8
U07006,2026-03-16,Mobile,Paid Search,Hyderabad,1,1,1,0,0,0,0,6.8
U07007,2026-02-22,Mobile,Email,Mumbai,1,0,0,0,0,0,0,4.8
U07008,2026-01-21,Mobile,Email,Bengaluru,1,0,0,0,0,0,0,6
U07009,2026-02-24,Mobile,Organic Search,Other,1,1,1,1,0,0,0,3.8
U07010,2026-02-10,Mobile,Organic Search,Hyderabad,1,1,1,0,0,0,0,4.9
U07011,2026-02-08,Mobile,Referral,Pune,1,0,0,0,0,0,0,10.2
U07012,2026-03-16,Desktop,Email,Hyderabad,1,1,1,1,1,1,4175.35,4.5
U07013,2026-01-27,Mobile,Paid Search,Hyderabad,1,1,0,0,0,0,0,5.5
U07014,2026-02-10,Mobile,Organic Search,Bengaluru,1,1,0,0,0,0,0,2.9
U07015,2026-03-02,Mobile,Organic Search,Bengaluru,1,1,1,0,0,0,0,3.2
U07016,2026-01-24,Desktop,Paid Search,Mumbai,1,1,1,1,1,1,1669.82,2.1
U07017,2026-03-06,Mobile,Organic Search,Hyderabad,1,1,0,0,0,0,0,3.3
U07018,2026-03-01,Mobile,Organic Search,Chennai,1,0,0,0,0,0,0,8.9
U07019,2026-03-19,Mobile,Paid Search,Bengaluru,1,0,0,0,0,0,0,8
U07020,2026-02-19,Desktop,Organic Search,Pune,1,0,0,0,0,0,0,3.7
U07021,2026-02-27,Mobile,Organic Search,Hyderabad,1,0,0,0,0,0,0,10.6
U07022,2026-01-10,Desktop,Direct,Bengaluru,1,0,0,0,0,0,0,3.7
U07023,2026-01-11,Tablet,Social Media,Mumbai,1,0,0,0,0,0,0,3.5
U07024,2026-02-27,Desktop,Direct,Other,1,0,0,0,0,0,0,6.7
U07025,2026-03-20,Mobile,Paid Search,Pune,1,1,1,0,0,0,0,21.9
U07026,2026-02-05,Mobile,Email,Pune,1,0,0,0,0,0,0,3.5
U07027,2026-03-06,Mobile,Organic Search,Hyderabad,1,0,0,0,0,0,0,8.4
U07028,2026-03-27,Tablet,Social Media,Pune,1,0,0,0,0,0,0,4.2
U07029,2026-03-15,Mobile,Organic Search,Delhi,1,1,1,1,1,1,1551.02,3.8
U07030,2026-01-30,Mobile,Organic Search,Other,1,1,1,0,0,0,0,2.5
U07031,2026-03-29,Desktop,Direct,Bengaluru,1,0,0,0,0,0,0,7.7
U07032,2026-01-07,Mobile,Social Media,Other,1,1,0,0,0,0,0,2.3
U07033,2026-01-12,Mobile,Direct,Chennai,1,0,0,0,0,0,0,5.3
U07034,2026-02-06,Mobile,Paid Search,Mumbai,1,1,0,0,0,0,0,12.7
U07035,2026-03-19,Mobile,Paid Search,Chennai,1,0,0,0,0,0,0,4.5
U07036,2026-03-22,Desktop,Paid Search,Chennai,1,0,0,0,0,0,0,3.5
U07037,2026-01-09,Mobile,Email,Mumbai,1,0,0,0,0,0,0,7.5
U07038,2026-02-16,Mobile,Social Media,Bengaluru,1,0,0,0,0,0,0,5.8
U07039,2026-03-29,Mobile,Direct,Delhi,1,1,1,0,0,0,0,7.2
U07040,2026-03-15,Desktop,Organic Search,Mumbai,1,1,1,1,0,0,0,5.8
U07041,2026-03-31,Desktop,Email,Delhi,1,0,0,0,0,0,0,13.4
U07042,2026-01-04,Mobile,Paid Search,Bengaluru,1,0,0,0,0,0,0,7.1
U07043,2026-03-09,Desktop,Organic Search,Other,1,0,0,0,0,0,0,4.8
U07044,2026-03-20,Mobile,Social Media,Delhi,1,0,0,0,0,0,0,3.7
U07045,2026-03-20,Tablet,Social Media,Hyderabad,1,1,1,0,0,0,0,4.5
U07046,2026-02-26,Mobile,Organic Search,Delhi,1,0,0,0,0,0,0,22.6
U07047,2026-03-17,Desktop,Organic Search,Hyderabad,1,0,0,0,0,0,0,2.6
U07048,2026-01-31,Mobile,Paid Search,Hyderabad,1,1,1,1,0,0,0,21.5
U07049,2026-02-11,Mobile,Paid Search,Mumbai,1,0,0,0,0,0,0,10
U07050,2026-03-03,Mobile,Paid Search,Mumbai,1,0,0,0,0,0,0,2.2
U07051,2026-01-12,Desktop,Organic Search,Hyderabad,1,0,0,0,0,0,0,9.7
U07052,2026-01-10,Mobile,Organic Search,Bengaluru,1,1,1,0,0,0,0,6.4
U07053,2026-02-22,Tablet,Direct,Other,1,1,1,0,0,0,0,5.8
U07054,2026-01-20,Mobile,Direct,Bengaluru,1,0,0,0,0,0,0,5.5
U07055,2026-02-28,Mobile,Social Media,Hyderabad,1,1,1,0,0,0,0,7.7
U07056,2026-01-23,Mobile,Direct,Other,1,1,1,1,0,0,0,24
U07057,2026-03-29,Desktop,Email,Bengaluru,1,1,0,0,0,0,0,11.8
U07058,2026-03-21,Mobile,Organic Search,Delhi,1,1,1,0,0,0,0,16.6
U07059,2026-03-08,Desktop,Organic Search,Bengaluru,1,0,0,0,0,0,0,13.1
U07060,2026-01-07,Desktop,Direct,Mumbai,1,0,0,0,0,0,0,13.8
U07061,2026-02-17,Tablet,Email,Chennai,1,1,1,0,0,0,0,9.2
U07062,2026-03-08,Mobile,Referral,Other,1,0,0,0,0,0,0,12.7
U07063,2026-01-26,Desktop,Direct,Chennai,1,0,0,0,0,0,0,4.1
U07064,2026-01-15,Desktop,Paid Search,Mumbai,1,0,0,0,0,0,0,11.7
U07065,2026-03-07,Mobile,Organic Search,Other,1,1,1,1,1,1,5684.23,2.3
U07066,2026-02-24,Mobile,Organic Search,Other,1,0,0,0,0,0,0,4.8
U07067,2026-01-12,Mobile,Organic Search,Hyderabad,1,0,0,0,0,0,0,5.3
U07068,2026-02-23,Mobile,Organic Search,Pune,1,0,0,0,0,0,0,2.8
U07069,2026-01-06,Mobile,Paid Search,Chennai,1,1,0,0,0,0,0,4.8
U07070,2026-03-12,Mobile,Organic Search,Mumbai,1,0,0,0,0,0,0,4.6
U07071,2026-02-16,Mobile,Organic Search,Bengaluru,1,0,0,0,0,0,0,9.5
U07072,2026-02-01,Mobile,Paid Search,Chennai,1,1,1,0,0,0,0,12.1
U07073,2026-01-25,Desktop,Paid Search,Hyderabad,1,1,1,1,0,0,0,5.1
U07074,2026-02-28,Mobile,Social Media,Mumbai,1,0,0,0,0,0,0,5
U07075,2026-03-20,Mobile,Paid Search,Mumbai,1,0,0,0,0,0,0,8.1
U07076,2026-03-04,Mobile,Email,Hyderabad,1,1,1,0,0,0,0,9.8
U07077,2026-01-19,Mobile,Direct,Mumbai,1,1,1,1,1,1,5022.59,8.4
U07078,2026-02-06,Desktop,Organic Search,Other,1,0,0,0,0,0,0,8.4
U07079,2026-03-25,Mobile,Organic Search,Delhi,1,0,0,0,0,0,0,6.3
U07080,2026-03-25,Desktop,Direct,Chennai,1,0,0,0,0,0,0,8.6
U07081,2026-02-17,Mobile,Social Media,Other,1,1,0,0,0,0,0,5.4
U07082,2026-01-14,Desktop,Referral,Mumbai,1,1,1,1,0,0,0,4.6
U07083,2026-01-26,Mobile,Organic Search,Hyderabad,1,0,0,0,0,0,0,8.1
U07084,2026-02-22,Mobile,Referral,Mumbai,1,0,0,0,0,0,0,4.4
U07085,2026-03-11,Desktop,Direct,Hyderabad,1,1,1,1,0,0,0,10.1
U07086,2026-01-07,Mobile,Email,Delhi,1,1,1,0,0,0,0,3.1
U07087,2026-01-10,Desktop,Organic Search,Other,1,1,1,0,0,0,0,12
U07088,2026-03-31,Mobile,Direct,Bengaluru,1,1,0,0,0,0,0,3.4
U07089,2026-03-14,Mobile,Referral,Chennai,1,0,0,0,0,0,0,1.9
U07090,2026-01-04,Mobile,Referral,Chennai,1,0,0,0,0,0,0,5.4
U07091,2026-01-23,Mobile,Organic Search,Bengaluru,1,1,1,0,0,0,0,8.3
U07092,2026-03-16,Tablet,Referral,Delhi,1,0,0,0,0,0,0,3
U07093,2026-03-30,Desktop,Organic Search,Mumbai,1,0,0,0,0,0,0,5.8
U07094,2026-01-08,Mobile,Organic Search,Hyderabad,1,0,0,0,0,0,0,4.6
U07095,2026-03-16,Mobile,Social Media,Pune,1,1,1,0,0,0,0,10.1
U07096,2026-03-27,Mobile,Paid Search,Hyderabad,1,0,0,0,0,0,0,3.1
U07097,2026-03-08,Desktop,Email,Other,1,0,0,0,0,0,0,7.6
U07098,2026-02-20,Mobile,Social Media,Bengaluru,1,1,0,0,0,0,0,3.1
U07099,2026-01-06,Mobile,Organic Search,Mumbai,1,1,1,0,0,0,0,2.4
U07100,2026-02-07,Desktop,Email,Hyderabad,1,1,0,0,0,0,0,1.9
U07101,2026-01-20,Mobile,Direct,Bengaluru,1,1,1,1,1,0,0,1
U07102,2026-01-13,Mobile,Organic Search,Pune,1,0,0,0,0,0,0,1.7
U07103,2026-01-30,Tablet,Social Media,Chennai,1,0,0,0,0,0,0,3.4
U07104,2026-02-08,Mobile,Paid Search,Other,1,1,0,0,0,0,0,13.7
U07105,2026-01-21,Mobile,Social Media,Mumbai,1,0,0,0,0,0,0,6.5
U07106,2026-03-02,Mobile,Paid Search,Other,1,1,1,1,1,1,1064.77,9.2
U07107,2026-03-25,Mobile,Paid Search,Other,1,0,0,0,0,0,0,3.9
U07108,2026-01-19,Mobile,Organic Search,Chennai,1,0,0,0,0,0,0,9.1
U07109,2026-03-30,Desktop,Direct,Mumbai,1,1,1,0,0,0,0,1.9
U07110,2026-02-03,Mobile,Social Media,Pune,1,1,1,0,0,0,0,8.7
U07111,2026-02-09,Desktop,Social Media,Bengaluru,1,1,1,0,0,0,0,2.8
U07112,2026-01-04,Desktop,Paid Search,Pune,1,1,1,1,0,0,0,6.7
U07113,2026-01-13,Mobile,Social Media,Mumbai,1,0,0,0,0,0,0,13.2
U07114,2026-03-03,Mobile,Paid Search,Delhi,1,1,1,0,0,0,0,4.1
U07115,2026-02-25,Mobile,Paid Search,Hyderabad,1,1,1,0,0,0,0,1.3
U07116,2026-03-08,Desktop,Social Media,Delhi,1,0,0,0,0,0,0,1.7
U07117,2026-01-11,Desktop,Paid Search,Bengaluru,1,1,1,1,1,0,0,8
U07118,2026-02-06,Mobile,Organic Search,Pune,1,0,0,0,0,0,0,14.4
U07119,2026-03-04,Desktop,Social Media,Chennai,1,1,1,0,0,0,0,9
U07120,2026-01-20,Mobile,Referral,Bengaluru,1,1,1,0,0,0,0,6.3
U07121,2026-03-02,Desktop,Organic Search,Other,1,0,0,0,0,0,0,6
U07122,2026-01-08,Mobile,Organic Search,Delhi,1,0,0,0,0,0,0,4.8
U07123,2026-02-25,Mobile,Organic Search,Other,1,0,0,0,0,0,0,12.7
U07124,2026-03-19,Desktop,Direct,Bengaluru,1,0,0,0,0,0,0,6.1
U07125,2026-02-11,Mobile,Referral,Mumbai,1,0,0,0,0,0,0,10
U07126,2026-01-23,Mobile,Social Media,Mumbai,1,1,0,0,0,0,0,3.9
U07127,2026-03-01,Mobile,Direct,Delhi,1,0,0,0,0,0,0,9.8
U07128,2026-03-03,Mobile,Paid Search,Hyderabad,1,0,0,0,0,0,0,11.9
U07129,2026-01-06,Mobile,Direct,Bengaluru,1,1,1,0,0,0,0,8.6
U07130,2026-01-08,Tablet,Paid Search,Other,1,0,0,0,0,0,0,7.2
U07131,2026-02-24,Mobile,Organic Search,Chennai,1,1,1,0,0,0,0,2.5
U07132,2026-03-19,Mobile,Email,Other,1,0,0,0,0,0,0,7.3
U07133,2026-01-22,Desktop,Paid Search,Bengaluru,1,1,0,0,0,0,0,6
U07134,2026-01-22,Mobile,Social Media,Other,1,0,0,0,0,0,0,11.4
U07135,2026-01-26,Mobile,Paid Search,Delhi,1,1,1,0,0,0,0,6.9
U07136,2026-01-11,Desktop,Social Media,Delhi,1,1,0,0,0,0,0,16.8
U07137,2026-03-05,Desktop,Paid Search,Chennai,1,1,1,0,0,0,0,5.6
U07138,2026-01-14,Desktop,Organic Search,Other,1,0,0,0,0,0,0,6.2
U07139,2026-01-18,Desktop,Direct,Mumbai,1,0,0,0,0,0,0,3.6
U07140,2026-01-08,Mobile,Direct,Delhi,1,1,0,0,0,0,0,10.7
U07141,2026-02-23,Tablet,Direct,Hyderabad,1,0,0,0,0,0,0,4.7
U07142,2026-01-11,Mobile,Email,Mumbai,1,0,0,0,0,0,0,5.2
U07143,2026-02-03,Desktop,Email,Pune,1,0,0,0,0,0,0,1.6
U07144,2026-03-07,Mobile,Social Media,Hyderabad,1,0,0,0,0,0,0,3.5
U07145,2026-03-23,Tablet,Organic Search,Delhi,1,0,0,0,0,0,0,2.8
U07146,2026-01-12,Desktop,Organic Search,Hyderabad,1,0,0,0,0,0,0,6
U07147,2026-03-08,Desktop,Paid Search,Other,1,0,0,0,0,0,0,3.3
U07148,2026-02-23,Mobile,Direct,Other,1,0,0,0,0,0,0,10.6
U07149,2026-01-21,Mobile,Organic Search,Bengaluru,1,0,0,0,0,0,0,5.9
U07150,2026-03-24,Mobile,Direct,Hyderabad,1,1,0,0,0,0,0,12.6
U07151,2026-02-24,Desktop,Social Media,Mumbai,1,1,1,1,1,0,0,6.7
U07152,2026-03-09,Mobile,Email,Hyderabad,1,0,0,0,0,0,0,2.2
U07153,2026-02-03,Tablet,Organic Search,Chennai,1,1,1,1,1,1,5029.18,5.1
U07154,2026-03-19,Desktop,Paid Search,Bengaluru,1,1,1,1,0,0,0,10.7
U07155,2026-02-17,Mobile,Direct,Chennai,1,1,1,1,1,0,0,1.8
U07156,2026-03-31,Desktop,Paid Search,Hyderabad,1,1,1,0,0,0,0,5.1
U07157,2026-03-22,Mobile,Paid Search,Hyderabad,1,0,0,0,0,0,0,9.2
U07158,2026-01-20,Mobile,Organic Search,Hyderabad,1,1,1,1,1,1,3191.11,5.8
U07159,2026-03-21,Mobile,Organic Search,Mumbai,1,1,0,0,0,0,0,24.5
U07160,2026-02-25,Mobile,Organic Search,Mumbai,1,0,0,0,0,0,0,13.4
U07161,2026-01-19,Desktop,Email,Bengaluru,1,1,1,0,0,0,0,2.6
U07162,2026-01-22,Mobile,Social Media,Mumbai,1,0,0,0,0,0,0,13.2
U07163,2026-01-03,Desktop,Social Media,Pune,1,0,0,0,0,0,0,18.7
U07164,2026-02-01,Desktop,Organic Search,Bengaluru,1,0,0,0,0,0,0,5.7
U07165,2026-01-13,Desktop,Referral,Pune,1,1,1,0,0,0,0,21.6
U07166,2026-03-18,Mobile,Referral,Delhi,1,1,1,1,1,0,0,1.3
U07167,2026-01-26,Desktop,Organic Search,Hyderabad,1,1,1,0,0,0,0,4.4
U07168,2026-02-04,Mobile,Paid Search,Bengaluru,1,0,0,0,0,0,0,6.5
U07169,2026-02-20,Mobile,Organic Search,Chennai,1,0,0,0,0,0,0,5.8
U07170,2026-02-12,Mobile,Referral,Delhi,1,0,0,0,0,0,0,4
U07171,2026-03-19,Mobile,Email,Bengaluru,1,1,0,0,0,0,0,10.3
U07172,2026-02-04,Desktop,Direct,Other,1,1,1,0,0,0,0,5.1
U07173,2026-03-25,Mobile,Organic Search,Delhi,1,1,1,1,0,0,0,6
U07174,2026-01-10,Desktop,Social Media,Bengaluru,1,1,0,0,0,0,0,5.6
U07175,2026-03-25,Mobile,Organic Search,Hyderabad,1,1,1,0,0,0,0,11.1
U07176,2026-03-28,Mobile,Paid Search,Hyderabad,1,0,0,0,0,0,0,4.4
U07177,2026-01-09,Tablet,Social Media,Chennai,1,0,0,0,0,0,0,3.7
U07178,2026-01-11,Desktop,Organic Search,Chennai,1,0,0,0,0,0,0,7.4
U07179,2026-02-25,Mobile,Email,Delhi,1,0,0,0,0,0,0,2.3
U07180,2026-03-21,Mobile,Social Media,Delhi,1,1,0,0,0,0,0,14.5
U07181,2026-03-26,Mobile,Referral,Bengaluru,1,0,0,0,0,0,0,12.7
U07182,2026-03-17,Mobile,Paid Search,Mumbai,1,1,1,0,0,0,0,3.1
U07183,2026-03-10,Desktop,Direct,Hyderabad,1,1,1,1,1,1,3210.46,1.7
U07184,2026-02-27,Desktop,Direct,Chennai,1,1,1,1,1,1,6383.05,14.4
U07185,2026-02-11,Mobile,Direct,Delhi,1,0,0,0,0,0,0,6.3
U07186,2026-01-02,Tablet,Referral,Chennai,1,0,0,0,0,0,0,18.2
U07187,2026-01-16,Mobile,Referral,Pune,1,1,1,1,0,0,0,7.3
U07188,2026-01-08,Mobile,Social Media,Other,1,1,1,1,0,0,0,6.5
U07189,2026-03-23,Mobile,Organic Search,Mumbai,1,1,1,1,1,1,5560.92,20.4
U07190,2026-03-11,Mobile,Email,Hyderabad,1,1,0,0,0,0,0,4.4
U07191,2026-03-01,Mobile,Email,Bengaluru,1,0,0,0,0,0,0,4
U07192,2026-01-04,Mobile,Direct,Hyderabad,1,0,0,0,0,0,0,7.4
U07193,2026-03-18,Mobile,Social Media,Mumbai,1,1,1,1,0,0,0,5.4
U07194,2026-01-24,Mobile,Paid Search,Pune,1,0,0,0,0,0,0,1.5
U07195,2026-01-10,Desktop,Email,Mumbai,1,1,1,0,0,0,0,3.8
U07196,2026-02-07,Mobile,Direct,Delhi,1,0,0,0,0,0,0,11.2
U07197,2026-02-14,Mobile,Organic Search,Delhi,1,0,0,0,0,0,0,5.3
U07198,2026-01-12,Desktop,Paid Search,Pune,1,0,0,0,0,0,0,6.2
U07199,2026-01-03,Tablet,Social Media,Bengaluru,1,1,1,0,0,0,0,1.7
U07200,2026-03-23,Tablet,Organic Search,Pune,1,1,1,0,0,0,0,9
U07201,2026-02-23,Mobile,Organic Search,Mumbai,1,1,1,0,0,0,0,11.3
U07202,2026-02-17,Mobile,Paid Search,Bengaluru,1,0,0,0,0,0,0,5.5
U07203,2026-03-03,Mobile,Direct,Other,1,0,0,0,0,0,0,2.3
U07204,2026-02-16,Mobile,Organic Search,Other,1,1,1,1,1,1,4340.64,3.3
U07205,2026-03-30,Tablet,Paid Search,Mumbai,1,0,0,0,0,0,0,1.2
U07206,2026-01-01,Mobile,Referral,Pune,1,0,0,0,0,0,0,7.2
U07207,2026-03-11,Mobile,Direct,Bengaluru,1,0,0,0,0,0,0,6.6
U07208,2026-02-16,Mobile,Direct,Chennai,1,0,0,0,0,0,0,10.7
U07209,2026-03-02,Mobile,Paid Search,Hyderabad,1,0,0,0,0,0,0,3.7
U07210,2026-02-14,Desktop,Direct,Mumbai,1,1,1,0,0,0,0,3.5
U07211,2026-02-03,Mobile,Organic Search,Chennai,1,1,0,0,0,0,0,8.8
U07212,2026-02-22,Mobile,Email,Bengaluru,1,0,0,0,0,0,0,3.6
U07213,2026-02-25,Mobile,Email,Delhi,1,0,0,0,0,0,0,10
U07214,2026-03-20,Mobile,Organic Search,Hyderabad,1,1,0,0,0,0,0,1.2
U07215,2026-01-14,Mobile,Social Media,Hyderabad,1,0,0,0,0,0,0,17.8
U07216,2026-02-10,Mobile,Organic Search,Chennai,1,1,1,0,0,0,0,8.1
U07217,2026-02-10,Mobile,Direct,Chennai,1,0,0,0,0,0,0,4.8
U07218,2026-01-06,Desktop,Paid Search,Bengaluru,1,0,0,0,0,0,0,12
U07219,2026-02-15,Tablet,Social Media,Bengaluru,1,1,1,0,0,0,0,3.3
U07220,2026-02-06,Desktop,Organic Search,Bengaluru,1,1,1,1,1,1,1329.51,4.1
U07221,2026-03-07,Tablet,Organic Search,Hyderabad,1,0,0,0,0,0,0,3.1
U07222,2026-01-06,Mobile,Direct,Chennai,1,0,0,0,0,0,0,18.8
U07223,2026-03-17,Mobile,Referral,Other,1,0,0,0,0,0,0,0.8
U07224,2026-02-27,Mobile,Direct,Bengaluru,1,0,0,0,0,0,0,11.2
U07225,2026-01-01,Desktop,Paid Search,Delhi,1,0,0,0,0,0,0,5.6
U07226,2026-02-04,Tablet,Organic Search,Hyderabad,1,1,0,0,0,0,0,16.5
U07227,2026-03-28,Desktop,Social Media,Bengaluru,1,0,0,0,0,0,0,9.6
U07228,2026-02-28,Mobile,Social Media,Bengaluru,1,0,0,0,0,0,0,5.4
U07229,2026-03-24,Tablet,Organic Search,Other,1,1,1,0,0,0,0,5.8
U07230,2026-01-06,Mobile,Email,Chennai,1,0,0,0,0,0,0,12.1
U07231,2026-01-02,Mobile,Paid Search,Delhi,1,1,1,0,0,0,0,3.6
U07232,2026-01-23,Mobile,Organic Search,Mumbai,1,1,1,0,0,0,0,4.4
U07233,2026-02-24,Mobile,Paid Search,Hyderabad,1,0,0,0,0,0,0,3.5
U07234,2026-02-14,Mobile,Social Media,Other,1,1,1,0,0,0,0,8.8
U07235,2026-01-22,Mobile,Email,Bengaluru,1,0,0,0,0,0,0,17
U07236,2026-02-05,Mobile,Social Media,Hyderabad,1,1,1,0,0,0,0,2.2
U07237,2026-01-02,Mobile,Social Media,Bengaluru,1,1,1,1,0,0,0,5.4
U07238,2026-01-17,Desktop,Organic Search,Bengaluru,1,1,0,0,0,0,0,7.1
U07239,2026-02-16,Desktop,Direct,Hyderabad,1,0,0,0,0,0,0,11.8
U07240,2026-01-11,Mobile,Direct,Mumbai,1,0,0,0,0,0,0,11.8
U07241,2026-01-22,Desktop,Email,Bengaluru,1,0,0,0,0,0,0,12.4
U07242,2026-01-09,Desktop,Organic Search,Mumbai,1,1,1,1,1,1,3598.74,5.2
U07243,2026-01-02,Mobile,Social Media,Hyderabad,1,1,0,0,0,0,0,5.2
U07244,2026-03-11,Mobile,Social Media,Other,1,0,0,0,0,0,0,6.2
U07245,2026-02-14,Mobile,Direct,Hyderabad,1,0,0,0,0,0,0,3.4
U07246,2026-03-16,Mobile,Direct,Mumbai,1,1,1,0,0,0,0,5.9
U07247,2026-03-01,Desktop,Direct,Delhi,1,0,0,0,0,0,0,11.7
U07248,2026-01-11,Desktop,Organic Search,Hyderabad,1,0,0,0,0,0,0,6.4
U07249,2026-02-11,Mobile,Direct,Hyderabad,1,0,0,0,0,0,0,14.7
U07250,2026-02-22,Desktop,Social Media,Hyderabad,1,0,0,0,0,0,0,18.6
U07251,2026-03-27,Desktop,Referral,Bengaluru,1,1,1,0,0,0,0,5
U07252,2026-02-06,Desktop,Paid Search,Hyderabad,1,1,1,0,0,0,0,6.1
U07253,2026-01-05,Mobile,Paid Search,Delhi,1,0,0,0,0,0,0,1.5
U07254,2026-01-25,Desktop,Social Media,Chennai,1,1,1,1,1,0,0,6.6
U07255,2026-03-11,Mobile,Organic Search,Mumbai,1,0,0,0,0,0,0,2.8
U07256,2026-03-14,Mobile,Paid Search,Hyderabad,1,1,1,0,0,0,0,3.8
U07257,2026-02-13,Mobile,Direct,Pune,1,0,0,0,0,0,0,4.3
U07258,2026-03-08,Mobile,Organic Search,Hyderabad,1,1,0,0,0,0,0,8
U07259,2026-02-25,Desktop,Organic Search,Bengaluru,1,0,0,0,0,0,0,11
U07260,2026-01-26,Mobile,Organic Search,Hyderabad,1,0,0,0,0,0,0,7.7
U07261,2026-01-17,Mobile,Paid Search,Hyderabad,1,1,1,1,0,0,0,2.1
U07262,2026-01-15,Mobile,Direct,Delhi,1,0,0,0,0,0,0,8
U07263,2026-03-08,Desktop,Organic Search,Delhi,1,1,1,0,0,0,0,7.2
U07264,2026-01-29,Mobile,Organic Search,Delhi,1,0,0,0,0,0,0,7.9
U07265,2026-03-05,Desktop,Direct,Mumbai,1,0,0,0,0,0,0,5.4
U07266,2026-01-29,Mobile,Direct,Other,1,1,1,1,0,0,0,10.9
U07267,2026-02-24,Mobile,Organic Search,Chennai,1,1,1,1,1,1,2369.63,8.4
U07268,2026-01-31,Mobile,Referral,Chennai,1,0,0,0,0,0,0,5.8
U07269,2026-03-24,Mobile,Email,Bengaluru,1,0,0,0,0,0,0,2.5
U07270,2026-02-09,Mobile,Referral,Hyderabad,1,1,0,0,0,0,0,2.6
U07271,2026-03-04,Mobile,Social Media,Mumbai,1,0,0,0,0,0,0,9.5
U07272,2026-02-06,Tablet,Direct,Bengaluru,1,0,0,0,0,0,0,7.2
U07273,2026-03-11,Desktop,Organic Search,Mumbai,1,1,1,0,0,0,0,5.9
U07274,2026-01-01,Mobile,Organic Search,Bengaluru,1,1,1,0,0,0,0,5.4
U07275,2026-03-15,Mobile,Paid Search,Pune,1,1,0,0,0,0,0,3.5
U07276,2026-03-14,Desktop,Paid Search,Other,1,1,1,0,0,0,0,7.9
U07277,2026-02-08,Mobile,Direct,Bengaluru,1,0,0,0,0,0,0,15.1
U07278,2026-03-20,Mobile,Social Media,Pune,1,0,0,0,0,0,0,3.7
U07279,2026-01-21,Desktop,Organic Search,Pune,1,0,0,0,0,0,0,3.8
U07280,2026-01-28,Mobile,Paid Search,Other,1,0,0,0,0,0,0,8.1
U07281,2026-03-04,Mobile,Paid Search,Bengaluru,1,0,0,0,0,0,0,1.7
U07282,2026-02-22,Mobile,Direct,Delhi,1,1,1,1,1,1,3008.58,7.6
U07283,2026-01-20,Mobile,Social Media,Bengaluru,1,1,1,1,1,1,5587.89,2
U07284,2026-02-18,Desktop,Email,Mumbai,1,1,1,1,1,0,0,2.9
U07285,2026-03-04,Mobile,Email,Delhi,1,1,1,1,1,1,1515.77,4
U07286,2026-02-17,Mobile,Referral,Delhi,1,0,0,0,0,0,0,3.8
U07287,2026-02-14,Mobile,Email,Bengaluru,1,1,1,0,0,0,0,10.6
U07288,2026-02-04,Mobile,Organic Search,Pune,1,1,1,1,0,0,0,4.7
U07289,2026-01-04,Tablet,Direct,Chennai,1,1,1,1,1,1,3184.1,1.6
U07290,2026-02-21,Desktop,Email,Bengaluru,1,0,0,0,0,0,0,1.3
U07291,2026-02-13,Desktop,Email,Mumbai,1,1,1,0,0,0,0,5.2
U07292,2026-02-05,Mobile,Direct,Pune,1,1,0,0,0,0,0,4.1
U07293,2026-01-21,Mobile,Referral,Other,1,0,0,0,0,0,0,5.5
U07294,2026-03-10,Mobile,Referral,Delhi,1,0,0,0,0,0,0,4.7
U07295,2026-01-14,Mobile,Direct,Hyderabad,1,1,1,0,0,0,0,11.5
U07296,2026-01-12,Tablet,Organic Search,Hyderabad,1,1,0,0,0,0,0,1.1
U07297,2026-03-11,Mobile,Social Media,Hyderabad,1,1,1,0,0,0,0,12.4
U07298,2026-02-05,Mobile,Social Media,Hyderabad,1,0,0,0,0,0,0,11.4
U07299,2026-01-12,Mobile,Paid Search,Chennai,1,0,0,0,0,0,0,18
U07300,2026-03-06,Desktop,Referral,Bengaluru,1,0,0,0,0,0,0,5.6
U07301,2026-03-11,Mobile,Referral,Hyderabad,1,0,0,0,0,0,0,6
U07302,2026-03-29,Mobile,Email,Pune,1,0,0,0,0,0,0,16.4
U07303,2026-03-22,Mobile,Direct,Mumbai,1,1,1,0,0,0,0,4.4
U07304,2026-02-04,Desktop,Paid Search,Delhi,1,1,0,0,0,0,0,14.4
U07305,2026-03-10,Mobile,Email,Bengaluru,1,1,1,1,0,0,0,16.7
U07306,2026-03-14,Desktop,Social Media,Chennai,1,0,0,0,0,0,0,20.4
U07307,2026-02-11,Desktop,Paid Search,Bengaluru,1,0,0,0,0,0,0,3.7
U07308,2026-01-16,Mobile,Organic Search,Chennai,1,0,0,0,0,0,0,4.9
U07309,2026-03-02,Desktop,Direct,Mumbai,1,1,1,0,0,0,0,4.5
U07310,2026-01-08,Mobile,Social Media,Chennai,1,0,0,0,0,0,0,14.8
U07311,2026-03-23,Tablet,Referral,Pune,1,1,0,0,0,0,0,4.1
U07312,2026-01-31,Mobile,Social Media,Other,1,0,0,0,0,0,0,5.1
U07313,2026-03-02,Mobile,Organic Search,Chennai,1,0,0,0,0,0,0,11.4
U07314,2026-02-26,Mobile,Paid Search,Bengaluru,1,0,0,0,0,0,0,5.3
U07315,2026-03-23,Mobile,Paid Search,Other,1,0,0,0,0,0,0,2.7
U07316,2026-02-15,Tablet,Direct,Delhi,1,1,0,0,0,0,0,4.5
U07317,2026-02-11,Mobile,Organic Search,Mumbai,1,1,1,0,0,0,0,7.1
U07318,2026-01-22,Desktop,Direct,Delhi,1,0,0,0,0,0,0,6.3
U07319,2026-02-27,Mobile,Direct,Hyderabad,1,1,1,0,0,0,0,12.8
U07320,2026-03-29,Tablet,Direct,Hyderabad,1,1,1,1,1,0,0,15.1
U07321,2026-03-25,Mobile,Social Media,Hyderabad,1,0,0,0,0,0,0,3.9
U07322,2026-03-25,Mobile,Direct,Hyderabad,1,0,0,0,0,0,0,10.9
U07323,2026-02-24,Mobile,Paid Search,Chennai,1,1,0,0,0,0,0,5.9
U07324,2026-01-17,Desktop,Organic Search,Hyderabad,1,0,0,0,0,0,0,3.6
U07325,2026-03-07,Mobile,Organic Search,Pune,1,0,0,0,0,0,0,12.3
U07326,2026-02-15,Mobile,Direct,Mumbai,1,0,0,0,0,0,0,7.2
U07327,2026-02-03,Mobile,Organic Search,Bengaluru,1,0,0,0,0,0,0,5.6
U07328,2026-02-07,Desktop,Social Media,Hyderabad,1,1,1,1,1,0,0,10.5
U07329,2026-01-16,Mobile,Organic Search,Mumbai,1,1,0,0,0,0,0,4.9
U07330,2026-03-03,Mobile,Paid Search,Hyderabad,1,1,1,0,0,0,0,2.6
U07331,2026-01-04,Mobile,Organic Search,Delhi,1,1,0,0,0,0,0,5.4
U07332,2026-02-27,Desktop,Direct,Pune,1,1,1,0,0,0,0,9.4
U07333,2026-03-23,Tablet,Social Media,Mumbai,1,0,0,0,0,0,0,6.4
U07334,2026-01-10,Mobile,Direct,Hyderabad,1,0,0,0,0,0,0,1.9
U07335,2026-03-07,Mobile,Email,Delhi,1,0,0,0,0,0,0,0.5
U07336,2026-02-28,Mobile,Direct,Bengaluru,1,1,1,1,1,1,2827.94,6.5
U07337,2026-03-23,Mobile,Social Media,Bengaluru,1,1,1,1,1,1,2413.52,4.3
U07338,2026-02-05,Mobile,Email,Chennai,1,1,1,0,0,0,0,9
U07339,2026-03-31,Desktop,Social Media,Other,1,0,0,0,0,0,0,5.8
U07340,2026-03-17,Mobile,Social Media,Bengaluru,1,1,1,0,0,0,0,6.6
U07341,2026-01-03,Tablet,Referral,Other,1,0,0,0,0,0,0,13
U07342,2026-02-07,Mobile,Email,Hyderabad,1,0,0,0,0,0,0,6.8
U07343,2026-02-05,Desktop,Referral,Hyderabad,1,0,0,0,0,0,0,5.5
U07344,2026-03-01,Mobile,Referral,Delhi,1,1,1,1,1,1,2287.02,9.5
U07345,2026-03-23,Mobile,Organic Search,Hyderabad,1,0,0,0,0,0,0,12.7
U07346,2026-03-18,Mobile,Email,Bengaluru,1,0,0,0,0,0,0,2.6
U07347,2026-03-08,Mobile,Organic Search,Hyderabad,1,0,0,0,0,0,0,3.5
U07348,2026-01-04,Mobile,Social Media,Bengaluru,1,0,0,0,0,0,0,8
U07349,2026-01-12,Desktop,Email,Bengaluru,1,1,0,0,0,0,0,3.7
U07350,2026-01-11,Tablet,Direct,Delhi,1,0,0,0,0,0,0,10.5
U07351,2026-01-11,Mobile,Organic Search,Delhi,1,1,0,0,0,0,0,2.8
U07352,2026-02-26,Mobile,Organic Search,Other,1,0,0,0,0,0,0,14.5
U07353,2026-02-12,Mobile,Organic Search,Delhi,1,0,0,0,0,0,0,12.5
U07354,2026-02-16,Mobile,Paid Search,Delhi,1,1,1,1,1,0,0,5.4
U07355,2026-01-21,Mobile,Referral,Delhi,1,1,1,1,1,1,2508.76,10.1
U07356,2026-01-23,Desktop,Referral,Pune,1,1,1,1,0,0,0,3.5
U07357,2026-03-02,Tablet,Email,Bengaluru,1,0,0,0,0,0,0,13.6
U07358,2026-02-16,Tablet,Direct,Bengaluru,1,0,0,0,0,0,0,15.9
U07359,2026-03-22,Mobile,Paid Search,Delhi,1,1,0,0,0,0,0,7.2
U07360,2026-03-06,Desktop,Organic Search,Bengaluru,1,0,0,0,0,0,0,1.5
U07361,2026-02-07,Desktop,Organic Search,Other,1,1,1,0,0,0,0,13.8
U07362,2026-01-07,Mobile,Direct,Mumbai,1,0,0,0,0,0,0,17.6
U07363,2026-01-14,Mobile,Email,Bengaluru,1,0,0,0,0,0,0,7.2
U07364,2026-03-06,Desktop,Email,Delhi,1,1,1,0,0,0,0,13.9
U07365,2026-02-07,Mobile,Paid Search,Bengaluru,1,1,0,0,0,0,0,5
U07366,2026-02-19,Mobile,Paid Search,Other,1,0,0,0,0,0,0,8.6
U07367,2026-03-14,Mobile,Direct,Other,1,1,1,0,0,0,0,8.6
U07368,2026-01-30,Mobile,Organic Search,Delhi,1,0,0,0,0,0,0,6.2
U07369,2026-02-03,Mobile,Referral,Hyderabad,1,1,0,0,0,0,0,5.5
U07370,2026-01-26,Desktop,Paid Search,Bengaluru,1,1,0,0,0,0,0,3.2
U07371,2026-02-22,Desktop,Organic Search,Mumbai,1,1,1,1,1,1,4160.18,5.7
U07372,2026-01-17,Desktop,Email,Pune,1,0,0,0,0,0,0,7.9
U07373,2026-03-27,Mobile,Paid Search,Hyderabad,1,1,1,0,0,0,0,17.6
U07374,2026-01-19,Mobile,Email,Hyderabad,1,0,0,0,0,0,0,7
U07375,2026-03-03,Mobile,Email,Hyderabad,1,0,0,0,0,0,0,1.8
U07376,2026-01-13,Mobile,Social Media,Chennai,1,0,0,0,0,0,0,10.2
U07377,2026-03-21,Mobile,Referral,Pune,1,1,0,0,0,0,0,6.9
U07378,2026-02-13,Mobile,Social Media,Hyderabad,1,0,0,0,0,0,0,10.1
U07379,2026-01-28,Mobile,Paid Search,Bengaluru,1,0,0,0,0,0,0,9.1
U07380,2026-02-15,Mobile,Email,Delhi,1,0,0,0,0,0,0,7.6
U07381,2026-03-23,Mobile,Social Media,Pune,1,0,0,0,0,0,0,5.3
U07382,2026-03-17,Mobile,Organic Search,Pune,1,1,1,1,0,0,0,4.5
U07383,2026-03-22,Tablet,Direct,Delhi,1,0,0,0,0,0,0,3.9
U07384,2026-03-24,Mobile,Social Media,Hyderabad,1,0,0,0,0,0,0,9
U07385,2026-02-27,Desktop,Direct,Chennai,1,0,0,0,0,0,0,9.3
U07386,2026-02-05,Mobile,Direct,Other,1,0,0,0,0,0,0,12.9
U07387,2026-02-08,Mobile,Paid Search,Other,1,0,0,0,0,0,0,6
U07388,2026-01-19,Tablet,Social Media,Mumbai,1,0,0,0,0,0,0,6.6
U07389,2026-03-29,Mobile,Paid Search,Delhi,1,0,0,0,0,0,0,10.4
U07390,2026-02-06,Mobile,Paid Search,Other,1,0,0,0,0,0,0,8.5
U07391,2026-03-06,Desktop,Direct,Chennai,1,1,1,0,0,0,0,1.6
U07392,2026-02-20,Mobile,Referral,Hyderabad,1,0,0,0,0,0,0,5.9
U07393,2026-02-17,Desktop,Organic Search,Delhi,1,1,1,0,0,0,0,19.3
U07394,2026-01-20,Mobile,Social Media,Other,1,0,0,0,0,0,0,8.5
U07395,2026-02-14,Mobile,Direct,Delhi,1,1,1,0,0,0,0,15.6
U07396,2026-01-26,Mobile,Social Media,Pune,1,0,0,0,0,0,0,7.4
U07397,2026-02-08,Mobile,Referral,Chennai,1,0,0,0,0,0,0,5.7
U07398,2026-01-03,Desktop,Referral,Hyderabad,1,1,0,0,0,0,0,7.3
U07399,2026-03-17,Desktop,Paid Search,Hyderabad,1,1,1,0,0,0,0,7.6
U07400,2026-02-02,Mobile,Paid Search,Other,1,0,0,0,0,0,0,6.8
U07401,2026-01-24,Mobile,Email,Chennai,1,0,0,0,0,0,0,10.2
U07402,2026-03-25,Desktop,Social Media,Hyderabad,1,0,0,0,0,0,0,2.2
U07403,2026-02-20,Mobile,Social Media,Other,1,1,1,0,0,0,0,5.3
U07404,2026-01-22,Mobile,Email,Chennai,1,1,1,1,1,0,0,11.9
U07405,2026-02-27,Mobile,Referral,Pune,1,0,0,0,0,0,0,13.4
U07406,2026-03-20,Mobile,Paid Search,Mumbai,1,1,1,0,0,0,0,2.5
U07407,2026-01-20,Desktop,Organic Search,Hyderabad,1,0,0,0,0,0,0,8.5
U07408,2026-01-23,Tablet,Paid Search,Mumbai,1,1,0,0,0,0,0,13.7
U07409,2026-02-28,Mobile,Social Media,Other,1,0,0,0,0,0,0,2.2
U07410,2026-03-28,Mobile,Paid Search,Hyderabad,1,0,0,0,0,0,0,6.7
U07411,2026-02-19,Mobile,Social Media,Pune,1,0,0,0,0,0,0,1.8
U07412,2026-02-01,Mobile,Organic Search,Bengaluru,1,1,1,1,0,0,0,6.7
U07413,2026-02-21,Mobile,Social Media,Chennai,1,1,1,0,0,0,0,6.5
U07414,2026-03-15,Desktop,Paid Search,Bengaluru,1,1,1,1,1,0,0,4.7
U07415,2026-02-28,Mobile,Social Media,Pune,1,0,0,0,0,0,0,8.8
U07416,2026-03-24,Mobile,Paid Search,Chennai,1,0,0,0,0,0,0,26.4
U07417,2026-02-26,Mobile,Paid Search,Chennai,1,1,1,1,1,1,2549.17,11.3
U07418,2026-01-31,Mobile,Direct,Pune,1,1,1,1,0,0,0,5.9
U07419,2026-02-23,Mobile,Organic Search,Hyderabad,1,1,1,0,0,0,0,5.7
U07420,2026-03-25,Desktop,Email,Hyderabad,1,0,0,0,0,0,0,2.3
U07421,2026-01-04,Mobile,Direct,Hyderabad,1,1,0,0,0,0,0,10.7
U07422,2026-01-20,Desktop,Social Media,Delhi,1,1,1,1,1,0,0,1.5
U07423,2026-03-14,Mobile,Direct,Mumbai,1,0,0,0,0,0,0,5.5
U07424,2026-02-13,Mobile,Organic Search,Pune,1,0,0,0,0,0,0,8.9
U07425,2026-01-26,Mobile,Social Media,Chennai,1,0,0,0,0,0,0,5.8
U07426,2026-01-19,Mobile,Social Media,Bengaluru,1,1,1,0,0,0,0,7.2
U07427,2026-02-08,Mobile,Organic Search,Pune,1,1,1,0,0,0,0,3.5
U07428,2026-01-19,Mobile,Paid Search,Bengaluru,1,1,1,0,0,0,0,7.4
U07429,2026-02-16,Desktop,Paid Search,Other,1,1,0,0,0,0,0,9.9
U07430,2026-03-15,Desktop,Email,Bengaluru,1,0,0,0,0,0,0,5.3
U07431,2026-02-05,Mobile,Direct,Hyderabad,1,1,1,1,1,1,4184.26,15.8
U07432,2026-03-29,Mobile,Organic Search,Chennai,1,1,1,1,0,0,0,3.6
U07433,2026-02-06,Mobile,Paid Search,Hyderabad,1,1,0,0,0,0,0,6.6
U07434,2026-02-05,Mobile,Paid Search,Hyderabad,1,0,0,0,0,0,0,8.7
U07435,2026-03-24,Mobile,Social Media,Chennai,1,1,1,0,0,0,0,13.6
U07436,2026-02-20,Desktop,Referral,Bengaluru,1,1,1,0,0,0,0,8.1
U07437,2026-03-29,Mobile,Paid Search,Hyderabad,1,1,1,0,0,0,0,13
U07438,2026-01-14,Mobile,Organic Search,Bengaluru,1,1,1,0,0,0,0,11.8
U07439,2026-02-07,Mobile,Email,Chennai,1,0,0,0,0,0,0,6.2
U07440,2026-03-20,Mobile,Direct,Chennai,1,1,1,1,1,1,3338.65,9.8
U07441,2026-02-22,Desktop,Social Media,Hyderabad,1,1,1,0,0,0,0,10
U07442,2026-02-28,Mobile,Social Media,Mumbai,1,0,0,0,0,0,0,5.9
U07443,2026-01-11,Mobile,Organic Search,Delhi,1,1,1,1,1,0,0,5.7
U07444,2026-03-20,Desktop,Organic Search,Delhi,1,0,0,0,0,0,0,5.9
U07445,2026-01-22,Mobile,Organic Search,Chennai,1,0,0,0,0,0,0,4.3
U07446,2026-01-04,Desktop,Paid Search,Hyderabad,1,1,1,1,1,1,3069.34,13.1
U07447,2026-02-26,Mobile,Direct,Chennai,1,0,0,0,0,0,0,3.6
U07448,2026-03-29,Mobile,Social Media,Pune,1,1,1,0,0,0,0,20.3
U07449,2026-01-26,Desktop,Organic Search,Chennai,1,0,0,0,0,0,0,8.6
U07450,2026-01-05,Mobile,Paid Search,Hyderabad,1,0,0,0,0,0,0,5.2
U07451,2026-03-04,Mobile,Paid Search,Hyderabad,1,0,0,0,0,0,0,6.4
U07452,2026-02-26,Mobile,Social Media,Other,1,1,1,1,0,0,0,9.7
U07453,2026-01-12,Mobile,Paid Search,Delhi,1,0,0,0,0,0,0,6.7
U07454,2026-02-21,Mobile,Paid Search,Bengaluru,1,1,1,0,0,0,0,8.2
U07455,2026-01-02,Desktop,Social Media,Bengaluru,1,1,1,1,1,1,2155.85,2.4
U07456,2026-02-07,Tablet,Organic Search,Pune,1,1,1,0,0,0,0,12.9
U07457,2026-02-26,Mobile,Organic Search,Hyderabad,1,0,0,0,0,0,0,4.3
U07458,2026-02-08,Mobile,Organic Search,Mumbai,1,0,0,0,0,0,0,4
U07459,2026-01-30,Mobile,Paid Search,Delhi,1,1,1,1,1,1,784.78,7.8
U07460,2026-01-28,Mobile,Organic Search,Chennai,1,0,0,0,0,0,0,3.7
U07461,2026-02-12,Mobile,Paid Search,Hyderabad,1,0,0,0,0,0,0,12.5
U07462,2026-03-10,Mobile,Referral,Bengaluru,1,0,0,0,0,0,0,7
U07463,2026-02-10,Desktop,Email,Other,1,1,1,1,0,0,0,4.2
U07464,2026-01-27,Mobile,Social Media,Mumbai,1,0,0,0,0,0,0,5.2
U07465,2026-03-13,Mobile,Direct,Pune,1,0,0,0,0,0,0,10.1
U07466,2026-02-10,Mobile,Paid Search,Mumbai,1,1,1,1,1,0,0,8.4
U07467,2026-02-02,Desktop,Direct,Other,1,1,1,1,1,1,2271.81,7.1
U07468,2026-01-14,Desktop,Paid Search,Other,1,0,0,0,0,0,0,4.7
U07469,2026-02-13,Mobile,Paid Search,Chennai,1,0,0,0,0,0,0,1.3
U07470,2026-01-19,Mobile,Paid Search,Bengaluru,1,0,0,0,0,0,0,8.3
U07471,2026-01-17,Desktop,Organic Search,Mumbai,1,0,0,0,0,0,0,8
U07472,2026-03-17,Mobile,Direct,Delhi,1,0,0,0,0,0,0,8.1
U07473,2026-03-12,Desktop,Organic Search,Chennai,1,0,0,0,0,0,0,6.5
U07474,2026-03-04,Mobile,Paid Search,Pune,1,0,0,0,0,0,0,7.2
U07475,2026-03-27,Mobile,Paid Search,Hyderabad,1,0,0,0,0,0,0,6.1
U07476,2026-01-25,Mobile,Organic Search,Bengaluru,1,0,0,0,0,0,0,7.6
U07477,2026-03-29,Desktop,Organic Search,Delhi,1,1,1,1,1,1,2712.46,13
U07478,2026-03-01,Mobile,Organic Search,Bengaluru,1,0,0,0,0,0,0,1.3
U07479,2026-02-01,Desktop,Paid Search,Chennai,1,0,0,0,0,0,0,17.7
U07480,2026-01-23,Mobile,Direct,Other,1,0,0,0,0,0,0,12.4
U07481,2026-02-05,Mobile,Paid Search,Mumbai,1,0,0,0,0,0,0,2.4
U07482,2026-02-10,Mobile,Organic Search,Other,1,1,1,0,0,0,0,13.3
U07483,2026-01-15,Mobile,Email,Delhi,1,1,1,0,0,0,0,7.2
U07484,2026-02-20,Mobile,Direct,Delhi,1,0,0,0,0,0,0,2.8
U07485,2026-01-26,Mobile,Organic Search,Mumbai,1,1,1,0,0,0,0,15.4
U07486,2026-03-04,Desktop,Paid Search,Hyderabad,1,1,1,1,1,1,4129.4,7.1
U07487,2026-01-07,Mobile,Direct,Mumbai,1,0,0,0,0,0,0,4.3
U07488,2026-01-25,Tablet,Organic Search,Bengaluru,1,0,0,0,0,0,0,2
U07489,2026-01-23,Mobile,Social Media,Other,1,1,0,0,0,0,0,10.4
U07490,2026-01-27,Desktop,Organic Search,Bengaluru,1,1,1,1,1,0,0,4.4
U07491,2026-02-06,Mobile,Direct,Bengaluru,1,0,0,0,0,0,0,9.4
U07492,2026-01-29,Mobile,Direct,Mumbai,1,0,0,0,0,0,0,2.6
U07493,2026-03-22,Mobile,Referral,Mumbai,1,1,1,0,0,0,0,6.9
U07494,2026-03-12,Mobile,Paid Search,Hyderabad,1,0,0,0,0,0,0,9.4
U07495,2026-02-18,Desktop,Paid Search,Hyderabad,1,1,0,0,0,0,0,5.5
U07496,2026-03-09,Mobile,Organic Search,Pune,1,0,0,0,0,0,0,2.9
U07497,2026-01-18,Mobile,Direct,Chennai,1,0,0,0,0,0,0,5.3
U07498,2026-02-09,Desktop,Direct,Hyderabad,1,0,0,0,0,0,0,2.9
U07499,2026-02-18,Mobile,Paid Search,Chennai,1,1,1,0,0,0,0,8.5
U07500,2026-03-10,Desktop,Email,Bengaluru,1,0,0,0,0,0,0,7.6
U07501,2026-02-02,Mobile,Organic Search,Bengaluru,1,1,0,0,0,0,0,12.4
U07502,2026-01-07,Desktop,Paid Search,Other,1,0,0,0,0,0,0,5.4
U07503,2026-02-12,Mobile,Email,Bengaluru,1,0,0,0,0,0,0,17.5
U07504,2026-02-20,Mobile,Paid Search,Hyderabad,1,0,0,0,0,0,0,3.1
U07505,2026-03-02,Mobile,Paid Search,Other,1,1,1,0,0,0,0,11
U07506,2026-03-27,Tablet,Organic Search,Delhi,1,1,1,1,1,1,4908.64,20.1
U07507,2026-02-13,Mobile,Referral,Bengaluru,1,0,0,0,0,0,0,14.8
U07508,2026-03-31,Mobile,Direct,Chennai,1,0,0,0,0,0,0,5.9
U07509,2026-01-01,Mobile,Direct,Pune,1,1,0,0,0,0,0,10
U07510,2026-01-13,Tablet,Email,Bengaluru,1,0,0,0,0,0,0,3.1
U07511,2026-01-10,Desktop,Social Media,Mumbai,1,0,0,0,0,0,0,3.4
U07512,2026-01-23,Tablet,Paid Search,Mumbai,1,0,0,0,0,0,0,4.5
U07513,2026-03-17,Mobile,Direct,Chennai,1,1,1,1,0,0,0,8.7
U07514,2026-02-16,Mobile,Social Media,Mumbai,1,1,1,1,1,1,4321.55,6.9
U07515,2026-01-15,Mobile,Email,Chennai,1,0,0,0,0,0,0,4.1
U07516,2026-01-12,Desktop,Email,Hyderabad,1,1,1,0,0,0,0,4.5
U07517,2026-01-24,Mobile,Referral,Pune,1,1,0,0,0,0,0,16.2
U07518,2026-02-01,Mobile,Organic Search,Hyderabad,1,0,0,0,0,0,0,4.7
U07519,2026-03-31,Desktop,Organic Search,Chennai,1,0,0,0,0,0,0,2.1
U07520,2026-01-16,Mobile,Email,Mumbai,1,0,0,0,0,0,0,5.1
U07521,2026-03-21,Mobile,Direct,Delhi,1,0,0,0,0,0,0,6.2
U07522,2026-01-18,Mobile,Email,Chennai,1,1,0,0,0,0,0,2.1
U07523,2026-01-18,Mobile,Paid Search,Delhi,1,0,0,0,0,0,0,8.7
U07524,2026-02-23,Desktop,Paid Search,Hyderabad,1,1,1,0,0,0,0,8.4
U07525,2026-03-21,Mobile,Email,Mumbai,1,0,0,0,0,0,0,3.6
U07526,2026-01-15,Mobile,Email,Pune,1,1,1,0,0,0,0,2.5
U07527,2026-03-28,Mobile,Social Media,Pune,1,1,1,1,0,0,0,9.9
U07528,2026-01-07,Mobile,Paid Search,Mumbai,1,0,0,0,0,0,0,4.9
U07529,2026-01-08,Desktop,Direct,Bengaluru,1,1,1,1,0,0,0,8.3
U07530,2026-03-10,Mobile,Social Media,Hyderabad,1,0,0,0,0,0,0,3.6
U07531,2026-01-28,Mobile,Referral,Bengaluru,1,1,1,0,0,0,0,7.3
U07532,2026-01-30,Mobile,Organic Search,Mumbai,1,1,0,0,0,0,0,3.9
U07533,2026-01-26,Mobile,Paid Search,Hyderabad,1,0,0,0,0,0,0,10.4
U07534,2026-01-13,Mobile,Direct,Other,1,0,0,0,0,0,0,16.2
U07535,2026-02-10,Desktop,Organic Search,Pune,1,0,0,0,0,0,0,5
U07536,2026-01-17,Desktop,Social Media,Hyderabad,1,1,1,1,0,0,0,9.1
U07537,2026-02-15,Desktop,Social Media,Mumbai,1,1,1,0,0,0,0,14.6
U07538,2026-02-14,Mobile,Referral,Delhi,1,1,1,0,0,0,0,10.4
U07539,2026-03-02,Mobile,Paid Search,Bengaluru,1,0,0,0,0,0,0,12.1
U07540,2026-01-07,Mobile,Organic Search,Mumbai,1,1,1,0,0,0,0,9.1
U07541,2026-03-19,Mobile,Direct,Chennai,1,0,0,0,0,0,0,4.5
U07542,2026-02-05,Mobile,Social Media,Hyderabad,1,1,1,0,0,0,0,4.9
U07543,2026-01-16,Mobile,Organic Search,Mumbai,1,1,1,0,0,0,0,7
U07544,2026-01-15,Tablet,Organic Search,Other,1,0,0,0,0,0,0,4.7
U07545,2026-02-09,Mobile,Direct,Bengaluru,1,1,1,0,0,0,0,4.8
U07546,2026-03-12,Mobile,Organic Search,Mumbai,1,0,0,0,0,0,0,8.9
U07547,2026-02-05,Desktop,Social Media,Bengaluru,1,0,0,0,0,0,0,7.7
U07548,2026-02-14,Mobile,Paid Search,Pune,1,1,1,1,1,1,1826.57,20.3
U07549,2026-02-27,Desktop,Direct,Pune,1,0,0,0,0,0,0,7.4
U07550,2026-02-12,Desktop,Referral,Hyderabad,1,0,0,0,0,0,0,2.2
U07551,2026-03-11,Tablet,Social Media,Pune,1,0,0,0,0,0,0,8.2
U07552,2026-01-01,Mobile,Organic Search,Hyderabad,1,0,0,0,0,0,0,10.6
U07553,2026-03-28,Desktop,Direct,Hyderabad,1,0,0,0,0,0,0,6.9
U07554,2026-03-05,Mobile,Paid Search,Mumbai,1,1,1,0,0,0,0,2.2
U07555,2026-02-04,Desktop,Direct,Chennai,1,0,0,0,0,0,0,0.5
U07556,2026-02-08,Mobile,Social Media,Mumbai,1,1,1,0,0,0,0,10.8
U07557,2026-01-06,Mobile,Email,Mumbai,1,1,1,1,1,1,6966.43,3.5
U07558,2026-01-10,Mobile,Organic Search,Hyderabad,1,0,0,0,0,0,0,1.8
U07559,2026-01-15,Mobile,Email,Bengaluru,1,1,1,0,0,0,0,1.8
U07560,2026-03-10,Desktop,Paid Search,Chennai,1,0,0,0,0,0,0,9.8
U07561,2026-01-12,Desktop,Paid Search,Bengaluru,1,0,0,0,0,0,0,2.8
U07562,2026-02-01,Desktop,Organic Search,Hyderabad,1,0,0,0,0,0,0,5.4
U07563,2026-02-24,Mobile,Organic Search,Hyderabad,1,0,0,0,0,0,0,2.6
U07564,2026-03-10,Desktop,Organic Search,Pune,1,1,1,0,0,0,0,8.6
U07565,2026-02-11,Mobile,Paid Search,Other,1,0,0,0,0,0,0,7.8
U07566,2026-01-02,Desktop,Direct,Hyderabad,1,1,1,0,0,0,0,12.8
U07567,2026-02-10,Desktop,Paid Search,Bengaluru,1,1,1,1,1,1,2466.73,8.2
U07568,2026-02-11,Mobile,Email,Mumbai,1,0,0,0,0,0,0,4.5
U07569,2026-01-06,Desktop,Organic Search,Other,1,1,0,0,0,0,0,7.1
U07570,2026-01-26,Mobile,Social Media,Bengaluru,1,1,1,0,0,0,0,4.7
U07571,2026-03-31,Mobile,Social Media,Pune,1,1,1,0,0,0,0,3.2
U07572,2026-03-13,Mobile,Direct,Chennai,1,0,0,0,0,0,0,5
U07573,2026-03-30,Mobile,Referral,Other,1,0,0,0,0,0,0,6.9
U07574,2026-01-23,Desktop,Social Media,Hyderabad,1,0,0,0,0,0,0,7.5
U07575,2026-02-07,Mobile,Referral,Other,1,1,0,0,0,0,0,7.3
U07576,2026-01-17,Mobile,Organic Search,Chennai,1,0,0,0,0,0,0,2.8
U07577,2026-02-27,Mobile,Social Media,Other,1,1,0,0,0,0,0,6.6
U07578,2026-02-20,Desktop,Organic Search,Chennai,1,1,1,0,0,0,0,3
U07579,2026-03-21,Desktop,Paid Search,Mumbai,1,0,0,0,0,0,0,11.2
U07580,2026-02-14,Desktop,Organic Search,Pune,1,0,0,0,0,0,0,5.1
U07581,2026-03-30,Desktop,Email,Delhi,1,1,1,0,0,0,0,2.8
U07582,2026-01-25,Mobile,Social Media,Mumbai,1,0,0,0,0,0,0,4.8
U07583,2026-02-01,Mobile,Referral,Chennai,1,0,0,0,0,0,0,3.4
U07584,2026-01-19,Mobile,Social Media,Delhi,1,0,0,0,0,0,0,1.3
U07585,2026-03-01,Mobile,Organic Search,Other,1,0,0,0,0,0,0,9.6
U07586,2026-03-27,Desktop,Email,Hyderabad,1,0,0,0,0,0,0,2.6
U07587,2026-03-24,Mobile,Referral,Mumbai,1,0,0,0,0,0,0,4.8
U07588,2026-01-11,Desktop,Direct,Pune,1,0,0,0,0,0,0,5.9
U07589,2026-03-27,Mobile,Social Media,Mumbai,1,1,1,0,0,0,0,3.7
U07590,2026-03-25,Mobile,Referral,Pune,1,0,0,0,0,0,0,4.9
U07591,2026-02-16,Mobile,Referral,Pune,1,0,0,0,0,0,0,8.2
U07592,2026-03-21,Desktop,Organic Search,Delhi,1,1,1,0,0,0,0,1.7
U07593,2026-02-12,Desktop,Organic Search,Delhi,1,1,0,0,0,0,0,6.3
U07594,2026-03-16,Desktop,Organic Search,Other,1,0,0,0,0,0,0,6.2
U07595,2026-01-06,Mobile,Paid Search,Pune,1,1,1,0,0,0,0,6
U07596,2026-03-02,Tablet,Social Media,Pune,1,0,0,0,0,0,0,8.7
U07597,2026-03-08,Mobile,Direct,Hyderabad,1,0,0,0,0,0,0,10.6
U07598,2026-03-03,Mobile,Paid Search,Bengaluru,1,1,1,1,0,0,0,3.5
U07599,2026-01-19,Tablet,Email,Mumbai,1,0,0,0,0,0,0,18.4
U07600,2026-03-15,Mobile,Email,Delhi,1,1,1,0,0,0,0,5
U07601,2026-02-01,Desktop,Organic Search,Bengaluru,1,1,0,0,0,0,0,5.1
U07602,2026-03-26,Mobile,Organic Search,Hyderabad,1,0,0,0,0,0,0,4.9
U07603,2026-01-31,Mobile,Social Media,Bengaluru,1,0,0,0,0,0,0,3.8
U07604,2026-03-11,Desktop,Email,Delhi,1,0,0,0,0,0,0,8.1
U07605,2026-01-04,Mobile,Direct,Pune,1,0,0,0,0,0,0,4.9
U07606,2026-02-04,Desktop,Paid Search,Other,1,1,1,0,0,0,0,9.3
U07607,2026-01-13,Mobile,Direct,Bengaluru,1,0,0,0,0,0,0,12.8
U07608,2026-02-08,Desktop,Paid Search,Bengaluru,1,0,0,0,0,0,0,8.2
U07609,2026-03-17,Mobile,Email,Chennai,1,0,0,0,0,0,0,2.5
U07610,2026-03-28,Mobile,Social Media,Bengaluru,1,0,0,0,0,0,0,19.9
U07611,2026-02-27,Mobile,Organic Search,Delhi,1,0,0,0,0,0,0,8.1
U07612,2026-01-03,Mobile,Organic Search,Bengaluru,1,0,0,0,0,0,0,2.9
U07613,2026-01-17,Desktop,Organic Search,Hyderabad,1,1,1,1,0,0,0,1.1
U07614,2026-02-27,Mobile,Paid Search,Chennai,1,0,0,0,0,0,0,4.2
U07615,2026-03-27,Mobile,Email,Bengaluru,1,0,0,0,0,0,0,3.1
U07616,2026-02-15,Mobile,Organic Search,Hyderabad,1,0,0,0,0,0,0,11.9
U07617,2026-01-29,Mobile,Social Media,Chennai,1,0,0,0,0,0,0,5.4
U07618,2026-01-07,Desktop,Paid Search,Bengaluru,1,0,0,0,0,0,0,11.3
U07619,2026-02-20,Tablet,Referral,Chennai,1,0,0,0,0,0,0,11.6
U07620,2026-03-09,Mobile,Referral,Bengaluru,1,0,0,0,0,0,0,3.8
U07621,2026-03-05,Desktop,Referral,Mumbai,1,1,1,0,0,0,0,0.5
U07622,2026-01-11,Mobile,Social Media,Other,1,0,0,0,0,0,0,8.2
U07623,2026-02-04,Mobile,Paid Search,Mumbai,1,1,1,0,0,0,0,1.2
U07624,2026-02-28,Desktop,Referral,Mumbai,1,0,0,0,0,0,0,11.6
U07625,2026-01-28,Mobile,Organic Search,Other,1,1,1,0,0,0,0,5.7
U07626,2026-03-23,Desktop,Paid Search,Bengaluru,1,1,1,1,1,1,2037.78,6.3
U07627,2026-01-06,Desktop,Organic Search,Hyderabad,1,1,1,0,0,0,0,1.9
U07628,2026-03-28,Mobile,Email,Bengaluru,1,0,0,0,0,0,0,19.4
U07629,2026-01-16,Desktop,Email,Chennai,1,0,0,0,0,0,0,11.6
U07630,2026-03-28,Desktop,Email,Mumbai,1,1,0,0,0,0,0,5.2
U07631,2026-02-04,Mobile,Paid Search,Hyderabad,1,1,1,0,0,0,0,2.8
U07632,2026-01-06,Mobile,Organic Search,Pune,1,1,0,0,0,0,0,2.1
U07633,2026-03-29,Mobile,Direct,Hyderabad,1,0,0,0,0,0,0,10.1
U07634,2026-01-15,Tablet,Social Media,Other,1,1,1,0,0,0,0,9
U07635,2026-01-09,Desktop,Paid Search,Other,1,0,0,0,0,0,0,10.4
U07636,2026-02-15,Mobile,Social Media,Other,1,1,0,0,0,0,0,3.9
U07637,2026-01-08,Mobile,Organic Search,Pune,1,1,1,1,0,0,0,3.5
U07638,2026-02-02,Desktop,Organic Search,Hyderabad,1,1,1,0,0,0,0,9
U07639,2026-01-26,Mobile,Paid Search,Delhi,1,1,1,0,0,0,0,7.5
U07640,2026-01-17,Mobile,Organic Search,Bengaluru,1,0,0,0,0,0,0,9.1
U07641,2026-01-11,Mobile,Organic Search,Pune,1,0,0,0,0,0,0,4.4
U07642,2026-01-26,Mobile,Direct,Bengaluru,1,0,0,0,0,0,0,6.3
U07643,2026-03-09,Mobile,Social Media,Bengaluru,1,0,0,0,0,0,0,8.3
U07644,2026-03-13,Mobile,Social Media,Other,1,0,0,0,0,0,0,4.8
U07645,2026-03-29,Mobile,Email,Hyderabad,1,0,0,0,0,0,0,6.3
U07646,2026-03-28,Desktop,Direct,Hyderabad,1,0,0,0,0,0,0,2.8
U07647,2026-03-19,Mobile,Organic Search,Chennai,1,0,0,0,0,0,0,3.1
U07648,2026-02-08,Mobile,Referral,Delhi,1,1,1,0,0,0,0,7.6
U07649,2026-03-24,Mobile,Social Media,Mumbai,1,0,0,0,0,0,0,2.2
U07650,2026-03-07,Mobile,Organic Search,Delhi,1,0,0,0,0,0,0,10.7
U07651,2026-03-09,Mobile,Paid Search,Pune,1,0,0,0,0,0,0,2.5
U07652,2026-02-21,Mobile,Social Media,Hyderabad,1,1,1,0,0,0,0,4.7
U07653,2026-01-11,Mobile,Email,Mumbai,1,0,0,0,0,0,0,2.5
U07654,2026-03-24,Desktop,Organic Search,Delhi,1,1,1,1,0,0,0,3.6
U07655,2026-03-30,Desktop,Social Media,Mumbai,1,0,0,0,0,0,0,9.9
U07656,2026-02-19,Desktop,Email,Chennai,1,0,0,0,0,0,0,13.4
U07657,2026-02-21,Desktop,Paid Search,Hyderabad,1,0,0,0,0,0,0,12.4
U07658,2026-02-19,Desktop,Direct,Hyderabad,1,0,0,0,0,0,0,8.7
U07659,2026-03-03,Mobile,Direct,Hyderabad,1,0,0,0,0,0,0,6.9
U07660,2026-02-24,Desktop,Social Media,Bengaluru,1,0,0,0,0,0,0,4
U07661,2026-02-02,Mobile,Direct,Hyderabad,1,0,0,0,0,0,0,7.4
U07662,2026-02-22,Desktop,Organic Search,Chennai,1,0,0,0,0,0,0,2.3
U07663,2026-01-13,Desktop,Organic Search,Hyderabad,1,1,1,1,0,0,0,6.1
U07664,2026-02-26,Mobile,Paid Search,Delhi,1,1,1,0,0,0,0,18.9
U07665,2026-02-21,Mobile,Social Media,Pune,1,1,1,1,0,0,0,8.5
U07666,2026-01-03,Mobile,Social Media,Chennai,1,0,0,0,0,0,0,5.4
U07667,2026-01-15,Desktop,Social Media,Mumbai,1,0,0,0,0,0,0,12.1
U07668,2026-03-16,Desktop,Organic Search,Other,1,0,0,0,0,0,0,5.5
U07669,2026-03-09,Desktop,Organic Search,Mumbai,1,1,1,1,1,1,1746.13,10.9
U07670,2026-01-28,Mobile,Direct,Other,1,1,1,1,0,0,0,6
U07671,2026-02-08,Desktop,Direct,Hyderabad,1,0,0,0,0,0,0,3.9
U07672,2026-02-25,Mobile,Email,Pune,1,0,0,0,0,0,0,10.8
U07673,2026-01-30,Desktop,Email,Chennai,1,0,0,0,0,0,0,6.4
U07674,2026-02-17,Mobile,Social Media,Hyderabad,1,1,1,0,0,0,0,4.6
U07675,2026-02-23,Mobile,Organic Search,Other,1,0,0,0,0,0,0,5.1
U07676,2026-03-07,Mobile,Paid Search,Other,1,1,1,0,0,0,0,4.1
U07677,2026-03-19,Desktop,Email,Chennai,1,1,1,1,0,0,0,9.5
U07678,2026-03-05,Tablet,Social Media,Other,1,1,1,0,0,0,0,0.8
U07679,2026-02-26,Mobile,Organic Search,Hyderabad,1,0,0,0,0,0,0,4.4
U07680,2026-02-24,Mobile,Direct,Delhi,1,0,0,0,0,0,0,3.1
U07681,2026-03-24,Tablet,Referral,Hyderabad,1,0,0,0,0,0,0,0.9
U07682,2026-03-01,Mobile,Paid Search,Bengaluru,1,1,1,1,0,0,0,13.6
U07683,2026-03-15,Mobile,Social Media,Delhi,1,0,0,0,0,0,0,15.2
U07684,2026-03-09,Mobile,Direct,Bengaluru,1,1,0,0,0,0,0,5.2
U07685,2026-02-05,Mobile,Organic Search,Hyderabad,1,1,1,0,0,0,0,11.8
U07686,2026-01-29,Desktop,Social Media,Chennai,1,1,1,1,1,1,2763.56,25.5
U07687,2026-02-11,Desktop,Social Media,Bengaluru,1,1,1,1,1,0,0,12.3
U07688,2026-02-18,Mobile,Paid Search,Delhi,1,0,0,0,0,0,0,5.3
U07689,2026-03-18,Mobile,Referral,Hyderabad,1,0,0,0,0,0,0,2.6
U07690,2026-01-16,Desktop,Paid Search,Pune,1,0,0,0,0,0,0,3.3
U07691,2026-02-02,Mobile,Organic Search,Bengaluru,1,1,1,0,0,0,0,2.3
U07692,2026-01-11,Desktop,Organic Search,Chennai,1,1,0,0,0,0,0,12.6
U07693,2026-02-20,Mobile,Organic Search,Bengaluru,1,0,0,0,0,0,0,4.2
U07694,2026-03-03,Mobile,Paid Search,Mumbai,1,0,0,0,0,0,0,9.9
U07695,2026-03-31,Tablet,Email,Hyderabad,1,1,1,1,1,0,0,10
U07696,2026-03-09,Desktop,Organic Search,Chennai,1,0,0,0,0,0,0,13.4
U07697,2026-02-03,Mobile,Email,Bengaluru,1,0,0,0,0,0,0,3
U07698,2026-02-07,Desktop,Email,Pune,1,0,0,0,0,0,0,6.2
U07699,2026-02-28,Mobile,Paid Search,Hyderabad,1,1,1,0,0,0,0,7.3
U07700,2026-03-13,Mobile,Social Media,Pune,1,1,1,0,0,0,0,19.3
U07701,2026-02-12,Tablet,Email,Hyderabad,1,1,1,0,0,0,0,2.3
U07702,2026-02-19,Desktop,Social Media,Hyderabad,1,1,1,1,1,1,3110.34,16.3
U07703,2026-01-30,Desktop,Paid Search,Bengaluru,1,0,0,0,0,0,0,5.9
U07704,2026-01-20,Mobile,Social Media,Hyderabad,1,1,1,0,0,0,0,4.3
U07705,2026-03-21,Mobile,Direct,Mumbai,1,0,0,0,0,0,0,2.1
U07706,2026-01-15,Mobile,Paid Search,Other,1,0,0,0,0,0,0,2.6
U07707,2026-01-04,Mobile,Paid Search,Hyderabad,1,0,0,0,0,0,0,5.9
U07708,2026-01-27,Desktop,Social Media,Chennai,1,0,0,0,0,0,0,5.6
U07709,2026-02-05,Mobile,Organic Search,Chennai,1,1,1,0,0,0,0,15.3
U07710,2026-02-03,Desktop,Social Media,Bengaluru,1,1,0,0,0,0,0,0.9
U07711,2026-03-24,Mobile,Paid Search,Bengaluru,1,1,1,1,1,1,4929.91,5.3
U07712,2026-02-17,Mobile,Organic Search,Pune,1,1,1,0,0,0,0,5.9
U07713,2026-02-27,Mobile,Social Media,Hyderabad,1,0,0,0,0,0,0,9.1
U07714,2026-01-21,Mobile,Organic Search,Delhi,1,0,0,0,0,0,0,5.6
U07715,2026-02-11,Mobile,Paid Search,Bengaluru,1,1,1,1,1,1,2030.15,6.4
U07716,2026-02-22,Tablet,Organic Search,Chennai,1,0,0,0,0,0,0,4.8
U07717,2026-01-21,Mobile,Organic Search,Chennai,1,0,0,0,0,0,0,3.2
U07718,2026-01-25,Tablet,Referral,Bengaluru,1,1,1,1,1,0,0,11.8
U07719,2026-03-22,Mobile,Direct,Hyderabad,1,0,0,0,0,0,0,10.9
U07720,2026-03-23,Tablet,Organic Search,Hyderabad,1,0,0,0,0,0,0,9.7
U07721,2026-03-02,Mobile,Social Media,Bengaluru,1,0,0,0,0,0,0,7.9
U07722,2026-01-27,Tablet,Paid Search,Pune,1,0,0,0,0,0,0,5.7
U07723,2026-01-04,Mobile,Social Media,Hyderabad,1,1,0,0,0,0,0,8.4
U07724,2026-03-01,Desktop,Paid Search,Delhi,1,1,1,0,0,0,0,3.2
U07725,2026-01-19,Desktop,Paid Search,Bengaluru,1,0,0,0,0,0,0,6
U07726,2026-01-17,Mobile,Email,Pune,1,1,1,1,1,1,6746.21,0.7
U07727,2026-03-02,Mobile,Organic Search,Chennai,1,1,1,0,0,0,0,10.1
U07728,2026-02-03,Mobile,Organic Search,Hyderabad,1,0,0,0,0,0,0,4.1
U07729,2026-02-20,Tablet,Referral,Other,1,1,1,0,0,0,0,9.4
U07730,2026-01-17,Mobile,Email,Hyderabad,1,0,0,0,0,0,0,4.4
U07731,2026-03-25,Mobile,Social Media,Mumbai,1,1,1,0,0,0,0,6.5
U07732,2026-03-21,Mobile,Social Media,Mumbai,1,1,1,0,0,0,0,4.7
U07733,2026-03-10,Mobile,Social Media,Bengaluru,1,0,0,0,0,0,0,6.2
U07734,2026-02-08,Desktop,Paid Search,Other,1,1,1,1,1,0,0,9
U07735,2026-03-12,Mobile,Paid Search,Pune,1,1,1,0,0,0,0,11
U07736,2026-03-14,Desktop,Social Media,Pune,1,0,0,0,0,0,0,8.1
U07737,2026-01-14,Desktop,Social Media,Other,1,0,0,0,0,0,0,8.1
U07738,2026-01-16,Mobile,Email,Chennai,1,0,0,0,0,0,0,2.8
U07739,2026-01-24,Desktop,Email,Hyderabad,1,0,0,0,0,0,0,9.4
U07740,2026-02-19,Mobile,Paid Search,Delhi,1,0,0,0,0,0,0,7.7
U07741,2026-03-13,Mobile,Paid Search,Chennai,1,0,0,0,0,0,0,11.7
U07742,2026-01-26,Mobile,Paid Search,Hyderabad,1,0,0,0,0,0,0,2.6
U07743,2026-01-17,Desktop,Social Media,Chennai,1,0,0,0,0,0,0,2.3
U07744,2026-01-26,Mobile,Social Media,Other,1,1,1,0,0,0,0,12.4
U07745,2026-02-13,Mobile,Direct,Hyderabad,1,1,1,1,0,0,0,11.4
U07746,2026-02-12,Mobile,Email,Pune,1,1,1,0,0,0,0,7
U07747,2026-02-26,Mobile,Direct,Chennai,1,0,0,0,0,0,0,6.5
U07748,2026-01-03,Desktop,Email,Hyderabad,1,1,1,0,0,0,0,10.3
U07749,2026-03-12,Mobile,Direct,Pune,1,1,0,0,0,0,0,9.9
U07750,2026-03-10,Desktop,Email,Other,1,1,1,1,1,0,0,6.4
U07751,2026-01-20,Mobile,Direct,Bengaluru,1,1,1,0,0,0,0,6.1
U07752,2026-02-09,Desktop,Organic Search,Bengaluru,1,1,1,0,0,0,0,5.3
U07753,2026-01-05,Mobile,Organic Search,Chennai,1,0,0,0,0,0,0,9
U07754,2026-03-03,Mobile,Social Media,Pune,1,0,0,0,0,0,0,16
U07755,2026-01-25,Mobile,Direct,Hyderabad,1,0,0,0,0,0,0,8.6
U07756,2026-01-09,Desktop,Paid Search,Bengaluru,1,0,0,0,0,0,0,14.9
U07757,2026-01-14,Mobile,Organic Search,Delhi,1,1,1,1,0,0,0,6.9
U07758,2026-01-11,Desktop,Social Media,Chennai,1,0,0,0,0,0,0,5.4
U07759,2026-01-18,Desktop,Email,Bengaluru,1,1,1,0,0,0,0,5.7
U07760,2026-03-26,Mobile,Paid Search,Pune,1,1,1,0,0,0,0,19.4
U07761,2026-01-06,Mobile,Email,Other,1,0,0,0,0,0,0,14
U07762,2026-01-03,Mobile,Direct,Other,1,0,0,0,0,0,0,1.3
U07763,2026-03-15,Mobile,Direct,Bengaluru,1,0,0,0,0,0,0,10.2
U07764,2026-01-21,Desktop,Paid Search,Other,1,1,1,1,1,1,3435.21,9.8
U07765,2026-03-02,Desktop,Paid Search,Delhi,1,1,1,0,0,0,0,12.7
U07766,2026-03-14,Desktop,Paid Search,Hyderabad,1,1,1,1,1,1,2935.35,14.7
U07767,2026-02-10,Mobile,Paid Search,Mumbai,1,0,0,0,0,0,0,2.3
U07768,2026-03-01,Mobile,Organic Search,Hyderabad,1,0,0,0,0,0,0,3.9
U07769,2026-03-23,Mobile,Referral,Delhi,1,0,0,0,0,0,0,4.3
U07770,2026-02-03,Desktop,Paid Search,Delhi,1,0,0,0,0,0,0,3.1
U07771,2026-03-19,Mobile,Direct,Delhi,1,1,1,0,0,0,0,19.6
U07772,2026-03-08,Desktop,Direct,Hyderabad,1,0,0,0,0,0,0,12
U07773,2026-03-19,Mobile,Organic Search,Mumbai,1,0,0,0,0,0,0,6.3
U07774,2026-03-28,Mobile,Direct,Hyderabad,1,0,0,0,0,0,0,8.8
U07775,2026-03-17,Mobile,Email,Other,1,0,0,0,0,0,0,5.2
U07776,2026-02-20,Mobile,Social Media,Delhi,1,1,0,0,0,0,0,5.8
U07777,2026-03-22,Mobile,Paid Search,Hyderabad,1,0,0,0,0,0,0,1.6
U07778,2026-02-05,Desktop,Social Media,Hyderabad,1,0,0,0,0,0,0,8.9
U07779,2026-02-04,Desktop,Paid Search,Delhi,1,1,1,1,1,0,0,2
U07780,2026-03-04,Mobile,Social Media,Chennai,1,0,0,0,0,0,0,6.9
U07781,2026-02-28,Mobile,Organic Search,Delhi,1,1,1,0,0,0,0,6.5
U07782,2026-03-15,Mobile,Social Media,Bengaluru,1,1,1,0,0,0,0,11.7
U07783,2026-01-14,Desktop,Paid Search,Mumbai,1,1,1,0,0,0,0,16.7
U07784,2026-03-30,Mobile,Organic Search,Hyderabad,1,0,0,0,0,0,0,5.3
U07785,2026-03-24,Tablet,Social Media,Mumbai,1,1,1,1,1,1,2440.96,5.7
U07786,2026-03-03,Mobile,Social Media,Other,1,1,1,0,0,0,0,7.2
U07787,2026-01-21,Mobile,Paid Search,Mumbai,1,0,0,0,0,0,0,6.6
U07788,2026-02-10,Tablet,Organic Search,Hyderabad,1,1,1,0,0,0,0,2.8
U07789,2026-03-01,Mobile,Direct,Other,1,0,0,0,0,0,0,3.5
U07790,2026-02-26,Mobile,Social Media,Hyderabad,1,1,1,0,0,0,0,4.9
U07791,2026-01-12,Mobile,Organic Search,Delhi,1,0,0,0,0,0,0,5.2
U07792,2026-02-26,Mobile,Social Media,Mumbai,1,1,0,0,0,0,0,3.5
U07793,2026-02-09,Mobile,Social Media,Bengaluru,1,1,1,1,0,0,0,2.8
U07794,2026-01-10,Desktop,Organic Search,Hyderabad,1,0,0,0,0,0,0,10.4
U07795,2026-03-03,Desktop,Social Media,Hyderabad,1,0,0,0,0,0,0,18.7
U07796,2026-01-13,Mobile,Referral,Pune,1,0,0,0,0,0,0,4.3
U07797,2026-03-03,Tablet,Email,Pune,1,0,0,0,0,0,0,10.8
U07798,2026-03-08,Mobile,Organic Search,Chennai,1,0,0,0,0,0,0,3.7
U07799,2026-02-11,Mobile,Direct,Hyderabad,1,0,0,0,0,0,0,6.4
U07800,2026-03-06,Mobile,Paid Search,Pune,1,0,0,0,0,0,0,6.7
U07801,2026-03-08,Mobile,Direct,Chennai,1,0,0,0,0,0,0,2
U07802,2026-02-15,Mobile,Organic Search,Chennai,1,0,0,0,0,0,0,2.3
U07803,2026-03-31,Tablet,Social Media,Chennai,1,1,1,0,0,0,0,25.4
U07804,2026-03-09,Mobile,Social Media,Bengaluru,1,0,0,0,0,0,0,6.7
U07805,2026-02-06,Mobile,Organic Search,Mumbai,1,0,0,0,0,0,0,8.6
U07806,2026-02-27,Mobile,Referral,Mumbai,1,0,0,0,0,0,0,7.5
U07807,2026-03-13,Desktop,Social Media,Chennai,1,1,0,0,0,0,0,3.7
U07808,2026-03-03,Desktop,Organic Search,Pune,1,0,0,0,0,0,0,5.4
U07809,2026-02-16,Mobile,Social Media,Bengaluru,1,0,0,0,0,0,0,5.7
U07810,2026-01-31,Mobile,Social Media,Mumbai,1,0,0,0,0,0,0,13
U07811,2026-01-30,Mobile,Organic Search,Bengaluru,1,0,0,0,0,0,0,9.9
U07812,2026-01-26,Mobile,Direct,Delhi,1,0,0,0,0,0,0,8.2
U07813,2026-02-28,Mobile,Direct,Hyderabad,1,0,0,0,0,0,0,14.1
U07814,2026-03-21,Mobile,Paid Search,Hyderabad,1,1,1,0,0,0,0,13.6
U07815,2026-03-27,Mobile,Social Media,Pune,1,1,1,1,1,0,0,3.9
U07816,2026-01-13,Mobile,Paid Search,Hyderabad,1,1,1,0,0,0,0,6.8
U07817,2026-01-25,Mobile,Referral,Mumbai,1,0,0,0,0,0,0,8.2
U07818,2026-02-25,Tablet,Direct,Other,1,1,1,0,0,0,0,10.9
U07819,2026-02-25,Desktop,Paid Search,Mumbai,1,1,1,1,1,1,3216.22,6.4
U07820,2026-02-23,Mobile,Referral,Hyderabad,1,0,0,0,0,0,0,7.5
U07821,2026-03-19,Mobile,Social Media,Bengaluru,1,0,0,0,0,0,0,5
U07822,2026-03-06,Mobile,Paid Search,Pune,1,0,0,0,0,0,0,5.1
U07823,2026-03-22,Mobile,Direct,Bengaluru,1,0,0,0,0,0,0,10.5
U07824,2026-02-22,Desktop,Social Media,Delhi,1,0,0,0,0,0,0,10.9
U07825,2026-02-09,Mobile,Social Media,Delhi,1,1,1,1,0,0,0,5.2
U07826,2026-03-21,Desktop,Email,Chennai,1,1,1,1,0,0,0,1.4
U07827,2026-01-21,Tablet,Paid Search,Delhi,1,0,0,0,0,0,0,9.3
U07828,2026-01-27,Mobile,Paid Search,Bengaluru,1,1,1,0,0,0,0,9.1
U07829,2026-03-12,Mobile,Direct,Mumbai,1,0,0,0,0,0,0,4.1
U07830,2026-03-04,Mobile,Email,Delhi,1,0,0,0,0,0,0,2.2
U07831,2026-01-28,Mobile,Referral,Hyderabad,1,1,1,0,0,0,0,3.1
U07832,2026-02-13,Mobile,Paid Search,Bengaluru,1,0,0,0,0,0,0,5.5
U07833,2026-02-11,Mobile,Social Media,Mumbai,1,0,0,0,0,0,0,3
U07834,2026-02-08,Desktop,Direct,Mumbai,1,0,0,0,0,0,0,1.7
U07835,2026-03-29,Mobile,Paid Search,Chennai,1,0,0,0,0,0,0,10.7
U07836,2026-02-27,Mobile,Organic Search,Delhi,1,0,0,0,0,0,0,15
U07837,2026-02-05,Mobile,Social Media,Chennai,1,1,0,0,0,0,0,2.1
U07838,2026-02-22,Desktop,Paid Search,Pune,1,1,1,0,0,0,0,5.1
U07839,2026-03-22,Mobile,Organic Search,Delhi,1,0,0,0,0,0,0,5.6
U07840,2026-03-11,Desktop,Direct,Bengaluru,1,0,0,0,0,0,0,10.8
U07841,2026-02-25,Mobile,Direct,Chennai,1,1,1,1,1,1,3529.56,5.4
U07842,2026-02-17,Mobile,Social Media,Delhi,1,1,1,0,0,0,0,3.6
U07843,2026-02-13,Mobile,Referral,Pune,1,1,1,0,0,0,0,19.6
U07844,2026-03-31,Mobile,Direct,Hyderabad,1,1,1,0,0,0,0,6.7
U07845,2026-02-13,Desktop,Email,Mumbai,1,0,0,0,0,0,0,10.1
U07846,2026-01-07,Mobile,Organic Search,Hyderabad,1,1,1,0,0,0,0,8.2
U07847,2026-02-06,Desktop,Organic Search,Bengaluru,1,1,1,1,1,0,0,1.2
U07848,2026-03-21,Mobile,Organic Search,Delhi,1,0,0,0,0,0,0,8.3
U07849,2026-03-07,Mobile,Organic Search,Hyderabad,1,1,1,0,0,0,0,7.6
U07850,2026-03-28,Mobile,Paid Search,Delhi,1,0,0,0,0,0,0,2.6
U07851,2026-02-10,Mobile,Paid Search,Other,1,0,0,0,0,0,0,2.6
U07852,2026-02-08,Desktop,Organic Search,Other,1,0,0,0,0,0,0,10.5
U07853,2026-02-05,Desktop,Organic Search,Bengaluru,1,1,1,0,0,0,0,6.8
U07854,2026-01-08,Mobile,Social Media,Delhi,1,0,0,0,0,0,0,8.4
U07855,2026-02-12,Mobile,Paid Search,Other,1,0,0,0,0,0,0,13.2
U07856,2026-01-15,Mobile,Referral,Hyderabad,1,1,1,1,1,0,0,1.4
U07857,2026-03-19,Mobile,Organic Search,Chennai,1,0,0,0,0,0,0,9.8
U07858,2026-02-23,Mobile,Referral,Other,1,0,0,0,0,0,0,14
U07859,2026-01-06,Mobile,Direct,Bengaluru,1,0,0,0,0,0,0,8.1
U07860,2026-02-20,Mobile,Email,Other,1,0,0,0,0,0,0,5.5
U07861,2026-01-13,Mobile,Email,Mumbai,1,0,0,0,0,0,0,3.9
U07862,2026-03-17,Mobile,Direct,Hyderabad,1,0,0,0,0,0,0,3.1
U07863,2026-01-27,Mobile,Organic Search,Chennai,1,0,0,0,0,0,0,9.7
U07864,2026-02-03,Desktop,Direct,Bengaluru,1,1,1,0,0,0,0,7.5
U07865,2026-02-20,Mobile,Referral,Bengaluru,1,0,0,0,0,0,0,18.5
U07866,2026-03-16,Tablet,Email,Mumbai,1,1,0,0,0,0,0,4.8
U07867,2026-01-28,Mobile,Paid Search,Chennai,1,0,0,0,0,0,0,4.2
U07868,2026-03-12,Mobile,Social Media,Chennai,1,0,0,0,0,0,0,9
U07869,2026-02-04,Mobile,Email,Hyderabad,1,0,0,0,0,0,0,9.3
U07870,2026-01-20,Mobile,Social Media,Pune,1,0,0,0,0,0,0,9.7
U07871,2026-03-16,Desktop,Email,Chennai,1,1,1,1,0,0,0,11
U07872,2026-03-26,Mobile,Organic Search,Pune,1,0,0,0,0,0,0,6
U07873,2026-01-02,Tablet,Paid Search,Pune,1,1,0,0,0,0,0,3.9
U07874,2026-01-21,Desktop,Paid Search,Bengaluru,1,1,1,0,0,0,0,3.2
U07875,2026-02-11,Mobile,Paid Search,Hyderabad,1,0,0,0,0,0,0,21.1
U07876,2026-01-22,Mobile,Organic Search,Other,1,0,0,0,0,0,0,4.8
U07877,2026-03-30,Desktop,Organic Search,Delhi,1,0,0,0,0,0,0,21.5
U07878,2026-02-27,Mobile,Paid Search,Hyderabad,1,0,0,0,0,0,0,6.4
U07879,2026-02-05,Desktop,Social Media,Delhi,1,1,1,0,0,0,0,3.7
U07880,2026-01-16,Mobile,Organic Search,Hyderabad,1,1,1,1,1,1,3220.62,2.8
U07881,2026-02-06,Mobile,Direct,Hyderabad,1,0,0,0,0,0,0,2.8
U07882,2026-01-21,Mobile,Referral,Mumbai,1,0,0,0,0,0,0,9.2
U07883,2026-03-06,Mobile,Email,Hyderabad,1,0,0,0,0,0,0,11.7
U07884,2026-02-28,Desktop,Organic Search,Other,1,1,1,0,0,0,0,7.2
U07885,2026-03-08,Mobile,Social Media,Pune,1,0,0,0,0,0,0,11.7
U07886,2026-01-26,Desktop,Social Media,Mumbai,1,1,0,0,0,0,0,9.2
U07887,2026-02-04,Mobile,Direct,Hyderabad,1,1,1,0,0,0,0,6.1
U07888,2026-01-09,Mobile,Email,Bengaluru,1,1,1,0,0,0,0,9
U07889,2026-01-09,Mobile,Social Media,Bengaluru,1,0,0,0,0,0,0,7.9
U07890,2026-03-18,Mobile,Direct,Chennai,1,1,1,0,0,0,0,7.5
U07891,2026-01-23,Mobile,Organic Search,Hyderabad,1,1,1,0,0,0,0,7
U07892,2026-02-22,Mobile,Organic Search,Mumbai,1,1,0,0,0,0,0,10
U07893,2026-02-18,Desktop,Email,Chennai,1,0,0,0,0,0,0,6.3
U07894,2026-02-07,Mobile,Organic Search,Other,1,1,0,0,0,0,0,8.7
U07895,2026-01-03,Mobile,Organic Search,Other,1,1,1,0,0,0,0,6.1
U07896,2026-01-21,Desktop,Email,Mumbai,1,0,0,0,0,0,0,10.5
U07897,2026-01-31,Desktop,Paid Search,Mumbai,1,1,1,1,1,1,2353.6,7.7
U07898,2026-03-02,Mobile,Social Media,Hyderabad,1,0,0,0,0,0,0,6.7
U07899,2026-02-14,Mobile,Direct,Bengaluru,1,1,0,0,0,0,0,2
U07900,2026-02-15,Desktop,Paid Search,Other,1,1,1,1,1,1,3336.85,3.5
U07901,2026-01-15,Mobile,Organic Search,Delhi,1,0,0,0,0,0,0,18.6
U07902,2026-03-22,Mobile,Organic Search,Hyderabad,1,0,0,0,0,0,0,12.6
U07903,2026-03-19,Mobile,Organic Search,Mumbai,1,0,0,0,0,0,0,11
U07904,2026-01-16,Desktop,Organic Search,Other,1,0,0,0,0,0,0,4.4
U07905,2026-01-17,Mobile,Organic Search,Bengaluru,1,0,0,0,0,0,0,4.9
U07906,2026-01-26,Tablet,Paid Search,Hyderabad,1,1,1,0,0,0,0,9.2
U07907,2026-03-19,Mobile,Paid Search,Other,1,1,1,0,0,0,0,10.7
U07908,2026-02-14,Desktop,Email,Chennai,1,0,0,0,0,0,0,7.9
U07909,2026-01-22,Mobile,Direct,Chennai,1,1,1,0,0,0,0,5.7
U07910,2026-03-08,Mobile,Referral,Bengaluru,1,0,0,0,0,0,0,12.1
U07911,2026-03-08,Desktop,Social Media,Pune,1,0,0,0,0,0,0,8.4
U07912,2026-03-20,Mobile,Organic Search,Pune,1,1,1,0,0,0,0,11.6
U07913,2026-03-09,Mobile,Email,Chennai,1,0,0,0,0,0,0,11.5
U07914,2026-02-01,Mobile,Paid Search,Hyderabad,1,0,0,0,0,0,0,7.5
U07915,2026-01-16,Mobile,Organic Search,Chennai,1,0,0,0,0,0,0,1.6
U07916,2026-03-01,Mobile,Referral,Hyderabad,1,1,1,1,0,0,0,18
U07917,2026-01-30,Desktop,Paid Search,Hyderabad,1,1,1,1,1,1,2697.69,11.5
U07918,2026-02-06,Mobile,Organic Search,Chennai,1,0,0,0,0,0,0,1.5
U07919,2026-01-08,Mobile,Direct,Hyderabad,1,0,0,0,0,0,0,3.7
U07920,2026-01-31,Mobile,Direct,Other,1,1,0,0,0,0,0,5.1
U07921,2026-01-03,Desktop,Paid Search,Hyderabad,1,0,0,0,0,0,0,7
U07922,2026-03-25,Desktop,Paid Search,Chennai,1,0,0,0,0,0,0,18.4
U07923,2026-01-05,Mobile,Social Media,Hyderabad,1,0,0,0,0,0,0,5.5
U07924,2026-02-15,Mobile,Email,Delhi,1,1,1,0,0,0,0,11.1
U07925,2026-02-12,Tablet,Organic Search,Hyderabad,1,1,1,0,0,0,0,2.1
U07926,2026-03-10,Mobile,Social Media,Mumbai,1,1,1,0,0,0,0,2.7
U07927,2026-03-07,Desktop,Direct,Delhi,1,1,1,1,0,0,0,8
U07928,2026-02-20,Desktop,Paid Search,Other,1,1,1,1,0,0,0,8.7
U07929,2026-03-31,Desktop,Direct,Delhi,1,0,0,0,0,0,0,6.8
U07930,2026-01-16,Mobile,Direct,Hyderabad,1,1,1,1,1,1,2961.34,1.6
U07931,2026-02-09,Desktop,Paid Search,Hyderabad,1,0,0,0,0,0,0,12.6
U07932,2026-02-18,Desktop,Referral,Delhi,1,1,1,1,1,1,3031.93,8.2
U07933,2026-03-07,Mobile,Organic Search,Bengaluru,1,0,0,0,0,0,0,1
U07934,2026-02-14,Mobile,Email,Chennai,1,0,0,0,0,0,0,23.7
U07935,2026-03-20,Mobile,Referral,Other,1,1,1,0,0,0,0,3.5
U07936,2026-01-23,Mobile,Organic Search,Pune,1,0,0,0,0,0,0,11.6
U07937,2026-03-27,Mobile,Email,Pune,1,0,0,0,0,0,0,4.9
U07938,2026-03-25,Mobile,Referral,Pune,1,0,0,0,0,0,0,16.7
U07939,2026-01-01,Mobile,Paid Search,Mumbai,1,1,1,0,0,0,0,1.7
U07940,2026-02-04,Mobile,Organic Search,Delhi,1,0,0,0,0,0,0,15.6
U07941,2026-01-22,Mobile,Organic Search,Bengaluru,1,0,0,0,0,0,0,5.8
U07942,2026-01-29,Desktop,Social Media,Other,1,1,1,1,0,0,0,2.6
U07943,2026-03-03,Desktop,Direct,Bengaluru,1,0,0,0,0,0,0,2.4
U07944,2026-03-27,Mobile,Referral,Mumbai,1,1,0,0,0,0,0,9.6
U07945,2026-01-11,Mobile,Paid Search,Bengaluru,1,0,0,0,0,0,0,0.6
U07946,2026-03-26,Mobile,Social Media,Hyderabad,1,1,1,1,0,0,0,6
U07947,2026-03-16,Desktop,Paid Search,Mumbai,1,1,0,0,0,0,0,5
U07948,2026-03-27,Desktop,Organic Search,Bengaluru,1,0,0,0,0,0,0,2.8
U07949,2026-02-20,Tablet,Social Media,Mumbai,1,1,1,0,0,0,0,2.6
U07950,2026-02-15,Mobile,Social Media,Mumbai,1,1,1,0,0,0,0,3.7
U07951,2026-01-09,Tablet,Social Media,Mumbai,1,1,1,1,1,1,3411.51,4
U07952,2026-01-07,Mobile,Direct,Hyderabad,1,0,0,0,0,0,0,17.9
U07953,2026-01-04,Mobile,Social Media,Chennai,1,0,0,0,0,0,0,3
U07954,2026-02-04,Mobile,Social Media,Pune,1,0,0,0,0,0,0,3.5
U07955,2026-01-12,Desktop,Organic Search,Bengaluru,1,0,0,0,0,0,0,10
U07956,2026-01-16,Mobile,Direct,Chennai,1,1,1,0,0,0,0,3.4
U07957,2026-02-19,Desktop,Referral,Chennai,1,1,0,0,0,0,0,1.4
U07958,2026-02-23,Desktop,Direct,Pune,1,1,1,0,0,0,0,5.2
U07959,2026-03-18,Mobile,Paid Search,Mumbai,1,1,1,0,0,0,0,2.9
U07960,2026-03-12,Mobile,Social Media,Hyderabad,1,1,1,0,0,0,0,4.3
U07961,2026-03-02,Desktop,Social Media,Pune,1,0,0,0,0,0,0,7.5
U07962,2026-01-10,Mobile,Organic Search,Pune,1,1,0,0,0,0,0,2.2
U07963,2026-02-06,Mobile,Email,Delhi,1,1,0,0,0,0,0,24.9
U07964,2026-02-08,Mobile,Direct,Chennai,1,0,0,0,0,0,0,7.5
U07965,2026-01-30,Mobile,Organic Search,Delhi,1,1,1,1,1,1,1282.26,40.3
U07966,2026-02-15,Mobile,Organic Search,Chennai,1,1,1,1,1,1,4089.01,6.3
U07967,2026-03-17,Mobile,Email,Delhi,1,1,0,0,0,0,0,10.8
U07968,2026-02-16,Mobile,Paid Search,Pune,1,0,0,0,0,0,0,2.9
U07969,2026-03-06,Mobile,Social Media,Pune,1,1,1,0,0,0,0,7
U07970,2026-01-23,Desktop,Email,Chennai,1,1,1,1,0,0,0,15.1
U07971,2026-01-25,Tablet,Paid Search,Pune,1,0,0,0,0,0,0,6
U07972,2026-01-16,Desktop,Referral,Hyderabad,1,0,0,0,0,0,0,13.2
U07973,2026-03-18,Mobile,Social Media,Hyderabad,1,0,0,0,0,0,0,19.8
U07974,2026-02-04,Desktop,Direct,Mumbai,1,0,0,0,0,0,0,12.7
U07975,2026-03-05,Mobile,Referral,Mumbai,1,1,0,0,0,0,0,3.2
U07976,2026-02-26,Mobile,Direct,Hyderabad,1,0,0,0,0,0,0,13.5
U07977,2026-03-14,Tablet,Organic Search,Chennai,1,1,1,0,0,0,0,14.7
U07978,2026-03-17,Desktop,Organic Search,Hyderabad,1,0,0,0,0,0,0,11.9
U07979,2026-02-18,Desktop,Organic Search,Mumbai,1,0,0,0,0,0,0,4.7
U07980,2026-02-04,Desktop,Paid Search,Pune,1,1,1,1,0,0,0,12.6
U07981,2026-02-26,Mobile,Direct,Delhi,1,1,1,0,0,0,0,16.5
U07982,2026-02-24,Mobile,Social Media,Bengaluru,1,1,1,1,0,0,0,1.8
U07983,2026-03-09,Desktop,Referral,Other,1,0,0,0,0,0,0,11.5
U07984,2026-01-05,Mobile,Paid Search,Delhi,1,0,0,0,0,0,0,19.1
U07985,2026-03-30,Mobile,Paid Search,Pune,1,1,1,0,0,0,0,2.1
U07986,2026-01-28,Desktop,Direct,Delhi,1,0,0,0,0,0,0,6.5
U07987,2026-02-15,Desktop,Paid Search,Other,1,0,0,0,0,0,0,1
U07988,2026-01-16,Mobile,Referral,Pune,1,0,0,0,0,0,0,11.9
U07989,2026-03-25,Desktop,Organic Search,Mumbai,1,0,0,0,0,0,0,2.2
U07990,2026-01-07,Desktop,Direct,Bengaluru,1,0,0,0,0,0,0,4.7
U07991,2026-02-06,Desktop,Social Media,Delhi,1,0,0,0,0,0,0,9.5
U07992,2026-01-17,Mobile,Referral,Mumbai,1,0,0,0,0,0,0,7
U07993,2026-01-17,Mobile,Organic Search,Mumbai,1,1,0,0,0,0,0,1.7
U07994,2026-01-27,Mobile,Social Media,Bengaluru,1,0,0,0,0,0,0,3
U07995,2026-01-21,Mobile,Direct,Chennai,1,1,1,0,0,0,0,3.6
U07996,2026-02-03,Mobile,Direct,Mumbai,1,0,0,0,0,0,0,5.6
U07997,2026-02-27,Mobile,Organic Search,Pune,1,0,0,0,0,0,0,4.7
U07998,2026-02-18,Mobile,Paid Search,Delhi,1,0,0,0,0,0,0,10.1
U07999,2026-03-25,Desktop,Paid Search,Hyderabad,1,1,1,0,0,0,0,3.8
U08000,2026-03-05,Mobile,Organic Search,Bengaluru,1,1,1,0,0,0,0,6.3
U08001,2026-02-01,Desktop,Email,Hyderabad,1,1,1,1,0,0,0,7.3
U08002,2026-02-22,Desktop,Organic Search,Hyderabad,1,1,0,0,0,0,0,7.6
U08003,2026-02-07,Mobile,Paid Search,Bengaluru,1,1,1,0,0,0,0,9.1
U08004,2026-01-22,Tablet,Email,Delhi,1,1,0,0,0,0,0,7.3
U08005,2026-01-15,Mobile,Social Media,Other,1,0,0,0,0,0,0,10.2
U08006,2026-02-19,Mobile,Email,Chennai,1,0,0,0,0,0,0,10.6
U08007,2026-03-07,Desktop,Direct,Mumbai,1,0,0,0,0,0,0,7.3
U08008,2026-03-05,Mobile,Organic Search,Delhi,1,1,1,1,1,0,0,2.3
U08009,2026-02-06,Desktop,Email,Other,1,0,0,0,0,0,0,9.5
U08010,2026-01-22,Mobile,Organic Search,Other,1,1,1,0,0,0,0,13.8
U08011,2026-03-15,Desktop,Paid Search,Hyderabad,1,0,0,0,0,0,0,1.1
U08012,2026-03-21,Mobile,Organic Search,Bengaluru,1,0,0,0,0,0,0,2.7
U08013,2026-02-19,Desktop,Organic Search,Hyderabad,1,0,0,0,0,0,0,5.5
U08014,2026-01-14,Mobile,Paid Search,Mumbai,1,0,0,0,0,0,0,7.1
U08015,2026-02-20,Desktop,Paid Search,Delhi,1,0,0,0,0,0,0,3.3
U08016,2026-02-28,Desktop,Direct,Bengaluru,1,0,0,0,0,0,0,8.5
U08017,2026-01-11,Mobile,Email,Pune,1,0,0,0,0,0,0,4.9
U08018,2026-01-07,Mobile,Direct,Chennai,1,1,1,1,1,1,4581.71,7.6
U08019,2026-02-09,Mobile,Social Media,Other,1,0,0,0,0,0,0,10.2
U08020,2026-02-12,Desktop,Organic Search,Hyderabad,1,0,0,0,0,0,0,5
U08021,2026-03-02,Mobile,Paid Search,Hyderabad,1,0,0,0,0,0,0,6.8
U08022,2026-02-03,Desktop,Paid Search,Bengaluru,1,1,0,0,0,0,0,4.1
U08023,2026-01-05,Desktop,Paid Search,Hyderabad,1,0,0,0,0,0,0,3.9
U08024,2026-01-24,Mobile,Email,Delhi,1,1,1,1,1,1,2936.04,3.3
U08025,2026-03-31,Mobile,Social Media,Hyderabad,1,0,0,0,0,0,0,15.5
U08026,2026-02-04,Mobile,Paid Search,Delhi,1,1,0,0,0,0,0,10.2
U08027,2026-03-27,Desktop,Organic Search,Hyderabad,1,0,0,0,0,0,0,10.7
U08028,2026-02-10,Mobile,Organic Search,Bengaluru,1,0,0,0,0,0,0,4.9
U08029,2026-03-09,Mobile,Organic Search,Pune,1,1,1,1,1,1,2750.01,10.4
U08030,2026-03-25,Desktop,Organic Search,Other,1,1,0,0,0,0,0,9.4
U08031,2026-01-03,Mobile,Referral,Chennai,1,1,0,0,0,0,0,3.2
U08032,2026-03-02,Desktop,Organic Search,Other,1,1,1,0,0,0,0,6.6
U08033,2026-01-04,Mobile,Email,Mumbai,1,0,0,0,0,0,0,11.4
U08034,2026-03-11,Mobile,Paid Search,Chennai,1,0,0,0,0,0,0,10.9
U08035,2026-02-19,Desktop,Organic Search,Pune,1,0,0,0,0,0,0,8.7
U08036,2026-03-17,Mobile,Referral,Bengaluru,1,0,0,0,0,0,0,3
U08037,2026-03-06,Mobile,Social Media,Bengaluru,1,0,0,0,0,0,0,8.9
U08038,2026-03-29,Desktop,Organic Search,Mumbai,1,0,0,0,0,0,0,1.8
U08039,2026-03-24,Mobile,Direct,Chennai,1,1,1,1,0,0,0,5.4
U08040,2026-03-09,Tablet,Organic Search,Hyderabad,1,0,0,0,0,0,0,4.5
U08041,2026-03-09,Tablet,Organic Search,Hyderabad,1,0,0,0,0,0,0,4.7
U08042,2026-03-25,Mobile,Referral,Delhi,1,0,0,0,0,0,0,5.6
U08043,2026-02-25,Mobile,Email,Delhi,1,0,0,0,0,0,0,8.4
U08044,2026-02-05,Desktop,Paid Search,Chennai,1,0,0,0,0,0,0,4.2
U08045,2026-03-08,Mobile,Organic Search,Pune,1,0,0,0,0,0,0,6.6
U08046,2026-02-23,Mobile,Direct,Chennai,1,1,0,0,0,0,0,19
U08047,2026-01-29,Desktop,Paid Search,Delhi,1,0,0,0,0,0,0,8.2
U08048,2026-03-23,Mobile,Organic Search,Other,1,0,0,0,0,0,0,4
U08049,2026-03-15,Desktop,Social Media,Pune,1,0,0,0,0,0,0,3.1
U08050,2026-03-04,Mobile,Direct,Mumbai,1,0,0,0,0,0,0,6.6
U08051,2026-03-17,Mobile,Organic Search,Delhi,1,0,0,0,0,0,0,2.7
U08052,2026-03-18,Mobile,Referral,Chennai,1,0,0,0,0,0,0,16.1
U08053,2026-03-03,Tablet,Social Media,Mumbai,1,0,0,0,0,0,0,2.4
U08054,2026-03-28,Desktop,Paid Search,Bengaluru,1,1,1,0,0,0,0,16.4
U08055,2026-02-02,Desktop,Email,Chennai,1,1,1,0,0,0,0,5.2
U08056,2026-03-07,Mobile,Direct,Bengaluru,1,0,0,0,0,0,0,12
U08057,2026-01-30,Mobile,Organic Search,Hyderabad,1,1,1,0,0,0,0,3.6
U08058,2026-02-04,Mobile,Organic Search,Mumbai,1,0,0,0,0,0,0,10.5
U08059,2026-01-30,Mobile,Direct,Pune,1,0,0,0,0,0,0,9.7
U08060,2026-01-20,Mobile,Email,Hyderabad,1,0,0,0,0,0,0,5.2
U08061,2026-03-31,Desktop,Paid Search,Hyderabad,1,1,1,0,0,0,0,6
U08062,2026-02-20,Mobile,Social Media,Chennai,1,0,0,0,0,0,0,11.6
U08063,2026-02-15,Tablet,Email,Delhi,1,1,1,0,0,0,0,7.4
U08064,2026-02-23,Mobile,Referral,Hyderabad,1,1,1,0,0,0,0,1.9
U08065,2026-03-29,Tablet,Direct,Hyderabad,1,1,1,0,0,0,0,2.6
U08066,2026-01-17,Mobile,Paid Search,Mumbai,1,0,0,0,0,0,0,2.9
U08067,2026-03-25,Mobile,Paid Search,Pune,1,0,0,0,0,0,0,1.5
U08068,2026-02-21,Mobile,Email,Hyderabad,1,0,0,0,0,0,0,13
U08069,2026-01-06,Mobile,Paid Search,Bengaluru,1,1,1,1,1,1,4765.35,6.8
U08070,2026-01-08,Mobile,Social Media,Delhi,1,1,0,0,0,0,0,4.5
U08071,2026-02-17,Mobile,Paid Search,Hyderabad,1,1,1,1,0,0,0,4.6
U08072,2026-01-02,Mobile,Organic Search,Bengaluru,1,0,0,0,0,0,0,6.6
U08073,2026-01-09,Desktop,Social Media,Mumbai,1,1,1,0,0,0,0,3
U08074,2026-03-28,Desktop,Email,Other,1,0,0,0,0,0,0,2.6
U08075,2026-03-29,Desktop,Referral,Bengaluru,1,1,1,1,1,1,2541.91,9.6
U08076,2026-03-27,Mobile,Social Media,Chennai,1,1,1,0,0,0,0,3.6
U08077,2026-01-14,Mobile,Organic Search,Chennai,1,0,0,0,0,0,0,0.5
U08078,2026-01-21,Mobile,Paid Search,Pune,1,0,0,0,0,0,0,2.9
U08079,2026-03-17,Mobile,Referral,Hyderabad,1,1,1,0,0,0,0,3.9
U08080,2026-02-08,Mobile,Paid Search,Mumbai,1,0,0,0,0,0,0,13.2
U08081,2026-02-23,Mobile,Email,Pune,1,1,1,0,0,0,0,2.5
U08082,2026-02-24,Mobile,Social Media,Other,1,0,0,0,0,0,0,4.1
U08083,2026-03-06,Mobile,Organic Search,Delhi,1,0,0,0,0,0,0,11.5
U08084,2026-01-23,Mobile,Referral,Bengaluru,1,1,1,1,0,0,0,13.1
U08085,2026-02-12,Desktop,Organic Search,Chennai,1,1,1,1,0,0,0,7.6
U08086,2026-02-28,Desktop,Social Media,Bengaluru,1,0,0,0,0,0,0,10.6
U08087,2026-02-19,Tablet,Organic Search,Mumbai,1,1,1,0,0,0,0,4.8
U08088,2026-03-08,Desktop,Organic Search,Delhi,1,1,1,0,0,0,0,5.9
U08089,2026-03-28,Mobile,Social Media,Pune,1,0,0,0,0,0,0,5.1
U08090,2026-02-19,Desktop,Social Media,Chennai,1,1,1,0,0,0,0,3.6
U08091,2026-03-03,Desktop,Email,Delhi,1,1,0,0,0,0,0,3.2
U08092,2026-03-19,Mobile,Email,Other,1,0,0,0,0,0,0,6.3
U08093,2026-03-14,Mobile,Email,Other,1,1,1,0,0,0,0,5.5
U08094,2026-02-23,Tablet,Paid Search,Delhi,1,0,0,0,0,0,0,7.8
U08095,2026-02-12,Mobile,Email,Mumbai,1,0,0,0,0,0,0,6.8
U08096,2026-01-27,Desktop,Social Media,Mumbai,1,1,1,1,1,0,0,12.7
U08097,2026-02-16,Mobile,Paid Search,Hyderabad,1,0,0,0,0,0,0,7.4
U08098,2026-03-21,Mobile,Social Media,Hyderabad,1,1,1,0,0,0,0,9.2
U08099,2026-01-25,Mobile,Direct,Chennai,1,0,0,0,0,0,0,3.4
U08100,2026-01-28,Mobile,Organic Search,Hyderabad,1,1,0,0,0,0,0,4.2
U08101,2026-03-05,Desktop,Direct,Mumbai,1,1,1,0,0,0,0,9.1
U08102,2026-01-25,Tablet,Organic Search,Mumbai,1,1,1,1,1,1,3341.06,7.9
U08103,2026-01-31,Mobile,Paid Search,Mumbai,1,1,1,1,0,0,0,3.8
U08104,2026-03-28,Mobile,Paid Search,Hyderabad,1,0,0,0,0,0,0,5.4
U08105,2026-03-16,Desktop,Social Media,Hyderabad,1,0,0,0,0,0,0,2.2
U08106,2026-02-15,Mobile,Organic Search,Hyderabad,1,1,1,0,0,0,0,15.9
U08107,2026-02-03,Mobile,Direct,Hyderabad,1,1,0,0,0,0,0,15.1
U08108,2026-01-12,Mobile,Referral,Other,1,0,0,0,0,0,0,3.4
U08109,2026-01-27,Desktop,Email,Bengaluru,1,1,0,0,0,0,0,3.3
U08110,2026-02-23,Desktop,Social Media,Bengaluru,1,0,0,0,0,0,0,9.1
U08111,2026-02-14,Mobile,Direct,Hyderabad,1,1,0,0,0,0,0,10.1
U08112,2026-01-20,Mobile,Referral,Mumbai,1,0,0,0,0,0,0,3
U08113,2026-03-14,Tablet,Social Media,Mumbai,1,0,0,0,0,0,0,7.9
U08114,2026-03-13,Desktop,Email,Hyderabad,1,0,0,0,0,0,0,5.1
U08115,2026-02-18,Mobile,Social Media,Other,1,0,0,0,0,0,0,2.8
U08116,2026-01-13,Mobile,Social Media,Pune,1,0,0,0,0,0,0,0.8
U08117,2026-02-10,Desktop,Paid Search,Bengaluru,1,0,0,0,0,0,0,1.9
U08118,2026-03-06,Mobile,Social Media,Chennai,1,0,0,0,0,0,0,0.7
U08119,2026-02-26,Mobile,Organic Search,Chennai,1,1,0,0,0,0,0,13.3
U08120,2026-03-06,Mobile,Paid Search,Bengaluru,1,0,0,0,0,0,0,5
U08121,2026-02-11,Mobile,Email,Pune,1,0,0,0,0,0,0,10
U08122,2026-02-24,Desktop,Direct,Hyderabad,1,1,1,1,1,1,3651.89,18.2
U08123,2026-02-03,Mobile,Direct,Chennai,1,1,1,0,0,0,0,6.9
U08124,2026-01-31,Desktop,Social Media,Chennai,1,0,0,0,0,0,0,6.7
U08125,2026-01-04,Mobile,Social Media,Chennai,1,1,0,0,0,0,0,6.1
U08126,2026-03-04,Mobile,Organic Search,Pune,1,1,1,1,0,0,0,3.7
U08127,2026-03-20,Mobile,Email,Bengaluru,1,1,1,0,0,0,0,6.7
U08128,2026-03-02,Tablet,Organic Search,Hyderabad,1,1,1,0,0,0,0,11
U08129,2026-01-15,Desktop,Paid Search,Mumbai,1,1,1,0,0,0,0,6.7
U08130,2026-02-25,Mobile,Email,Hyderabad,1,0,0,0,0,0,0,3.3
U08131,2026-02-25,Desktop,Paid Search,Hyderabad,1,1,1,0,0,0,0,1.8
U08132,2026-03-25,Mobile,Organic Search,Chennai,1,1,1,1,1,0,0,1.2
U08133,2026-01-04,Tablet,Referral,Bengaluru,1,0,0,0,0,0,0,9.6
U08134,2026-03-27,Mobile,Paid Search,Bengaluru,1,0,0,0,0,0,0,3
U08135,2026-02-27,Desktop,Organic Search,Bengaluru,1,0,0,0,0,0,0,0.8
U08136,2026-01-14,Mobile,Organic Search,Hyderabad,1,1,1,0,0,0,0,9.2
U08137,2026-03-26,Mobile,Paid Search,Mumbai,1,0,0,0,0,0,0,9.1
U08138,2026-01-25,Tablet,Organic Search,Hyderabad,1,1,1,0,0,0,0,9.9
U08139,2026-03-26,Mobile,Referral,Other,1,1,0,0,0,0,0,3.2
U08140,2026-01-08,Mobile,Paid Search,Bengaluru,1,0,0,0,0,0,0,5.1
U08141,2026-01-26,Mobile,Referral,Delhi,1,1,1,1,1,0,0,9
U08142,2026-02-15,Desktop,Organic Search,Pune,1,0,0,0,0,0,0,6.2
U08143,2026-03-15,Desktop,Social Media,Bengaluru,1,0,0,0,0,0,0,11.2
U08144,2026-01-13,Mobile,Email,Delhi,1,0,0,0,0,0,0,5.3
U08145,2026-01-16,Tablet,Email,Pune,1,0,0,0,0,0,0,1.7
U08146,2026-01-29,Mobile,Social Media,Bengaluru,1,0,0,0,0,0,0,3.9
U08147,2026-02-22,Mobile,Direct,Other,1,1,1,1,1,1,2893.66,2.9
U08148,2026-01-18,Tablet,Organic Search,Hyderabad,1,1,0,0,0,0,0,3.6
U08149,2026-01-29,Mobile,Social Media,Bengaluru,1,1,1,1,1,1,6671.01,11.5
U08150,2026-01-18,Mobile,Direct,Delhi,1,1,1,0,0,0,0,6.9
U08151,2026-01-04,Mobile,Organic Search,Hyderabad,1,0,0,0,0,0,0,4
U08152,2026-01-23,Desktop,Organic Search,Delhi,1,0,0,0,0,0,0,8.7
U08153,2026-03-22,Mobile,Organic Search,Pune,1,1,1,0,0,0,0,2.1
U08154,2026-01-31,Tablet,Email,Other,1,1,1,0,0,0,0,5
U08155,2026-03-24,Desktop,Paid Search,Chennai,1,0,0,0,0,0,0,7.5
U08156,2026-02-04,Mobile,Organic Search,Other,1,1,1,1,0,0,0,19.1
U08157,2026-02-13,Desktop,Social Media,Chennai,1,1,0,0,0,0,0,12
U08158,2026-01-27,Mobile,Social Media,Bengaluru,1,1,1,0,0,0,0,2.6
U08159,2026-01-22,Mobile,Organic Search,Mumbai,1,1,1,0,0,0,0,5.4
U08160,2026-03-15,Desktop,Paid Search,Mumbai,1,0,0,0,0,0,0,14.1
U08161,2026-02-18,Tablet,Social Media,Chennai,1,1,1,1,0,0,0,0.9
U08162,2026-01-24,Mobile,Direct,Mumbai,1,0,0,0,0,0,0,6.6
U08163,2026-03-11,Mobile,Email,Chennai,1,1,1,1,0,0,0,5.2
U08164,2026-03-28,Mobile,Referral,Mumbai,1,0,0,0,0,0,0,11.5
U08165,2026-01-29,Mobile,Paid Search,Other,1,0,0,0,0,0,0,11.7
U08166,2026-01-22,Mobile,Paid Search,Chennai,1,0,0,0,0,0,0,12.2
U08167,2026-01-03,Mobile,Social Media,Bengaluru,1,0,0,0,0,0,0,4.7
U08168,2026-02-06,Desktop,Referral,Delhi,1,0,0,0,0,0,0,8.5
U08169,2026-02-05,Mobile,Social Media,Bengaluru,1,1,0,0,0,0,0,21
U08170,2026-01-06,Mobile,Referral,Pune,1,0,0,0,0,0,0,13.3
U08171,2026-01-17,Desktop,Direct,Hyderabad,1,0,0,0,0,0,0,10.7
U08172,2026-01-02,Desktop,Organic Search,Bengaluru,1,0,0,0,0,0,0,8.3
U08173,2026-03-27,Mobile,Organic Search,Hyderabad,1,1,0,0,0,0,0,3.3
U08174,2026-02-11,Mobile,Organic Search,Hyderabad,1,0,0,0,0,0,0,5.9
U08175,2026-03-11,Desktop,Paid Search,Mumbai,1,1,0,0,0,0,0,3.5
U08176,2026-01-24,Mobile,Organic Search,Chennai,1,0,0,0,0,0,0,4.8
U08177,2026-03-29,Mobile,Direct,Pune,1,1,0,0,0,0,0,15.8
U08178,2026-01-16,Desktop,Organic Search,Mumbai,1,1,1,0,0,0,0,12.6
U08179,2026-02-05,Mobile,Paid Search,Bengaluru,1,0,0,0,0,0,0,5.4
U08180,2026-02-03,Mobile,Organic Search,Delhi,1,0,0,0,0,0,0,7
U08181,2026-02-20,Mobile,Direct,Mumbai,1,1,0,0,0,0,0,5.8
U08182,2026-01-07,Mobile,Email,Delhi,1,0,0,0,0,0,0,6.5
U08183,2026-02-24,Mobile,Direct,Mumbai,1,1,1,0,0,0,0,4.2
U08184,2026-02-18,Tablet,Direct,Hyderabad,1,0,0,0,0,0,0,8.2
U08185,2026-01-22,Mobile,Social Media,Delhi,1,0,0,0,0,0,0,5.9
U08186,2026-02-16,Mobile,Organic Search,Chennai,1,0,0,0,0,0,0,6.2
U08187,2026-01-21,Mobile,Organic Search,Chennai,1,1,1,0,0,0,0,6.9
U08188,2026-03-22,Tablet,Organic Search,Other,1,0,0,0,0,0,0,12
U08189,2026-03-26,Mobile,Email,Bengaluru,1,0,0,0,0,0,0,10.1
U08190,2026-02-25,Mobile,Organic Search,Mumbai,1,1,1,0,0,0,0,5.6
U08191,2026-01-21,Desktop,Organic Search,Bengaluru,1,0,0,0,0,0,0,5.4
U08192,2026-03-27,Mobile,Social Media,Hyderabad,1,0,0,0,0,0,0,4.2
U08193,2026-02-10,Mobile,Email,Chennai,1,0,0,0,0,0,0,0.8
U08194,2026-03-31,Mobile,Email,Mumbai,1,1,1,1,1,1,1268.47,9.8
U08195,2026-03-16,Mobile,Paid Search,Chennai,1,1,1,0,0,0,0,4.3
U08196,2026-01-25,Mobile,Referral,Chennai,1,1,1,0,0,0,0,5.3
U08197,2026-01-04,Desktop,Social Media,Pune,1,0,0,0,0,0,0,1.9
U08198,2026-01-12,Mobile,Organic Search,Hyderabad,1,0,0,0,0,0,0,5.5
U08199,2026-01-03,Mobile,Referral,Bengaluru,1,1,1,0,0,0,0,4.5
U08200,2026-01-07,Mobile,Direct,Pune,1,0,0,0,0,0,0,4.7
U08201,2026-02-07,Mobile,Organic Search,Other,1,0,0,0,0,0,0,3.5
U08202,2026-02-23,Mobile,Paid Search,Chennai,1,1,0,0,0,0,0,8
U08203,2026-03-03,Tablet,Social Media,Pune,1,0,0,0,0,0,0,7.8
U08204,2026-02-26,Mobile,Organic Search,Hyderabad,1,1,0,0,0,0,0,2.3
U08205,2026-02-16,Desktop,Direct,Bengaluru,1,0,0,0,0,0,0,10.9
U08206,2026-02-24,Mobile,Paid Search,Pune,1,1,1,0,0,0,0,10
U08207,2026-01-22,Mobile,Referral,Other,1,0,0,0,0,0,0,4.4
U08208,2026-03-02,Mobile,Email,Bengaluru,1,0,0,0,0,0,0,8.3
U08209,2026-02-02,Mobile,Social Media,Hyderabad,1,1,1,0,0,0,0,7.3
U08210,2026-01-02,Mobile,Organic Search,Hyderabad,1,1,1,0,0,0,0,22.8
U08211,2026-02-07,Mobile,Organic Search,Bengaluru,1,1,1,1,1,1,1613.57,13.6
U08212,2026-01-02,Desktop,Organic Search,Delhi,1,0,0,0,0,0,0,5
U08213,2026-01-05,Mobile,Organic Search,Chennai,1,0,0,0,0,0,0,5.7
U08214,2026-01-20,Mobile,Paid Search,Chennai,1,1,1,1,1,0,0,9.2
U08215,2026-02-15,Mobile,Referral,Mumbai,1,0,0,0,0,0,0,16.3
U08216,2026-02-14,Mobile,Paid Search,Pune,1,1,0,0,0,0,0,2.2
U08217,2026-02-14,Mobile,Referral,Hyderabad,1,0,0,0,0,0,0,8.4
U08218,2026-03-27,Mobile,Paid Search,Delhi,1,0,0,0,0,0,0,2.8
U08219,2026-01-27,Mobile,Referral,Other,1,1,1,0,0,0,0,1.7
U08220,2026-03-20,Desktop,Direct,Bengaluru,1,0,0,0,0,0,0,8.2
U08221,2026-01-31,Desktop,Organic Search,Pune,1,1,0,0,0,0,0,3.7
U08222,2026-02-21,Mobile,Direct,Delhi,1,0,0,0,0,0,0,3
U08223,2026-01-13,Mobile,Social Media,Hyderabad,1,1,1,0,0,0,0,6.7
U08224,2026-01-06,Desktop,Referral,Bengaluru,1,0,0,0,0,0,0,9
U08225,2026-03-30,Mobile,Email,Mumbai,1,0,0,0,0,0,0,5
U08226,2026-01-25,Mobile,Paid Search,Chennai,1,1,1,0,0,0,0,5.3
U08227,2026-01-04,Mobile,Organic Search,Mumbai,1,0,0,0,0,0,0,7.3
U08228,2026-03-12,Mobile,Organic Search,Bengaluru,1,1,1,1,1,1,1319.64,3.9
U08229,2026-01-11,Mobile,Social Media,Delhi,1,1,1,0,0,0,0,2.8
U08230,2026-03-05,Mobile,Direct,Bengaluru,1,1,1,1,0,0,0,9.3
U08231,2026-03-01,Mobile,Email,Chennai,1,0,0,0,0,0,0,12
U08232,2026-03-27,Mobile,Paid Search,Bengaluru,1,0,0,0,0,0,0,11.9
U08233,2026-03-09,Desktop,Referral,Delhi,1,1,0,0,0,0,0,8.1
U08234,2026-02-15,Mobile,Referral,Hyderabad,1,1,1,0,0,0,0,2.9
U08235,2026-03-15,Mobile,Paid Search,Bengaluru,1,1,1,0,0,0,0,2.6
U08236,2026-03-13,Mobile,Organic Search,Bengaluru,1,1,1,1,0,0,0,5.4
U08237,2026-02-24,Desktop,Organic Search,Hyderabad,1,1,1,0,0,0,0,4.7
U08238,2026-03-17,Desktop,Direct,Bengaluru,1,0,0,0,0,0,0,8.1
U08239,2026-02-10,Desktop,Referral,Mumbai,1,1,1,0,0,0,0,5.2
U08240,2026-03-30,Mobile,Paid Search,Delhi,1,0,0,0,0,0,0,1.2
U08241,2026-01-06,Desktop,Paid Search,Delhi,1,0,0,0,0,0,0,8
U08242,2026-01-06,Desktop,Referral,Chennai,1,0,0,0,0,0,0,9.5
U08243,2026-01-13,Mobile,Direct,Hyderabad,1,1,1,0,0,0,0,2.8
U08244,2026-01-25,Mobile,Referral,Other,1,1,1,0,0,0,0,3.6
U08245,2026-01-12,Mobile,Social Media,Hyderabad,1,1,1,1,0,0,0,12.1
U08246,2026-03-13,Desktop,Organic Search,Delhi,1,0,0,0,0,0,0,4.1
U08247,2026-03-13,Mobile,Social Media,Other,1,0,0,0,0,0,0,7.1
U08248,2026-03-27,Mobile,Organic Search,Delhi,1,0,0,0,0,0,0,0.9
U08249,2026-01-03,Desktop,Referral,Bengaluru,1,0,0,0,0,0,0,6.9
U08250,2026-03-23,Desktop,Paid Search,Bengaluru,1,0,0,0,0,0,0,5.8
U08251,2026-03-15,Tablet,Referral,Hyderabad,1,0,0,0,0,0,0,4.4
U08252,2026-03-26,Tablet,Paid Search,Mumbai,1,0,0,0,0,0,0,1.7
U08253,2026-03-02,Mobile,Referral,Mumbai,1,0,0,0,0,0,0,3.5
U08254,2026-01-29,Desktop,Paid Search,Delhi,1,0,0,0,0,0,0,3.9
U08255,2026-03-16,Mobile,Paid Search,Hyderabad,1,1,1,0,0,0,0,2.2
U08256,2026-02-17,Desktop,Social Media,Pune,1,1,1,0,0,0,0,6.4
U08257,2026-01-14,Mobile,Organic Search,Delhi,1,1,0,0,0,0,0,24.1
U08258,2026-02-13,Tablet,Direct,Hyderabad,1,1,1,1,1,1,3869.41,1.9
U08259,2026-01-17,Mobile,Social Media,Bengaluru,1,0,0,0,0,0,0,2.6
U08260,2026-03-09,Desktop,Social Media,Mumbai,1,1,1,0,0,0,0,6.2
U08261,2026-02-10,Mobile,Referral,Chennai,1,1,1,1,1,1,1998.76,10.2
U08262,2026-03-25,Mobile,Direct,Hyderabad,1,0,0,0,0,0,0,2.1
U08263,2026-03-12,Desktop,Social Media,Hyderabad,1,1,1,1,0,0,0,5.7
U08264,2026-02-09,Mobile,Direct,Delhi,1,0,0,0,0,0,0,5.4
U08265,2026-03-29,Desktop,Organic Search,Hyderabad,1,0,0,0,0,0,0,7.4
U08266,2026-01-25,Mobile,Organic Search,Hyderabad,1,1,1,1,0,0,0,7
U08267,2026-03-17,Desktop,Social Media,Pune,1,1,0,0,0,0,0,2.9
U08268,2026-03-28,Mobile,Paid Search,Mumbai,1,0,0,0,0,0,0,2.3
U08269,2026-03-26,Mobile,Social Media,Mumbai,1,0,0,0,0,0,0,3.4
U08270,2026-02-10,Desktop,Paid Search,Chennai,1,0,0,0,0,0,0,2.8
U08271,2026-03-10,Mobile,Paid Search,Mumbai,1,0,0,0,0,0,0,8.9
U08272,2026-02-14,Mobile,Referral,Mumbai,1,1,0,0,0,0,0,19.1
U08273,2026-03-23,Mobile,Social Media,Other,1,1,1,0,0,0,0,5.1
U08274,2026-02-06,Mobile,Direct,Bengaluru,1,1,1,0,0,0,0,3.2
U08275,2026-01-16,Mobile,Referral,Bengaluru,1,0,0,0,0,0,0,17.2
U08276,2026-02-02,Desktop,Paid Search,Hyderabad,1,0,0,0,0,0,0,6.1
U08277,2026-01-07,Mobile,Paid Search,Mumbai,1,0,0,0,0,0,0,3.2
U08278,2026-03-02,Mobile,Paid Search,Mumbai,1,0,0,0,0,0,0,4.5
U08279,2026-03-03,Mobile,Referral,Hyderabad,1,0,0,0,0,0,0,11.1
U08280,2026-03-15,Mobile,Organic Search,Bengaluru,1,1,0,0,0,0,0,2
U08281,2026-03-09,Mobile,Organic Search,Hyderabad,1,0,0,0,0,0,0,1.7
U08282,2026-03-25,Tablet,Direct,Bengaluru,1,1,1,1,0,0,0,2.6
U08283,2026-03-17,Desktop,Email,Other,1,0,0,0,0,0,0,2.9
U08284,2026-01-16,Mobile,Organic Search,Delhi,1,0,0,0,0,0,0,4.4
U08285,2026-03-23,Mobile,Organic Search,Hyderabad,1,1,1,0,0,0,0,6
U08286,2026-03-08,Desktop,Direct,Bengaluru,1,0,0,0,0,0,0,8.4
U08287,2026-01-28,Mobile,Direct,Hyderabad,1,1,0,0,0,0,0,6.8
U08288,2026-01-07,Mobile,Paid Search,Delhi,1,1,0,0,0,0,0,4.7
U08289,2026-01-26,Mobile,Paid Search,Chennai,1,1,1,1,1,0,0,6.1
U08290,2026-02-28,Mobile,Referral,Other,1,0,0,0,0,0,0,2.7
U08291,2026-01-29,Tablet,Referral,Delhi,1,0,0,0,0,0,0,5.6
U08292,2026-03-13,Desktop,Referral,Mumbai,1,1,1,1,1,1,4000.94,6.4
U08293,2026-03-29,Mobile,Social Media,Pune,1,1,1,1,1,0,0,8.9
U08294,2026-01-09,Mobile,Direct,Delhi,1,1,1,0,0,0,0,9.9
U08295,2026-03-07,Desktop,Paid Search,Bengaluru,1,0,0,0,0,0,0,0.5
U08296,2026-03-31,Desktop,Organic Search,Mumbai,1,0,0,0,0,0,0,8.9
U08297,2026-03-17,Mobile,Email,Mumbai,1,0,0,0,0,0,0,15.5
U08298,2026-02-23,Desktop,Social Media,Chennai,1,0,0,0,0,0,0,6.9
U08299,2026-03-25,Mobile,Direct,Hyderabad,1,1,1,0,0,0,0,1.7
U08300,2026-03-25,Desktop,Organic Search,Bengaluru,1,0,0,0,0,0,0,5.6
U08301,2026-03-30,Desktop,Referral,Bengaluru,1,0,0,0,0,0,0,1.6
U08302,2026-01-28,Mobile,Paid Search,Hyderabad,1,0,0,0,0,0,0,4
U08303,2026-01-20,Desktop,Email,Other,1,0,0,0,0,0,0,7.9
U08304,2026-03-07,Mobile,Organic Search,Delhi,1,0,0,0,0,0,0,0.7
U08305,2026-03-10,Mobile,Social Media,Delhi,1,0,0,0,0,0,0,14.2
U08306,2026-02-03,Mobile,Email,Mumbai,1,0,0,0,0,0,0,5.5
U08307,2026-02-22,Mobile,Paid Search,Delhi,1,1,0,0,0,0,0,8.3
U08308,2026-03-28,Mobile,Organic Search,Other,1,0,0,0,0,0,0,9
U08309,2026-02-03,Mobile,Social Media,Chennai,1,0,0,0,0,0,0,7.7
U08310,2026-03-21,Mobile,Referral,Delhi,1,1,1,1,1,0,0,3.8
U08311,2026-03-02,Mobile,Paid Search,Bengaluru,1,0,0,0,0,0,0,4
U08312,2026-01-01,Mobile,Paid Search,Pune,1,0,0,0,0,0,0,3
U08313,2026-02-17,Mobile,Paid Search,Pune,1,0,0,0,0,0,0,18.2
U08314,2026-02-27,Mobile,Direct,Other,1,0,0,0,0,0,0,6.6
U08315,2026-01-16,Mobile,Paid Search,Hyderabad,1,0,0,0,0,0,0,7.3
U08316,2026-02-28,Mobile,Organic Search,Bengaluru,1,0,0,0,0,0,0,16.3
U08317,2026-02-05,Desktop,Referral,Hyderabad,1,0,0,0,0,0,0,14.9
U08318,2026-03-04,Desktop,Email,Chennai,1,1,0,0,0,0,0,8.8
U08319,2026-01-19,Desktop,Organic Search,Chennai,1,0,0,0,0,0,0,7.6
U08320,2026-02-27,Mobile,Direct,Bengaluru,1,1,1,1,1,1,1422.36,6.6
U08321,2026-03-24,Mobile,Social Media,Delhi,1,1,0,0,0,0,0,4.2
U08322,2026-02-26,Desktop,Social Media,Bengaluru,1,1,1,1,0,0,0,6.7
U08323,2026-02-08,Mobile,Paid Search,Pune,1,1,1,0,0,0,0,7.6
U08324,2026-02-03,Mobile,Direct,Hyderabad,1,0,0,0,0,0,0,5.6
U08325,2026-03-03,Mobile,Organic Search,Bengaluru,1,1,1,1,1,1,4178.13,13.5
U08326,2026-01-30,Desktop,Paid Search,Mumbai,1,1,1,1,1,1,1722.93,13.2
U08327,2026-01-09,Mobile,Organic Search,Mumbai,1,0,0,0,0,0,0,5.5
U08328,2026-03-20,Desktop,Referral,Hyderabad,1,0,0,0,0,0,0,10.6
U08329,2026-01-10,Desktop,Social Media,Pune,1,0,0,0,0,0,0,11.4
U08330,2026-01-03,Mobile,Social Media,Mumbai,1,1,0,0,0,0,0,14
U08331,2026-02-13,Desktop,Organic Search,Pune,1,0,0,0,0,0,0,6.4
U08332,2026-01-16,Mobile,Email,Pune,1,0,0,0,0,0,0,12.8
U08333,2026-02-07,Desktop,Referral,Mumbai,1,1,0,0,0,0,0,3
U08334,2026-03-04,Mobile,Paid Search,Other,1,0,0,0,0,0,0,6.2
U08335,2026-03-20,Desktop,Referral,Pune,1,1,1,0,0,0,0,4.2
U08336,2026-01-09,Mobile,Paid Search,Other,1,0,0,0,0,0,0,8.8
U08337,2026-03-08,Tablet,Referral,Pune,1,0,0,0,0,0,0,3.8
U08338,2026-02-19,Mobile,Organic Search,Pune,1,0,0,0,0,0,0,7.4
U08339,2026-01-06,Mobile,Social Media,Chennai,1,1,1,0,0,0,0,1.5
U08340,2026-01-27,Desktop,Direct,Bengaluru,1,1,1,0,0,0,0,2.6
U08341,2026-03-12,Desktop,Direct,Other,1,0,0,0,0,0,0,9.7
U08342,2026-02-25,Mobile,Paid Search,Delhi,1,0,0,0,0,0,0,7.6
U08343,2026-01-15,Mobile,Paid Search,Bengaluru,1,1,1,1,1,1,3508.67,1.7
U08344,2026-01-24,Mobile,Organic Search,Bengaluru,1,1,1,1,0,0,0,13.8
U08345,2026-02-24,Tablet,Direct,Delhi,1,0,0,0,0,0,0,11
U08346,2026-01-24,Desktop,Social Media,Chennai,1,1,1,1,1,1,3952.07,3.6
U08347,2026-01-19,Desktop,Paid Search,Hyderabad,1,1,1,1,1,1,2525.79,3.4
U08348,2026-03-28,Mobile,Organic Search,Hyderabad,1,0,0,0,0,0,0,3.7
U08349,2026-01-28,Mobile,Direct,Delhi,1,0,0,0,0,0,0,4.2
U08350,2026-03-09,Desktop,Social Media,Bengaluru,1,0,0,0,0,0,0,4.7
U08351,2026-02-17,Desktop,Paid Search,Chennai,1,1,1,1,0,0,0,4
U08352,2026-03-30,Mobile,Paid Search,Delhi,1,0,0,0,0,0,0,9.8
U08353,2026-03-20,Desktop,Paid Search,Delhi,1,1,1,0,0,0,0,10.6
U08354,2026-03-10,Mobile,Social Media,Hyderabad,1,1,1,1,1,1,2583.31,5.3
U08355,2026-02-19,Mobile,Direct,Hyderabad,1,1,0,0,0,0,0,6.2
U08356,2026-03-07,Mobile,Direct,Mumbai,1,0,0,0,0,0,0,4.2
U08357,2026-03-26,Mobile,Social Media,Delhi,1,1,0,0,0,0,0,8.8
U08358,2026-03-17,Mobile,Referral,Hyderabad,1,0,0,0,0,0,0,7.9
U08359,2026-02-21,Mobile,Paid Search,Bengaluru,1,0,0,0,0,0,0,2.6
U08360,2026-03-17,Mobile,Paid Search,Pune,1,1,1,0,0,0,0,21.2
U08361,2026-03-14,Desktop,Direct,Other,1,1,1,0,0,0,0,4.8
U08362,2026-01-05,Mobile,Paid Search,Chennai,1,0,0,0,0,0,0,22.5
U08363,2026-01-18,Mobile,Paid Search,Hyderabad,1,0,0,0,0,0,0,12.1
U08364,2026-03-06,Mobile,Direct,Bengaluru,1,0,0,0,0,0,0,2.4
U08365,2026-01-29,Mobile,Organic Search,Bengaluru,1,1,1,0,0,0,0,2.3
U08366,2026-02-23,Desktop,Referral,Bengaluru,1,1,1,0,0,0,0,7.5
U08367,2026-02-09,Mobile,Direct,Chennai,1,0,0,0,0,0,0,13.6
U08368,2026-02-04,Desktop,Social Media,Mumbai,1,1,0,0,0,0,0,13.9
U08369,2026-03-25,Mobile,Organic Search,Hyderabad,1,1,1,1,0,0,0,3.7
U08370,2026-01-20,Mobile,Paid Search,Pune,1,0,0,0,0,0,0,8.7
U08371,2026-03-01,Mobile,Organic Search,Mumbai,1,1,1,0,0,0,0,15.6
U08372,2026-02-28,Mobile,Paid Search,Mumbai,1,0,0,0,0,0,0,4.5
U08373,2026-03-27,Mobile,Referral,Other,1,1,1,0,0,0,0,2.3
U08374,2026-01-12,Desktop,Paid Search,Mumbai,1,0,0,0,0,0,0,11.1
U08375,2026-03-11,Mobile,Paid Search,Other,1,1,1,0,0,0,0,1.4
U08376,2026-03-08,Mobile,Social Media,Bengaluru,1,0,0,0,0,0,0,3.5
U08377,2026-02-07,Mobile,Social Media,Bengaluru,1,0,0,0,0,0,0,6.1
U08378,2026-02-23,Mobile,Direct,Mumbai,1,0,0,0,0,0,0,9.7
U08379,2026-02-05,Mobile,Paid Search,Chennai,1,1,1,1,1,1,3252.26,4.1
U08380,2026-02-27,Mobile,Referral,Bengaluru,1,0,0,0,0,0,0,1.3
U08381,2026-01-20,Mobile,Social Media,Delhi,1,1,1,1,1,1,1731.74,10.9
U08382,2026-02-08,Mobile,Paid Search,Hyderabad,1,0,0,0,0,0,0,6.5
U08383,2026-03-07,Desktop,Paid Search,Delhi,1,1,1,1,1,1,4526.55,4.3
U08384,2026-03-21,Desktop,Paid Search,Chennai,1,0,0,0,0,0,0,7.7
U08385,2026-02-15,Mobile,Social Media,Delhi,1,0,0,0,0,0,0,5.4
U08386,2026-01-25,Mobile,Organic Search,Chennai,1,0,0,0,0,0,0,4
U08387,2026-03-02,Tablet,Direct,Other,1,0,0,0,0,0,0,2.3
U08388,2026-03-05,Mobile,Social Media,Bengaluru,1,1,1,0,0,0,0,8.4
U08389,2026-01-20,Mobile,Direct,Other,1,1,1,0,0,0,0,16.3
U08390,2026-03-08,Mobile,Organic Search,Hyderabad,1,0,0,0,0,0,0,8.5
U08391,2026-02-13,Mobile,Paid Search,Delhi,1,1,0,0,0,0,0,5
U08392,2026-03-22,Mobile,Organic Search,Chennai,1,0,0,0,0,0,0,8.5
U08393,2026-03-22,Tablet,Paid Search,Pune,1,0,0,0,0,0,0,7.6
U08394,2026-02-25,Desktop,Direct,Delhi,1,1,1,1,1,0,0,3.7
U08395,2026-03-05,Desktop,Organic Search,Pune,1,0,0,0,0,0,0,15.1
U08396,2026-02-25,Desktop,Paid Search,Hyderabad,1,1,0,0,0,0,0,9.9
U08397,2026-02-18,Mobile,Organic Search,Pune,1,1,1,0,0,0,0,11
U08398,2026-02-06,Mobile,Paid Search,Bengaluru,1,0,0,0,0,0,0,3.1
U08399,2026-01-22,Desktop,Referral,Hyderabad,1,1,1,0,0,0,0,5.3
U08400,2026-02-08,Tablet,Social Media,Bengaluru,1,1,1,0,0,0,0,6.4
U08401,2026-03-03,Mobile,Email,Chennai,1,0,0,0,0,0,0,15.5
U08402,2026-02-27,Tablet,Paid Search,Delhi,1,0,0,0,0,0,0,7.4
U08403,2026-03-30,Mobile,Direct,Bengaluru,1,0,0,0,0,0,0,6.6
U08404,2026-03-08,Mobile,Email,Hyderabad,1,1,1,1,0,0,0,6.2
U08405,2026-03-24,Mobile,Paid Search,Mumbai,1,1,0,0,0,0,0,11.2
U08406,2026-03-13,Mobile,Paid Search,Other,1,1,1,1,0,0,0,14.3
U08407,2026-01-18,Mobile,Direct,Mumbai,1,0,0,0,0,0,0,16.6
U08408,2026-03-15,Mobile,Social Media,Delhi,1,1,1,0,0,0,0,5.8
U08409,2026-02-07,Mobile,Email,Mumbai,1,0,0,0,0,0,0,9.6
U08410,2026-01-21,Mobile,Paid Search,Delhi,1,1,1,0,0,0,0,5.1
U08411,2026-03-23,Mobile,Organic Search,Other,1,0,0,0,0,0,0,4.8
U08412,2026-02-03,Tablet,Email,Mumbai,1,0,0,0,0,0,0,3.3
U08413,2026-02-23,Mobile,Social Media,Chennai,1,1,0,0,0,0,0,2.9
U08414,2026-01-31,Mobile,Social Media,Pune,1,1,1,0,0,0,0,2.9
U08415,2026-03-21,Mobile,Social Media,Other,1,1,0,0,0,0,0,3.5
U08416,2026-03-25,Mobile,Organic Search,Hyderabad,1,0,0,0,0,0,0,8.3
U08417,2026-03-31,Desktop,Referral,Mumbai,1,1,1,1,0,0,0,9.3
U08418,2026-03-08,Mobile,Direct,Delhi,1,1,1,1,0,0,0,7.1
U08419,2026-02-27,Desktop,Direct,Mumbai,1,1,1,0,0,0,0,7
U08420,2026-03-14,Mobile,Paid Search,Chennai,1,1,0,0,0,0,0,3.1
U08421,2026-03-27,Mobile,Paid Search,Mumbai,1,0,0,0,0,0,0,6.2
U08422,2026-01-03,Mobile,Referral,Bengaluru,1,0,0,0,0,0,0,6.4
U08423,2026-03-18,Mobile,Social Media,Bengaluru,1,1,1,1,0,0,0,2.7
U08424,2026-02-03,Mobile,Social Media,Other,1,0,0,0,0,0,0,10.9
U08425,2026-01-12,Mobile,Direct,Mumbai,1,0,0,0,0,0,0,9.5
U08426,2026-02-28,Mobile,Social Media,Pune,1,0,0,0,0,0,0,7.6
U08427,2026-03-20,Mobile,Social Media,Pune,1,1,0,0,0,0,0,3.8
U08428,2026-02-13,Tablet,Organic Search,Mumbai,1,0,0,0,0,0,0,7.8
U08429,2026-02-13,Mobile,Organic Search,Pune,1,0,0,0,0,0,0,29.9
U08430,2026-02-27,Mobile,Organic Search,Bengaluru,1,0,0,0,0,0,0,13.4
U08431,2026-02-19,Mobile,Direct,Mumbai,1,0,0,0,0,0,0,14.4
U08432,2026-03-14,Mobile,Paid Search,Mumbai,1,0,0,0,0,0,0,3.7
U08433,2026-03-19,Mobile,Social Media,Mumbai,1,0,0,0,0,0,0,13.2
U08434,2026-02-07,Desktop,Referral,Hyderabad,1,1,1,1,1,1,415.59,14.5
U08435,2026-03-31,Tablet,Social Media,Bengaluru,1,0,0,0,0,0,0,3
U08436,2026-02-17,Mobile,Social Media,Bengaluru,1,1,1,0,0,0,0,10.8
U08437,2026-02-03,Mobile,Paid Search,Mumbai,1,1,1,0,0,0,0,3.5
U08438,2026-02-13,Mobile,Referral,Other,1,1,0,0,0,0,0,6.6
U08439,2026-02-24,Desktop,Organic Search,Other,1,0,0,0,0,0,0,6.1
U08440,2026-03-01,Mobile,Organic Search,Bengaluru,1,1,1,1,0,0,0,7.8
U08441,2026-02-01,Mobile,Organic Search,Bengaluru,1,0,0,0,0,0,0,7.8
U08442,2026-01-16,Mobile,Paid Search,Hyderabad,1,0,0,0,0,0,0,3.6
U08443,2026-01-31,Desktop,Paid Search,Chennai,1,0,0,0,0,0,0,4.9
U08444,2026-02-11,Mobile,Email,Pune,1,0,0,0,0,0,0,16.4
U08445,2026-03-20,Mobile,Organic Search,Other,1,0,0,0,0,0,0,5.4
U08446,2026-02-07,Desktop,Email,Bengaluru,1,0,0,0,0,0,0,14.6
U08447,2026-03-27,Mobile,Organic Search,Bengaluru,1,0,0,0,0,0,0,5
U08448,2026-01-04,Desktop,Organic Search,Bengaluru,1,1,1,1,1,1,3596.68,10.3
U08449,2026-02-01,Mobile,Social Media,Bengaluru,1,1,0,0,0,0,0,6.1
U08450,2026-03-09,Desktop,Direct,Pune,1,0,0,0,0,0,0,5.6
U08451,2026-01-01,Desktop,Direct,Mumbai,1,0,0,0,0,0,0,13.1
U08452,2026-02-05,Mobile,Direct,Delhi,1,1,1,0,0,0,0,7.8
U08453,2026-01-07,Desktop,Email,Mumbai,1,1,0,0,0,0,0,7.6
U08454,2026-02-13,Mobile,Email,Bengaluru,1,0,0,0,0,0,0,10.9
U08455,2026-01-24,Tablet,Social Media,Bengaluru,1,1,1,1,1,1,2809.69,9.3
U08456,2026-02-02,Mobile,Social Media,Hyderabad,1,1,0,0,0,0,0,3.2
U08457,2026-03-20,Desktop,Organic Search,Delhi,1,1,1,0,0,0,0,3.2
U08458,2026-03-30,Mobile,Social Media,Pune,1,0,0,0,0,0,0,5.8
U08459,2026-01-25,Tablet,Paid Search,Delhi,1,0,0,0,0,0,0,5
U08460,2026-03-19,Mobile,Paid Search,Hyderabad,1,0,0,0,0,0,0,3.9
U08461,2026-02-27,Tablet,Social Media,Delhi,1,0,0,0,0,0,0,2.8
U08462,2026-01-12,Desktop,Organic Search,Hyderabad,1,0,0,0,0,0,0,14.1
U08463,2026-03-17,Mobile,Paid Search,Hyderabad,1,0,0,0,0,0,0,7.6
U08464,2026-03-21,Desktop,Organic Search,Chennai,1,0,0,0,0,0,0,13.2
U08465,2026-03-30,Tablet,Direct,Chennai,1,0,0,0,0,0,0,5.7
U08466,2026-01-11,Mobile,Organic Search,Pune,1,1,0,0,0,0,0,9.5
U08467,2026-03-10,Mobile,Paid Search,Delhi,1,1,1,0,0,0,0,9.2
U08468,2026-03-19,Mobile,Direct,Hyderabad,1,1,1,0,0,0,0,8.2
U08469,2026-02-13,Mobile,Social Media,Bengaluru,1,0,0,0,0,0,0,8.5
U08470,2026-03-07,Mobile,Organic Search,Bengaluru,1,0,0,0,0,0,0,5.4
U08471,2026-02-21,Mobile,Paid Search,Hyderabad,1,1,1,0,0,0,0,14.6
U08472,2026-03-07,Mobile,Organic Search,Bengaluru,1,1,1,1,0,0,0,12.7
U08473,2026-02-19,Mobile,Organic Search,Delhi,1,1,1,1,0,0,0,4.9
U08474,2026-01-12,Mobile,Organic Search,Bengaluru,1,0,0,0,0,0,0,5.5
U08475,2026-03-10,Desktop,Paid Search,Pune,1,1,0,0,0,0,0,9.4
U08476,2026-03-17,Desktop,Referral,Chennai,1,1,1,0,0,0,0,8.5
U08477,2026-02-02,Mobile,Social Media,Bengaluru,1,0,0,0,0,0,0,23.5
U08478,2026-02-27,Desktop,Social Media,Chennai,1,0,0,0,0,0,0,12.2
U08479,2026-01-10,Desktop,Organic Search,Delhi,1,0,0,0,0,0,0,7.5
U08480,2026-02-22,Tablet,Paid Search,Mumbai,1,1,1,1,1,0,0,1.5
U08481,2026-02-18,Mobile,Referral,Hyderabad,1,0,0,0,0,0,0,9.4
U08482,2026-02-04,Mobile,Organic Search,Other,1,1,1,0,0,0,0,12.6
U08483,2026-03-18,Tablet,Direct,Hyderabad,1,0,0,0,0,0,0,5.8
U08484,2026-02-18,Tablet,Social Media,Other,1,1,1,0,0,0,0,5
U08485,2026-01-10,Desktop,Referral,Hyderabad,1,0,0,0,0,0,0,5.4
U08486,2026-02-26,Desktop,Paid Search,Delhi,1,0,0,0,0,0,0,3.5
U08487,2026-03-04,Mobile,Paid Search,Mumbai,1,1,1,0,0,0,0,4.2
U08488,2026-03-20,Mobile,Referral,Chennai,1,1,0,0,0,0,0,8.2
U08489,2026-03-04,Mobile,Referral,Hyderabad,1,1,0,0,0,0,0,3.6
U08490,2026-02-07,Mobile,Organic Search,Bengaluru,1,0,0,0,0,0,0,15.2
U08491,2026-03-14,Desktop,Direct,Delhi,1,1,1,1,0,0,0,11.5
U08492,2026-03-02,Mobile,Organic Search,Pune,1,0,0,0,0,0,0,11.8
U08493,2026-03-31,Mobile,Organic Search,Mumbai,1,0,0,0,0,0,0,5.4
U08494,2026-03-07,Tablet,Social Media,Bengaluru,1,0,0,0,0,0,0,5.4
U08495,2026-02-03,Mobile,Email,Hyderabad,1,0,0,0,0,0,0,2.4
U08496,2026-01-22,Tablet,Direct,Delhi,1,1,1,0,0,0,0,4.4
U08497,2026-03-17,Tablet,Paid Search,Bengaluru,1,0,0,0,0,0,0,8.4
U08498,2026-01-17,Mobile,Organic Search,Hyderabad,1,1,0,0,0,0,0,21.2
U08499,2026-03-23,Mobile,Social Media,Delhi,1,1,1,1,1,1,3156.69,8
U08500,2026-03-26,Mobile,Paid Search,Chennai,1,0,0,0,0,0,0,3.2
U08501,2026-03-27,Mobile,Paid Search,Hyderabad,1,1,1,1,1,0,0,15.7
U08502,2026-03-26,Mobile,Social Media,Hyderabad,1,0,0,0,0,0,0,9
U08503,2026-03-30,Mobile,Organic Search,Delhi,1,1,1,1,1,1,4056.79,3
U08504,2026-01-13,Tablet,Social Media,Hyderabad,1,1,1,1,1,1,2422.63,6
U08505,2026-03-24,Mobile,Paid Search,Pune,1,1,1,0,0,0,0,18.2
U08506,2026-01-15,Desktop,Email,Bengaluru,1,1,1,0,0,0,0,5.5
U08507,2026-03-15,Mobile,Email,Hyderabad,1,0,0,0,0,0,0,6.4
U08508,2026-03-12,Mobile,Organic Search,Delhi,1,0,0,0,0,0,0,2.7
U08509,2026-03-29,Desktop,Organic Search,Mumbai,1,1,1,1,0,0,0,12.8
U08510,2026-01-13,Mobile,Paid Search,Bengaluru,1,0,0,0,0,0,0,6.2
U08511,2026-03-04,Mobile,Organic Search,Chennai,1,1,1,1,1,1,4171.14,8.9
U08512,2026-01-07,Desktop,Email,Hyderabad,1,1,0,0,0,0,0,9.5
U08513,2026-03-11,Desktop,Direct,Delhi,1,0,0,0,0,0,0,6.9
U08514,2026-03-21,Desktop,Email,Bengaluru,1,0,0,0,0,0,0,5.3
U08515,2026-03-10,Mobile,Social Media,Delhi,1,0,0,0,0,0,0,13.8
U08516,2026-02-06,Mobile,Paid Search,Mumbai,1,1,1,0,0,0,0,6.5
U08517,2026-03-18,Tablet,Paid Search,Mumbai,1,0,0,0,0,0,0,8.5
U08518,2026-01-26,Tablet,Direct,Delhi,1,1,1,1,1,1,3052.89,6.9
U08519,2026-02-16,Mobile,Direct,Mumbai,1,1,1,0,0,0,0,4.9
U08520,2026-01-17,Desktop,Social Media,Chennai,1,0,0,0,0,0,0,6.3
U08521,2026-03-16,Mobile,Paid Search,Chennai,1,1,1,0,0,0,0,2.7
U08522,2026-03-19,Mobile,Referral,Hyderabad,1,1,1,1,0,0,0,5.2
U08523,2026-02-24,Mobile,Organic Search,Delhi,1,0,0,0,0,0,0,13.2
U08524,2026-01-22,Mobile,Referral,Delhi,1,1,1,1,1,1,4315.72,2.6
U08525,2026-02-08,Mobile,Referral,Bengaluru,1,0,0,0,0,0,0,2.6
U08526,2026-02-10,Mobile,Organic Search,Pune,1,0,0,0,0,0,0,6.1
U08527,2026-02-15,Mobile,Direct,Mumbai,1,1,1,1,1,1,1151.24,3.9
U08528,2026-01-29,Desktop,Direct,Chennai,1,0,0,0,0,0,0,5.7
U08529,2026-01-20,Desktop,Direct,Hyderabad,1,0,0,0,0,0,0,3.6
U08530,2026-03-10,Desktop,Social Media,Chennai,1,1,1,0,0,0,0,14.7
U08531,2026-02-27,Desktop,Organic Search,Mumbai,1,1,1,1,0,0,0,13.7
U08532,2026-01-28,Mobile,Social Media,Hyderabad,1,0,0,0,0,0,0,2.1
U08533,2026-01-31,Mobile,Paid Search,Chennai,1,0,0,0,0,0,0,5.5
U08534,2026-03-27,Desktop,Organic Search,Other,1,0,0,0,0,0,0,20.1
U08535,2026-03-05,Mobile,Paid Search,Delhi,1,1,1,0,0,0,0,11.1
U08536,2026-01-27,Mobile,Email,Mumbai,1,0,0,0,0,0,0,3.1
U08537,2026-03-31,Mobile,Organic Search,Mumbai,1,1,1,0,0,0,0,9.1
U08538,2026-01-26,Desktop,Paid Search,Hyderabad,1,1,1,0,0,0,0,8.7
U08539,2026-02-19,Mobile,Organic Search,Other,1,0,0,0,0,0,0,2.7
U08540,2026-01-27,Desktop,Email,Other,1,0,0,0,0,0,0,9.5
U08541,2026-02-07,Mobile,Email,Delhi,1,0,0,0,0,0,0,11.6
U08542,2026-01-19,Desktop,Organic Search,Hyderabad,1,0,0,0,0,0,0,7.5
U08543,2026-01-07,Desktop,Direct,Bengaluru,1,1,1,0,0,0,0,6.6
U08544,2026-02-10,Desktop,Organic Search,Hyderabad,1,1,1,0,0,0,0,13.3
U08545,2026-03-29,Mobile,Social Media,Mumbai,1,0,0,0,0,0,0,9.2
U08546,2026-03-27,Mobile,Referral,Bengaluru,1,1,1,1,0,0,0,9.4
U08547,2026-01-08,Desktop,Referral,Delhi,1,0,0,0,0,0,0,11.9
U08548,2026-01-20,Mobile,Organic Search,Mumbai,1,0,0,0,0,0,0,9.3
U08549,2026-01-23,Mobile,Direct,Hyderabad,1,0,0,0,0,0,0,5.7
U08550,2026-03-17,Mobile,Direct,Delhi,1,0,0,0,0,0,0,12.3
U08551,2026-01-28,Desktop,Social Media,Hyderabad,1,0,0,0,0,0,0,7.3
U08552,2026-01-23,Mobile,Social Media,Pune,1,1,0,0,0,0,0,9.4
U08553,2026-02-19,Desktop,Organic Search,Bengaluru,1,0,0,0,0,0,0,7.3
U08554,2026-01-21,Mobile,Social Media,Bengaluru,1,1,0,0,0,0,0,5.8
U08555,2026-01-25,Mobile,Paid Search,Hyderabad,1,0,0,0,0,0,0,4.6
U08556,2026-02-02,Desktop,Referral,Other,1,1,0,0,0,0,0,3.1
U08557,2026-03-09,Mobile,Paid Search,Mumbai,1,1,1,0,0,0,0,2.8
U08558,2026-03-14,Mobile,Email,Chennai,1,0,0,0,0,0,0,6.7
U08559,2026-02-27,Desktop,Organic Search,Hyderabad,1,0,0,0,0,0,0,2.7
U08560,2026-03-26,Desktop,Organic Search,Delhi,1,0,0,0,0,0,0,4.3
U08561,2026-02-17,Mobile,Organic Search,Bengaluru,1,1,1,1,1,1,3473.65,11.2
U08562,2026-03-06,Desktop,Organic Search,Other,1,1,1,1,1,1,3499.62,5.7
U08563,2026-03-30,Desktop,Social Media,Other,1,1,1,1,1,1,662.35,20.6
U08564,2026-02-01,Desktop,Referral,Delhi,1,1,1,0,0,0,0,7.2
U08565,2026-03-22,Mobile,Social Media,Other,1,0,0,0,0,0,0,2.4
U08566,2026-03-03,Mobile,Social Media,Hyderabad,1,0,0,0,0,0,0,5.8
U08567,2026-01-14,Desktop,Email,Bengaluru,1,0,0,0,0,0,0,3.3
U08568,2026-02-27,Desktop,Paid Search,Bengaluru,1,0,0,0,0,0,0,5.4
U08569,2026-02-15,Mobile,Paid Search,Hyderabad,1,1,1,0,0,0,0,16.1
U08570,2026-03-26,Mobile,Paid Search,Other,1,1,1,0,0,0,0,18.7
U08571,2026-03-08,Mobile,Email,Hyderabad,1,1,0,0,0,0,0,7.9
U08572,2026-03-06,Mobile,Organic Search,Pune,1,0,0,0,0,0,0,15
U08573,2026-01-17,Mobile,Organic Search,Delhi,1,0,0,0,0,0,0,16.7
U08574,2026-03-27,Mobile,Social Media,Bengaluru,1,1,1,1,1,1,1437.24,8.6
U08575,2026-02-08,Desktop,Direct,Hyderabad,1,0,0,0,0,0,0,14
U08576,2026-02-21,Mobile,Social Media,Hyderabad,1,0,0,0,0,0,0,6
U08577,2026-02-24,Desktop,Referral,Bengaluru,1,0,0,0,0,0,0,7.8
U08578,2026-03-16,Mobile,Email,Chennai,1,0,0,0,0,0,0,7.2
U08579,2026-03-09,Mobile,Social Media,Chennai,1,1,0,0,0,0,0,3.6
U08580,2026-01-19,Mobile,Email,Mumbai,1,0,0,0,0,0,0,6.7
U08581,2026-01-27,Mobile,Referral,Delhi,1,1,1,0,0,0,0,9.7
U08582,2026-01-18,Desktop,Organic Search,Bengaluru,1,1,1,0,0,0,0,2.2
U08583,2026-02-22,Desktop,Paid Search,Hyderabad,1,0,0,0,0,0,0,5.5
U08584,2026-01-14,Mobile,Organic Search,Pune,1,1,1,1,0,0,0,6.1
U08585,2026-01-05,Mobile,Social Media,Bengaluru,1,0,0,0,0,0,0,5.6
U08586,2026-03-28,Mobile,Direct,Bengaluru,1,0,0,0,0,0,0,3.6
U08587,2026-02-06,Desktop,Paid Search,Delhi,1,1,1,1,1,0,0,12.2
U08588,2026-02-11,Desktop,Paid Search,Other,1,0,0,0,0,0,0,5.5
U08589,2026-02-17,Mobile,Direct,Other,1,0,0,0,0,0,0,7.2
U08590,2026-01-26,Desktop,Social Media,Hyderabad,1,0,0,0,0,0,0,7.7
U08591,2026-03-16,Desktop,Social Media,Chennai,1,0,0,0,0,0,0,31
U08592,2026-01-27,Mobile,Direct,Hyderabad,1,0,0,0,0,0,0,11.5
U08593,2026-03-25,Mobile,Social Media,Other,1,0,0,0,0,0,0,6.2
U08594,2026-03-19,Desktop,Email,Bengaluru,1,0,0,0,0,0,0,5.3
U08595,2026-02-11,Desktop,Organic Search,Hyderabad,1,1,1,0,0,0,0,13.4
U08596,2026-02-06,Mobile,Organic Search,Pune,1,0,0,0,0,0,0,2.4
U08597,2026-01-28,Mobile,Paid Search,Other,1,0,0,0,0,0,0,7.9
U08598,2026-02-10,Mobile,Social Media,Delhi,1,0,0,0,0,0,0,6.3
U08599,2026-03-03,Mobile,Direct,Hyderabad,1,1,1,1,0,0,0,3.9
U08600,2026-03-10,Desktop,Direct,Chennai,1,1,1,1,0,0,0,8.1
U08601,2026-02-02,Mobile,Direct,Pune,1,1,1,0,0,0,0,14.3
U08602,2026-01-31,Desktop,Paid Search,Mumbai,1,1,0,0,0,0,0,10.6
U08603,2026-02-25,Desktop,Direct,Hyderabad,1,0,0,0,0,0,0,1.9
U08604,2026-03-31,Mobile,Email,Hyderabad,1,0,0,0,0,0,0,5.8
U08605,2026-01-07,Mobile,Paid Search,Pune,1,0,0,0,0,0,0,1.7
U08606,2026-02-26,Mobile,Email,Mumbai,1,1,1,0,0,0,0,9.4
U08607,2026-02-03,Desktop,Organic Search,Delhi,1,0,0,0,0,0,0,3
U08608,2026-03-08,Mobile,Organic Search,Bengaluru,1,1,0,0,0,0,0,3.9
U08609,2026-03-29,Desktop,Referral,Mumbai,1,1,1,0,0,0,0,9.1
U08610,2026-03-12,Desktop,Email,Other,1,1,1,1,1,1,1511.1,21.6
U08611,2026-02-15,Mobile,Paid Search,Bengaluru,1,1,1,1,1,1,3005.01,4.5
U08612,2026-01-28,Desktop,Social Media,Delhi,1,1,1,0,0,0,0,15.7
U08613,2026-02-14,Tablet,Direct,Hyderabad,1,0,0,0,0,0,0,3.3
U08614,2026-03-01,Mobile,Email,Hyderabad,1,0,0,0,0,0,0,6.5
U08615,2026-01-07,Mobile,Paid Search,Delhi,1,0,0,0,0,0,0,9
U08616,2026-02-15,Tablet,Organic Search,Pune,1,0,0,0,0,0,0,9.2
U08617,2026-01-09,Tablet,Paid Search,Delhi,1,1,1,1,1,1,4061.56,13.9
U08618,2026-01-15,Mobile,Direct,Hyderabad,1,0,0,0,0,0,0,5.9
U08619,2026-02-24,Mobile,Paid Search,Bengaluru,1,1,1,1,0,0,0,2.4
U08620,2026-01-09,Mobile,Social Media,Other,1,1,1,1,0,0,0,13.6
U08621,2026-02-03,Tablet,Social Media,Bengaluru,1,1,1,1,1,0,0,3.2
U08622,2026-02-26,Mobile,Direct,Pune,1,0,0,0,0,0,0,4.8
U08623,2026-01-04,Mobile,Social Media,Bengaluru,1,0,0,0,0,0,0,5.3
U08624,2026-02-07,Desktop,Email,Other,1,0,0,0,0,0,0,14.2
U08625,2026-01-14,Mobile,Paid Search,Other,1,1,0,0,0,0,0,7.8
U08626,2026-03-23,Mobile,Organic Search,Hyderabad,1,0,0,0,0,0,0,1
U08627,2026-02-10,Mobile,Direct,Delhi,1,0,0,0,0,0,0,3.8
U08628,2026-03-09,Desktop,Direct,Hyderabad,1,0,0,0,0,0,0,6.7
U08629,2026-01-03,Mobile,Direct,Bengaluru,1,0,0,0,0,0,0,7.5
U08630,2026-03-24,Desktop,Direct,Chennai,1,0,0,0,0,0,0,12.4
U08631,2026-01-27,Desktop,Referral,Mumbai,1,1,1,0,0,0,0,2.9
U08632,2026-01-13,Mobile,Email,Bengaluru,1,1,1,0,0,0,0,6
U08633,2026-03-09,Mobile,Referral,Mumbai,1,1,1,0,0,0,0,8.6
U08634,2026-02-04,Mobile,Social Media,Hyderabad,1,0,0,0,0,0,0,5.3
U08635,2026-01-19,Mobile,Organic Search,Hyderabad,1,0,0,0,0,0,0,12.9
U08636,2026-02-13,Desktop,Paid Search,Mumbai,1,1,1,1,1,1,1629.61,6.7
U08637,2026-02-01,Desktop,Direct,Mumbai,1,1,1,0,0,0,0,8.2
U08638,2026-02-14,Mobile,Paid Search,Delhi,1,0,0,0,0,0,0,3.4
U08639,2026-03-10,Mobile,Direct,Mumbai,1,1,1,1,1,1,1755.82,7
U08640,2026-03-22,Mobile,Organic Search,Pune,1,1,1,0,0,0,0,3.2
U08641,2026-03-22,Desktop,Paid Search,Chennai,1,0,0,0,0,0,0,5.1
U08642,2026-03-22,Mobile,Paid Search,Hyderabad,1,0,0,0,0,0,0,5.9
U08643,2026-01-25,Mobile,Organic Search,Mumbai,1,0,0,0,0,0,0,9.1
U08644,2026-03-13,Mobile,Organic Search,Delhi,1,1,1,0,0,0,0,4.7
U08645,2026-02-20,Mobile,Organic Search,Mumbai,1,0,0,0,0,0,0,4.5
U08646,2026-03-03,Mobile,Referral,Delhi,1,1,1,1,1,1,2399.29,1.7
U08647,2026-03-24,Mobile,Organic Search,Bengaluru,1,1,1,0,0,0,0,4.8
U08648,2026-01-08,Mobile,Paid Search,Hyderabad,1,0,0,0,0,0,0,3.7
U08649,2026-03-14,Desktop,Organic Search,Delhi,1,1,1,0,0,0,0,12.9
U08650,2026-01-18,Mobile,Email,Bengaluru,1,0,0,0,0,0,0,3
U08651,2026-02-23,Mobile,Social Media,Chennai,1,1,1,0,0,0,0,7.7
U08652,2026-02-13,Mobile,Email,Chennai,1,1,1,0,0,0,0,21.9
U08653,2026-03-08,Mobile,Paid Search,Chennai,1,1,1,0,0,0,0,18.1
U08654,2026-02-03,Mobile,Organic Search,Mumbai,1,0,0,0,0,0,0,7.3
U08655,2026-01-16,Mobile,Email,Hyderabad,1,0,0,0,0,0,0,3.2
U08656,2026-02-24,Mobile,Referral,Other,1,1,1,0,0,0,0,7.7
U08657,2026-02-17,Mobile,Organic Search,Delhi,1,0,0,0,0,0,0,14.6
U08658,2026-01-30,Mobile,Social Media,Chennai,1,0,0,0,0,0,0,4.6
U08659,2026-02-28,Mobile,Organic Search,Hyderabad,1,0,0,0,0,0,0,11.9
U08660,2026-02-05,Desktop,Organic Search,Hyderabad,1,0,0,0,0,0,0,3.9
U08661,2026-03-15,Mobile,Email,Delhi,1,0,0,0,0,0,0,10.2
U08662,2026-01-23,Mobile,Social Media,Bengaluru,1,1,1,0,0,0,0,1.8
U08663,2026-02-26,Mobile,Organic Search,Bengaluru,1,1,1,1,1,1,4876.68,2.8
U08664,2026-02-09,Mobile,Paid Search,Bengaluru,1,0,0,0,0,0,0,5.5
U08665,2026-02-18,Mobile,Direct,Mumbai,1,1,1,1,1,1,2936.43,6
U08666,2026-03-22,Mobile,Referral,Delhi,1,0,0,0,0,0,0,0.9
U08667,2026-01-05,Desktop,Direct,Mumbai,1,0,0,0,0,0,0,7
U08668,2026-02-03,Mobile,Social Media,Pune,1,0,0,0,0,0,0,6.3
U08669,2026-01-25,Mobile,Social Media,Bengaluru,1,1,0,0,0,0,0,1.4
U08670,2026-03-29,Desktop,Paid Search,Mumbai,1,1,1,0,0,0,0,10.5
U08671,2026-03-18,Tablet,Organic Search,Hyderabad,1,0,0,0,0,0,0,12.6
U08672,2026-03-16,Mobile,Paid Search,Mumbai,1,0,0,0,0,0,0,5.5
U08673,2026-02-09,Mobile,Social Media,Mumbai,1,0,0,0,0,0,0,5.3
U08674,2026-01-18,Mobile,Paid Search,Bengaluru,1,1,1,0,0,0,0,8.8
U08675,2026-01-02,Mobile,Referral,Chennai,1,1,1,1,0,0,0,4.7
U08676,2026-01-22,Mobile,Organic Search,Pune,1,1,1,1,1,0,0,7.2
U08677,2026-03-19,Mobile,Paid Search,Hyderabad,1,0,0,0,0,0,0,5.7
U08678,2026-03-19,Desktop,Organic Search,Chennai,1,0,0,0,0,0,0,5.8
U08679,2026-01-11,Mobile,Paid Search,Other,1,1,1,1,1,1,5509.78,3.3
U08680,2026-02-05,Mobile,Organic Search,Chennai,1,1,1,0,0,0,0,1.9
U08681,2026-01-09,Mobile,Paid Search,Delhi,1,0,0,0,0,0,0,3.9
U08682,2026-03-09,Desktop,Paid Search,Pune,1,0,0,0,0,0,0,3.8
U08683,2026-02-01,Mobile,Social Media,Bengaluru,1,1,1,1,1,0,0,3.8
U08684,2026-02-25,Mobile,Social Media,Bengaluru,1,0,0,0,0,0,0,7.6
U08685,2026-02-21,Mobile,Paid Search,Delhi,1,0,0,0,0,0,0,15
U08686,2026-01-14,Mobile,Social Media,Delhi,1,0,0,0,0,0,0,9.8
U08687,2026-02-24,Mobile,Social Media,Hyderabad,1,0,0,0,0,0,0,16.1
U08688,2026-02-21,Mobile,Paid Search,Bengaluru,1,0,0,0,0,0,0,20.7
U08689,2026-01-14,Mobile,Referral,Chennai,1,1,1,1,1,1,679.74,10.9
U08690,2026-03-04,Mobile,Social Media,Pune,1,0,0,0,0,0,0,4.7
U08691,2026-01-15,Mobile,Paid Search,Chennai,1,0,0,0,0,0,0,25.2
U08692,2026-01-01,Desktop,Direct,Other,1,1,1,0,0,0,0,7.2
U08693,2026-03-13,Mobile,Referral,Other,1,1,1,1,0,0,0,18.6
U08694,2026-02-24,Mobile,Direct,Delhi,1,1,1,0,0,0,0,2.4
U08695,2026-03-30,Mobile,Email,Delhi,1,1,1,0,0,0,0,28.1
U08696,2026-02-23,Mobile,Paid Search,Chennai,1,1,1,0,0,0,0,3.7
U08697,2026-03-31,Tablet,Paid Search,Hyderabad,1,1,1,0,0,0,0,2.7
U08698,2026-03-29,Mobile,Email,Mumbai,1,1,1,0,0,0,0,4.5
U08699,2026-03-24,Mobile,Direct,Bengaluru,1,1,1,0,0,0,0,7
U08700,2026-01-12,Mobile,Social Media,Bengaluru,1,1,1,0,0,0,0,3.9
U08701,2026-03-18,Tablet,Direct,Delhi,1,1,0,0,0,0,0,8.7
U08702,2026-03-21,Desktop,Paid Search,Chennai,1,1,1,0,0,0,0,3.4
U08703,2026-02-27,Mobile,Paid Search,Delhi,1,1,1,0,0,0,0,3.6
U08704,2026-01-10,Mobile,Direct,Chennai,1,1,1,1,1,1,3743.79,9.4
U08705,2026-02-18,Mobile,Referral,Hyderabad,1,0,0,0,0,0,0,4.7
U08706,2026-02-01,Mobile,Direct,Chennai,1,1,1,0,0,0,0,3.7
U08707,2026-02-19,Desktop,Referral,Other,1,0,0,0,0,0,0,11.2
U08708,2026-03-23,Mobile,Paid Search,Pune,1,0,0,0,0,0,0,2.5
U08709,2026-01-11,Mobile,Social Media,Bengaluru,1,1,1,1,1,1,2710.71,9.6
U08710,2026-01-07,Desktop,Direct,Chennai,1,0,0,0,0,0,0,15.1
U08711,2026-01-24,Desktop,Social Media,Other,1,0,0,0,0,0,0,2.3
U08712,2026-03-17,Mobile,Paid Search,Hyderabad,1,0,0,0,0,0,0,10.6
U08713,2026-01-16,Desktop,Paid Search,Bengaluru,1,0,0,0,0,0,0,5.7
U08714,2026-03-16,Mobile,Social Media,Bengaluru,1,0,0,0,0,0,0,1.4
U08715,2026-02-02,Desktop,Organic Search,Mumbai,1,1,1,1,0,0,0,3.1
U08716,2026-03-10,Desktop,Email,Chennai,1,1,1,0,0,0,0,0.5
U08717,2026-01-17,Mobile,Organic Search,Hyderabad,1,0,0,0,0,0,0,5
U08718,2026-03-01,Desktop,Paid Search,Mumbai,1,1,1,1,1,1,6098.97,8.2
U08719,2026-03-04,Desktop,Referral,Hyderabad,1,1,1,0,0,0,0,10.3
U08720,2026-02-03,Mobile,Social Media,Mumbai,1,0,0,0,0,0,0,5.8
U08721,2026-01-16,Mobile,Referral,Chennai,1,1,1,0,0,0,0,13.4
U08722,2026-02-20,Desktop,Paid Search,Chennai,1,0,0,0,0,0,0,2.2
U08723,2026-01-09,Mobile,Direct,Hyderabad,1,1,0,0,0,0,0,1.6
U08724,2026-01-27,Mobile,Organic Search,Mumbai,1,0,0,0,0,0,0,3.4
U08725,2026-02-17,Desktop,Organic Search,Chennai,1,1,1,1,0,0,0,2.3
U08726,2026-01-30,Desktop,Direct,Chennai,1,0,0,0,0,0,0,11.9
U08727,2026-03-20,Mobile,Referral,Mumbai,1,0,0,0,0,0,0,5.5
U08728,2026-01-22,Mobile,Organic Search,Mumbai,1,0,0,0,0,0,0,9.5
U08729,2026-01-22,Mobile,Direct,Hyderabad,1,1,1,0,0,0,0,3.5
U08730,2026-01-24,Mobile,Social Media,Hyderabad,1,0,0,0,0,0,0,7.5
U08731,2026-03-19,Mobile,Direct,Bengaluru,1,0,0,0,0,0,0,5
U08732,2026-02-07,Desktop,Social Media,Delhi,1,0,0,0,0,0,0,4.5
U08733,2026-01-06,Mobile,Social Media,Mumbai,1,0,0,0,0,0,0,4.1
U08734,2026-01-17,Mobile,Paid Search,Delhi,1,1,1,1,0,0,0,5.8
U08735,2026-02-24,Mobile,Paid Search,Delhi,1,0,0,0,0,0,0,3.8
U08736,2026-03-01,Tablet,Social Media,Pune,1,1,1,0,0,0,0,18.3
U08737,2026-02-21,Mobile,Social Media,Bengaluru,1,0,0,0,0,0,0,4.1
U08738,2026-01-24,Mobile,Organic Search,Bengaluru,1,0,0,0,0,0,0,7.3
U08739,2026-02-20,Mobile,Paid Search,Pune,1,0,0,0,0,0,0,5.4
U08740,2026-01-15,Mobile,Organic Search,Bengaluru,1,1,1,1,0,0,0,11
U08741,2026-01-28,Mobile,Direct,Chennai,1,1,1,0,0,0,0,9.2
U08742,2026-01-14,Mobile,Social Media,Hyderabad,1,0,0,0,0,0,0,22.6
U08743,2026-01-11,Mobile,Referral,Other,1,1,1,0,0,0,0,6.1
U08744,2026-01-01,Mobile,Direct,Chennai,1,1,1,0,0,0,0,8.4
U08745,2026-01-17,Mobile,Email,Bengaluru,1,0,0,0,0,0,0,3.5
U08746,2026-02-20,Mobile,Direct,Delhi,1,0,0,0,0,0,0,4.6
U08747,2026-03-30,Mobile,Paid Search,Bengaluru,1,0,0,0,0,0,0,8.2
U08748,2026-02-23,Mobile,Organic Search,Other,1,0,0,0,0,0,0,2.3
U08749,2026-03-07,Mobile,Paid Search,Bengaluru,1,0,0,0,0,0,0,7.1
U08750,2026-03-07,Mobile,Social Media,Delhi,1,1,1,0,0,0,0,11.2
U08751,2026-01-15,Mobile,Direct,Bengaluru,1,0,0,0,0,0,0,7.5
U08752,2026-03-18,Mobile,Social Media,Pune,1,0,0,0,0,0,0,5
U08753,2026-03-17,Mobile,Paid Search,Pune,1,0,0,0,0,0,0,2.7
U08754,2026-03-16,Mobile,Email,Delhi,1,0,0,0,0,0,0,2.3
U08755,2026-03-16,Tablet,Social Media,Pune,1,0,0,0,0,0,0,4.4
U08756,2026-02-27,Desktop,Organic Search,Hyderabad,1,1,1,0,0,0,0,11.5
U08757,2026-01-04,Mobile,Social Media,Other,1,0,0,0,0,0,0,9.5
U08758,2026-03-06,Mobile,Direct,Mumbai,1,1,1,0,0,0,0,16.5
U08759,2026-01-27,Mobile,Referral,Pune,1,0,0,0,0,0,0,5.5
U08760,2026-02-13,Mobile,Social Media,Delhi,1,1,1,0,0,0,0,6.4
U08761,2026-02-21,Mobile,Paid Search,Bengaluru,1,0,0,0,0,0,0,3.9
U08762,2026-03-18,Desktop,Organic Search,Mumbai,1,1,1,1,1,1,4311.79,10.3
U08763,2026-02-15,Mobile,Social Media,Hyderabad,1,1,1,0,0,0,0,4
U08764,2026-02-26,Desktop,Referral,Delhi,1,0,0,0,0,0,0,8.4
U08765,2026-01-11,Mobile,Paid Search,Chennai,1,1,1,1,0,0,0,8.2
U08766,2026-03-15,Desktop,Organic Search,Hyderabad,1,0,0,0,0,0,0,14.7
U08767,2026-02-06,Desktop,Direct,Other,1,0,0,0,0,0,0,5.5
U08768,2026-03-13,Mobile,Referral,Other,1,1,1,0,0,0,0,6.4
U08769,2026-01-16,Mobile,Email,Pune,1,0,0,0,0,0,0,7.5
U08770,2026-03-10,Mobile,Organic Search,Delhi,1,0,0,0,0,0,0,10.2
U08771,2026-03-26,Mobile,Organic Search,Delhi,1,0,0,0,0,0,0,10.5
U08772,2026-03-05,Mobile,Organic Search,Mumbai,1,0,0,0,0,0,0,3.6
U08773,2026-01-08,Mobile,Social Media,Hyderabad,1,1,1,0,0,0,0,18.2
U08774,2026-02-04,Mobile,Organic Search,Other,1,0,0,0,0,0,0,2.1
U08775,2026-01-05,Tablet,Referral,Pune,1,1,1,0,0,0,0,8.6
U08776,2026-03-18,Mobile,Direct,Delhi,1,0,0,0,0,0,0,5.4
U08777,2026-01-13,Tablet,Paid Search,Other,1,0,0,0,0,0,0,2.5
U08778,2026-01-05,Mobile,Social Media,Mumbai,1,1,1,1,1,0,0,0.5
U08779,2026-01-16,Desktop,Email,Chennai,1,1,1,0,0,0,0,3.6
U08780,2026-01-20,Mobile,Direct,Other,1,0,0,0,0,0,0,7.5
U08781,2026-02-11,Mobile,Direct,Chennai,1,1,1,0,0,0,0,11.4
U08782,2026-01-28,Desktop,Organic Search,Mumbai,1,0,0,0,0,0,0,7.9
U08783,2026-02-23,Mobile,Organic Search,Bengaluru,1,0,0,0,0,0,0,7.3
U08784,2026-03-21,Desktop,Referral,Mumbai,1,1,0,0,0,0,0,4.4
U08785,2026-01-11,Mobile,Email,Delhi,1,1,1,0,0,0,0,13.7
U08786,2026-03-07,Mobile,Organic Search,Mumbai,1,1,1,0,0,0,0,3.8
U08787,2026-03-09,Mobile,Social Media,Mumbai,1,1,1,1,1,1,6436.3,0.7
U08788,2026-02-28,Desktop,Referral,Bengaluru,1,0,0,0,0,0,0,9.7
U08789,2026-03-18,Mobile,Organic Search,Mumbai,1,1,0,0,0,0,0,7.6
U08790,2026-01-05,Desktop,Direct,Other,1,0,0,0,0,0,0,9.9
U08791,2026-01-07,Desktop,Organic Search,Hyderabad,1,1,0,0,0,0,0,7.4
U08792,2026-03-18,Mobile,Referral,Hyderabad,1,0,0,0,0,0,0,1.1
U08793,2026-01-22,Mobile,Social Media,Hyderabad,1,1,1,1,0,0,0,7.9
U08794,2026-03-04,Desktop,Paid Search,Other,1,1,1,1,1,1,1527.22,3.9
U08795,2026-01-02,Mobile,Email,Delhi,1,0,0,0,0,0,0,10.5
U08796,2026-03-31,Mobile,Referral,Other,1,0,0,0,0,0,0,4.6
U08797,2026-01-08,Mobile,Direct,Mumbai,1,0,0,0,0,0,0,6.8
U08798,2026-03-25,Mobile,Paid Search,Chennai,1,1,1,0,0,0,0,10.9
U08799,2026-01-03,Mobile,Email,Delhi,1,0,0,0,0,0,0,5.1
U08800,2026-01-06,Mobile,Social Media,Hyderabad,1,0,0,0,0,0,0,14.1
U08801,2026-01-01,Desktop,Social Media,Chennai,1,1,1,0,0,0,0,3.7
U08802,2026-03-24,Mobile,Direct,Chennai,1,1,1,1,0,0,0,3.7
U08803,2026-03-17,Mobile,Organic Search,Bengaluru,1,1,1,0,0,0,0,10.3
U08804,2026-03-07,Tablet,Paid Search,Bengaluru,1,0,0,0,0,0,0,1.1
U08805,2026-02-26,Desktop,Social Media,Hyderabad,1,1,1,1,1,0,0,5.3
U08806,2026-02-21,Desktop,Organic Search,Hyderabad,1,1,1,0,0,0,0,15.8
U08807,2026-02-06,Mobile,Direct,Bengaluru,1,1,1,1,1,1,3140.39,4
U08808,2026-02-21,Desktop,Email,Delhi,1,0,0,0,0,0,0,2.4
U08809,2026-01-09,Mobile,Social Media,Hyderabad,1,1,0,0,0,0,0,5.9
U08810,2026-02-04,Mobile,Referral,Bengaluru,1,1,1,1,1,1,2961.05,7.9
U08811,2026-02-14,Mobile,Social Media,Hyderabad,1,1,1,1,0,0,0,7.7
U08812,2026-02-18,Mobile,Social Media,Mumbai,1,0,0,0,0,0,0,6.4
U08813,2026-02-09,Desktop,Organic Search,Mumbai,1,0,0,0,0,0,0,4.9
U08814,2026-03-28,Mobile,Paid Search,Pune,1,1,0,0,0,0,0,13
U08815,2026-01-08,Desktop,Organic Search,Pune,1,0,0,0,0,0,0,5.8
U08816,2026-01-15,Desktop,Email,Bengaluru,1,1,1,0,0,0,0,2.8
U08817,2026-02-11,Mobile,Social Media,Hyderabad,1,0,0,0,0,0,0,2
U08818,2026-03-28,Mobile,Paid Search,Hyderabad,1,0,0,0,0,0,0,7.1
U08819,2026-01-12,Mobile,Social Media,Other,1,0,0,0,0,0,0,2.9
U08820,2026-02-21,Mobile,Organic Search,Delhi,1,0,0,0,0,0,0,10.5
U08821,2026-02-25,Mobile,Direct,Hyderabad,1,1,1,1,0,0,0,9.7
U08822,2026-03-23,Tablet,Organic Search,Hyderabad,1,0,0,0,0,0,0,7.4
U08823,2026-02-25,Mobile,Direct,Chennai,1,1,1,1,0,0,0,13.3
U08824,2026-03-31,Mobile,Social Media,Bengaluru,1,1,0,0,0,0,0,9.5
U08825,2026-02-27,Desktop,Social Media,Pune,1,0,0,0,0,0,0,6.8
U08826,2026-02-22,Mobile,Paid Search,Mumbai,1,1,0,0,0,0,0,2.7
U08827,2026-01-30,Desktop,Direct,Mumbai,1,1,1,0,0,0,0,6.1
U08828,2026-02-19,Mobile,Paid Search,Chennai,1,1,0,0,0,0,0,7.4
U08829,2026-02-11,Mobile,Social Media,Bengaluru,1,1,1,1,1,0,0,1.7
U08830,2026-01-12,Mobile,Direct,Mumbai,1,0,0,0,0,0,0,1.7
U08831,2026-03-13,Mobile,Direct,Delhi,1,0,0,0,0,0,0,1.8
U08832,2026-03-19,Mobile,Social Media,Bengaluru,1,0,0,0,0,0,0,10.6
U08833,2026-03-06,Desktop,Direct,Chennai,1,0,0,0,0,0,0,5.9
U08834,2026-03-06,Mobile,Email,Pune,1,0,0,0,0,0,0,2.7
U08835,2026-02-28,Tablet,Organic Search,Hyderabad,1,1,1,0,0,0,0,2.6
U08836,2026-02-03,Mobile,Paid Search,Mumbai,1,0,0,0,0,0,0,6.8
U08837,2026-03-13,Mobile,Paid Search,Bengaluru,1,0,0,0,0,0,0,2
U08838,2026-03-15,Mobile,Paid Search,Delhi,1,0,0,0,0,0,0,17.2
U08839,2026-01-20,Tablet,Referral,Hyderabad,1,0,0,0,0,0,0,6.9
U08840,2026-03-04,Mobile,Social Media,Delhi,1,1,1,1,0,0,0,3.2
U08841,2026-03-01,Mobile,Organic Search,Hyderabad,1,1,0,0,0,0,0,5.9
U08842,2026-03-06,Desktop,Direct,Hyderabad,1,0,0,0,0,0,0,23.3
U08843,2026-03-30,Mobile,Paid Search,Delhi,1,0,0,0,0,0,0,13.8
U08844,2026-02-22,Desktop,Direct,Mumbai,1,0,0,0,0,0,0,3.3
U08845,2026-01-30,Mobile,Direct,Pune,1,1,1,0,0,0,0,5.3
U08846,2026-03-31,Desktop,Direct,Mumbai,1,1,1,1,0,0,0,15.6
U08847,2026-03-05,Tablet,Referral,Mumbai,1,0,0,0,0,0,0,6.7
U08848,2026-03-03,Desktop,Organic Search,Delhi,1,1,1,0,0,0,0,8.2
U08849,2026-01-18,Mobile,Social Media,Bengaluru,1,1,1,1,1,1,3054.71,11.8
U08850,2026-01-10,Mobile,Organic Search,Hyderabad,1,0,0,0,0,0,0,7.9
U08851,2026-01-07,Tablet,Paid Search,Bengaluru,1,1,0,0,0,0,0,10
U08852,2026-03-15,Mobile,Social Media,Bengaluru,1,0,0,0,0,0,0,2.1
U08853,2026-03-11,Mobile,Organic Search,Bengaluru,1,1,1,0,0,0,0,2.8
U08854,2026-01-04,Desktop,Direct,Other,1,1,1,0,0,0,0,10.7
U08855,2026-02-09,Mobile,Direct,Pune,1,0,0,0,0,0,0,5.5
U08856,2026-01-10,Mobile,Paid Search,Other,1,1,0,0,0,0,0,14
U08857,2026-01-26,Mobile,Social Media,Other,1,0,0,0,0,0,0,12
U08858,2026-02-24,Mobile,Social Media,Chennai,1,1,0,0,0,0,0,6.6
U08859,2026-03-11,Mobile,Direct,Bengaluru,1,0,0,0,0,0,0,11.7
U08860,2026-01-29,Desktop,Email,Mumbai,1,1,1,1,0,0,0,13.4
U08861,2026-02-08,Mobile,Paid Search,Pune,1,0,0,0,0,0,0,4.9
U08862,2026-02-22,Desktop,Paid Search,Chennai,1,1,0,0,0,0,0,9
U08863,2026-02-20,Desktop,Paid Search,Chennai,1,0,0,0,0,0,0,6.5
U08864,2026-01-23,Mobile,Direct,Hyderabad,1,0,0,0,0,0,0,12.2
U08865,2026-02-25,Mobile,Organic Search,Chennai,1,1,1,1,1,1,3190.1,7.8
U08866,2026-03-02,Desktop,Organic Search,Chennai,1,1,0,0,0,0,0,4.4
U08867,2026-02-06,Mobile,Direct,Bengaluru,1,0,0,0,0,0,0,8.8
U08868,2026-01-05,Mobile,Direct,Pune,1,0,0,0,0,0,0,3.5
U08869,2026-03-10,Desktop,Direct,Hyderabad,1,0,0,0,0,0,0,3.3
U08870,2026-01-06,Mobile,Social Media,Other,1,0,0,0,0,0,0,15
U08871,2026-01-20,Desktop,Email,Hyderabad,1,1,1,0,0,0,0,15.1
U08872,2026-03-11,Mobile,Social Media,Other,1,0,0,0,0,0,0,11.9
U08873,2026-01-28,Desktop,Organic Search,Mumbai,1,1,0,0,0,0,0,4.3
U08874,2026-03-17,Mobile,Social Media,Delhi,1,0,0,0,0,0,0,3.9
U08875,2026-02-02,Tablet,Organic Search,Hyderabad,1,0,0,0,0,0,0,14.5
U08876,2026-01-14,Mobile,Paid Search,Mumbai,1,0,0,0,0,0,0,6.6
U08877,2026-02-01,Mobile,Direct,Pune,1,1,1,0,0,0,0,12.1
U08878,2026-02-05,Mobile,Paid Search,Hyderabad,1,0,0,0,0,0,0,3.5
U08879,2026-01-22,Mobile,Direct,Hyderabad,1,0,0,0,0,0,0,4.6
U08880,2026-03-06,Mobile,Paid Search,Bengaluru,1,0,0,0,0,0,0,5.4
U08881,2026-01-12,Mobile,Paid Search,Hyderabad,1,1,1,1,0,0,0,14.4
U08882,2026-02-23,Mobile,Social Media,Hyderabad,1,0,0,0,0,0,0,11.3
U08883,2026-01-06,Mobile,Referral,Delhi,1,1,1,0,0,0,0,4.8
U08884,2026-01-14,Mobile,Social Media,Bengaluru,1,1,0,0,0,0,0,8.2
U08885,2026-03-22,Desktop,Direct,Delhi,1,0,0,0,0,0,0,11.3
U08886,2026-02-01,Desktop,Organic Search,Pune,1,1,1,1,1,1,3505.13,5.8
U08887,2026-03-01,Desktop,Direct,Mumbai,1,0,0,0,0,0,0,6.2
U08888,2026-02-18,Desktop,Organic Search,Hyderabad,1,1,1,0,0,0,0,1.7
U08889,2026-01-24,Mobile,Direct,Mumbai,1,0,0,0,0,0,0,15.2
U08890,2026-02-08,Mobile,Paid Search,Chennai,1,0,0,0,0,0,0,3.7
U08891,2026-03-08,Mobile,Referral,Bengaluru,1,1,1,1,1,1,4454.43,9.3
U08892,2026-03-21,Desktop,Email,Bengaluru,1,1,1,0,0,0,0,5.7
U08893,2026-01-24,Tablet,Organic Search,Other,1,1,0,0,0,0,0,3.8
U08894,2026-03-21,Mobile,Direct,Delhi,1,1,0,0,0,0,0,5.3
U08895,2026-03-15,Mobile,Organic Search,Hyderabad,1,0,0,0,0,0,0,4.5
U08896,2026-01-18,Mobile,Organic Search,Chennai,1,0,0,0,0,0,0,5.4
U08897,2026-01-12,Mobile,Referral,Bengaluru,1,0,0,0,0,0,0,6.7
U08898,2026-01-22,Mobile,Organic Search,Other,1,1,1,1,1,0,0,2.2
U08899,2026-02-08,Mobile,Organic Search,Other,1,1,1,0,0,0,0,4.5
U08900,2026-03-24,Tablet,Social Media,Bengaluru,1,1,1,1,0,0,0,10.4
U08901,2026-02-22,Mobile,Referral,Bengaluru,1,0,0,0,0,0,0,4.4
U08902,2026-02-24,Desktop,Organic Search,Mumbai,1,0,0,0,0,0,0,2.3
U08903,2026-01-19,Desktop,Social Media,Chennai,1,0,0,0,0,0,0,5.5
U08904,2026-02-28,Desktop,Email,Bengaluru,1,0,0,0,0,0,0,9.3
U08905,2026-03-07,Mobile,Direct,Delhi,1,0,0,0,0,0,0,14.2
U08906,2026-01-22,Desktop,Direct,Bengaluru,1,0,0,0,0,0,0,1.5
U08907,2026-01-15,Desktop,Referral,Mumbai,1,0,0,0,0,0,0,1.7
U08908,2026-02-24,Desktop,Email,Chennai,1,0,0,0,0,0,0,6.3
U08909,2026-01-04,Mobile,Paid Search,Delhi,1,0,0,0,0,0,0,27
U08910,2026-03-19,Tablet,Organic Search,Delhi,1,0,0,0,0,0,0,2.5
U08911,2026-03-25,Desktop,Email,Chennai,1,1,1,0,0,0,0,9.1
U08912,2026-03-05,Desktop,Direct,Delhi,1,0,0,0,0,0,0,13.3
U08913,2026-01-05,Desktop,Email,Chennai,1,1,1,1,1,1,4876.99,1.4
U08914,2026-02-08,Mobile,Organic Search,Hyderabad,1,0,0,0,0,0,0,2.2
U08915,2026-03-31,Mobile,Social Media,Hyderabad,1,1,0,0,0,0,0,8.8
U08916,2026-01-25,Mobile,Social Media,Bengaluru,1,0,0,0,0,0,0,8
U08917,2026-03-13,Mobile,Email,Hyderabad,1,0,0,0,0,0,0,2.9
U08918,2026-02-02,Desktop,Email,Delhi,1,1,1,1,0,0,0,5.1
U08919,2026-02-09,Mobile,Social Media,Bengaluru,1,1,0,0,0,0,0,15
U08920,2026-02-02,Mobile,Organic Search,Hyderabad,1,0,0,0,0,0,0,5
U08921,2026-03-17,Mobile,Direct,Pune,1,0,0,0,0,0,0,7.9
U08922,2026-02-12,Mobile,Email,Delhi,1,1,0,0,0,0,0,3
U08923,2026-01-15,Mobile,Organic Search,Chennai,1,0,0,0,0,0,0,7.5
U08924,2026-03-01,Desktop,Paid Search,Bengaluru,1,0,0,0,0,0,0,1.3
U08925,2026-01-25,Mobile,Direct,Hyderabad,1,1,1,1,1,1,4250.7,11
U08926,2026-02-18,Mobile,Direct,Chennai,1,1,1,0,0,0,0,10.8
U08927,2026-03-06,Mobile,Paid Search,Pune,1,0,0,0,0,0,0,12.7
U08928,2026-02-07,Mobile,Organic Search,Hyderabad,1,1,1,1,0,0,0,8.9
U08929,2026-01-07,Mobile,Organic Search,Mumbai,1,1,1,0,0,0,0,5.8
U08930,2026-01-15,Tablet,Paid Search,Other,1,0,0,0,0,0,0,4.3
U08931,2026-02-08,Mobile,Social Media,Mumbai,1,1,1,1,0,0,0,11.9
U08932,2026-02-01,Mobile,Social Media,Chennai,1,0,0,0,0,0,0,9.9
U08933,2026-03-13,Mobile,Email,Delhi,1,1,1,0,0,0,0,5.2
U08934,2026-02-18,Desktop,Email,Pune,1,1,0,0,0,0,0,9.5
U08935,2026-01-30,Mobile,Organic Search,Mumbai,1,0,0,0,0,0,0,8
U08936,2026-03-25,Desktop,Organic Search,Pune,1,1,0,0,0,0,0,6.9
U08937,2026-03-07,Mobile,Paid Search,Mumbai,1,0,0,0,0,0,0,19.7
U08938,2026-02-15,Desktop,Organic Search,Pune,1,0,0,0,0,0,0,4.2
U08939,2026-02-20,Mobile,Organic Search,Other,1,1,1,1,0,0,0,9.3
U08940,2026-03-20,Mobile,Email,Chennai,1,1,0,0,0,0,0,4.1
U08941,2026-03-01,Mobile,Referral,Mumbai,1,1,1,1,1,0,0,7.2
U08942,2026-02-11,Mobile,Referral,Mumbai,1,1,1,1,1,1,4649.92,6.1
U08943,2026-02-13,Desktop,Referral,Delhi,1,1,1,0,0,0,0,1.2
U08944,2026-01-06,Tablet,Email,Pune,1,0,0,0,0,0,0,16.1
U08945,2026-01-23,Mobile,Email,Hyderabad,1,0,0,0,0,0,0,7.8
U08946,2026-03-25,Desktop,Paid Search,Delhi,1,0,0,0,0,0,0,4.2
U08947,2026-02-17,Desktop,Direct,Delhi,1,0,0,0,0,0,0,4
U08948,2026-02-26,Tablet,Organic Search,Delhi,1,1,0,0,0,0,0,2.8
U08949,2026-03-09,Mobile,Organic Search,Delhi,1,1,1,0,0,0,0,3.5
U08950,2026-03-01,Mobile,Paid Search,Hyderabad,1,1,0,0,0,0,0,5.2
U08951,2026-02-11,Mobile,Direct,Chennai,1,1,1,0,0,0,0,8.7
U08952,2026-02-14,Desktop,Direct,Pune,1,0,0,0,0,0,0,0.9
U08953,2026-01-05,Mobile,Referral,Other,1,0,0,0,0,0,0,9.7
U08954,2026-01-17,Mobile,Social Media,Bengaluru,1,1,0,0,0,0,0,3.3
U08955,2026-01-21,Mobile,Social Media,Mumbai,1,1,0,0,0,0,0,9.7
U08956,2026-02-04,Mobile,Direct,Pune,1,0,0,0,0,0,0,11.3
U08957,2026-03-02,Desktop,Email,Delhi,1,0,0,0,0,0,0,2.5
U08958,2026-02-21,Desktop,Direct,Mumbai,1,0,0,0,0,0,0,6.7
U08959,2026-01-20,Mobile,Paid Search,Hyderabad,1,1,1,0,0,0,0,7.5
U08960,2026-01-08,Desktop,Paid Search,Delhi,1,1,1,0,0,0,0,4
U08961,2026-01-26,Mobile,Direct,Delhi,1,0,0,0,0,0,0,5
U08962,2026-01-01,Mobile,Organic Search,Delhi,1,0,0,0,0,0,0,4.8
U08963,2026-02-28,Mobile,Direct,Delhi,1,0,0,0,0,0,0,7.6
U08964,2026-01-25,Mobile,Social Media,Chennai,1,0,0,0,0,0,0,15.4
U08965,2026-01-05,Mobile,Direct,Other,1,0,0,0,0,0,0,6.7
U08966,2026-01-26,Desktop,Paid Search,Delhi,1,0,0,0,0,0,0,9.7
U08967,2026-02-05,Mobile,Email,Mumbai,1,0,0,0,0,0,0,6.2
U08968,2026-01-07,Desktop,Social Media,Other,1,0,0,0,0,0,0,11.8
U08969,2026-01-08,Mobile,Social Media,Other,1,1,0,0,0,0,0,4.6
U08970,2026-01-22,Mobile,Social Media,Pune,1,0,0,0,0,0,0,5.3
U08971,2026-01-08,Mobile,Direct,Mumbai,1,1,1,0,0,0,0,10.8
U08972,2026-01-26,Mobile,Email,Mumbai,1,1,1,1,1,1,4256.57,2.6
U08973,2026-02-02,Mobile,Paid Search,Bengaluru,1,0,0,0,0,0,0,3.7
U08974,2026-02-12,Mobile,Direct,Bengaluru,1,0,0,0,0,0,0,4.5
U08975,2026-01-20,Mobile,Paid Search,Mumbai,1,0,0,0,0,0,0,6.8
U08976,2026-03-13,Mobile,Paid Search,Mumbai,1,0,0,0,0,0,0,10.2
U08977,2026-01-02,Mobile,Organic Search,Bengaluru,1,0,0,0,0,0,0,0.5
U08978,2026-02-13,Desktop,Direct,Other,1,1,1,0,0,0,0,10.8
U08979,2026-01-25,Desktop,Paid Search,Mumbai,1,0,0,0,0,0,0,17.1
U08980,2026-03-09,Mobile,Paid Search,Mumbai,1,0,0,0,0,0,0,6.8
U08981,2026-03-08,Desktop,Direct,Chennai,1,1,1,1,1,1,6585.77,8.1
U08982,2026-02-10,Desktop,Referral,Hyderabad,1,0,0,0,0,0,0,16.9
U08983,2026-02-20,Desktop,Organic Search,Pune,1,0,0,0,0,0,0,7
U08984,2026-01-20,Mobile,Referral,Bengaluru,1,1,1,1,0,0,0,3.8
U08985,2026-03-23,Mobile,Direct,Mumbai,1,0,0,0,0,0,0,6.1
U08986,2026-01-25,Desktop,Organic Search,Mumbai,1,1,1,0,0,0,0,10.9
U08987,2026-02-19,Mobile,Referral,Mumbai,1,1,0,0,0,0,0,16.8
U08988,2026-01-08,Tablet,Social Media,Mumbai,1,1,0,0,0,0,0,3.4
U08989,2026-02-08,Desktop,Email,Hyderabad,1,0,0,0,0,0,0,3.1
U08990,2026-03-04,Mobile,Social Media,Bengaluru,1,0,0,0,0,0,0,15.9
U08991,2026-03-19,Mobile,Email,Mumbai,1,0,0,0,0,0,0,10.3
U08992,2026-01-07,Mobile,Organic Search,Delhi,1,1,1,1,0,0,0,6.5
U08993,2026-01-08,Mobile,Referral,Chennai,1,1,1,0,0,0,0,15.4
U08994,2026-02-06,Mobile,Organic Search,Bengaluru,1,0,0,0,0,0,0,3.8
U08995,2026-02-23,Mobile,Social Media,Hyderabad,1,1,0,0,0,0,0,7.8
U08996,2026-03-05,Mobile,Organic Search,Delhi,1,0,0,0,0,0,0,12.7
U08997,2026-03-13,Mobile,Referral,Chennai,1,0,0,0,0,0,0,11.2
U08998,2026-02-10,Tablet,Paid Search,Hyderabad,1,0,0,0,0,0,0,3.7
U08999,2026-03-25,Mobile,Social Media,Delhi,1,0,0,0,0,0,0,1.1
U09000,2026-02-15,Tablet,Paid Search,Bengaluru,1,1,1,1,0,0,0,10.3
U09001,2026-01-26,Desktop,Referral,Chennai,1,0,0,0,0,0,0,5.1
U09002,2026-03-20,Mobile,Social Media,Bengaluru,1,1,1,0,0,0,0,6.8
U09003,2026-02-01,Desktop,Referral,Other,1,1,1,0,0,0,0,1.3
U09004,2026-02-16,Mobile,Organic Search,Bengaluru,1,1,1,0,0,0,0,2.3
U09005,2026-02-17,Desktop,Organic Search,Chennai,1,0,0,0,0,0,0,10.9
U09006,2026-01-10,Mobile,Social Media,Other,1,1,1,0,0,0,0,4.5
U09007,2026-03-17,Mobile,Direct,Bengaluru,1,0,0,0,0,0,0,1.8
U09008,2026-01-27,Mobile,Organic Search,Mumbai,1,1,1,0,0,0,0,8.2
U09009,2026-01-13,Mobile,Organic Search,Bengaluru,1,0,0,0,0,0,0,11
U09010,2026-01-10,Mobile,Organic Search,Hyderabad,1,1,1,0,0,0,0,11.9
U09011,2026-02-26,Mobile,Email,Mumbai,1,1,1,1,1,1,3595.81,7.8
U09012,2026-01-14,Mobile,Paid Search,Other,1,1,1,0,0,0,0,11.4
U09013,2026-03-18,Mobile,Referral,Chennai,1,1,1,0,0,0,0,13
U09014,2026-01-20,Mobile,Organic Search,Mumbai,1,0,0,0,0,0,0,2.1
U09015,2026-01-24,Mobile,Organic Search,Mumbai,1,0,0,0,0,0,0,8.1
U09016,2026-01-16,Mobile,Paid Search,Chennai,1,0,0,0,0,0,0,9.9
U09017,2026-03-31,Mobile,Social Media,Mumbai,1,0,0,0,0,0,0,1.7
U09018,2026-03-10,Desktop,Email,Bengaluru,1,0,0,0,0,0,0,16.9
U09019,2026-02-28,Mobile,Organic Search,Bengaluru,1,0,0,0,0,0,0,2.8
U09020,2026-02-15,Desktop,Direct,Chennai,1,1,1,1,1,1,6070.37,6.3
U09021,2026-01-22,Mobile,Paid Search,Pune,1,1,0,0,0,0,0,4.4
U09022,2026-02-08,Desktop,Email,Bengaluru,1,0,0,0,0,0,0,3.9
U09023,2026-02-14,Mobile,Social Media,Mumbai,1,0,0,0,0,0,0,15.6
U09024,2026-03-30,Mobile,Organic Search,Bengaluru,1,0,0,0,0,0,0,9.9
U09025,2026-01-18,Mobile,Referral,Bengaluru,1,0,0,0,0,0,0,3.3
U09026,2026-01-09,Mobile,Referral,Mumbai,1,1,1,0,0,0,0,4
U09027,2026-01-18,Mobile,Paid Search,Delhi,1,0,0,0,0,0,0,2.4
U09028,2026-03-05,Mobile,Social Media,Chennai,1,1,1,0,0,0,0,10.3
U09029,2026-01-23,Tablet,Paid Search,Bengaluru,1,0,0,0,0,0,0,10.4
U09030,2026-01-12,Mobile,Email,Other,1,1,1,0,0,0,0,7
U09031,2026-03-16,Mobile,Paid Search,Hyderabad,1,1,1,1,1,1,2234.11,0.9
U09032,2026-01-01,Desktop,Referral,Delhi,1,1,1,1,1,1,3958.04,4.5
U09033,2026-03-06,Mobile,Organic Search,Delhi,1,0,0,0,0,0,0,6.5
U09034,2026-01-05,Desktop,Organic Search,Delhi,1,0,0,0,0,0,0,5.1
U09035,2026-01-27,Mobile,Paid Search,Other,1,0,0,0,0,0,0,4.1
U09036,2026-03-12,Desktop,Organic Search,Delhi,1,1,1,0,0,0,0,2.2
U09037,2026-02-25,Mobile,Social Media,Bengaluru,1,0,0,0,0,0,0,12
U09038,2026-03-23,Desktop,Organic Search,Bengaluru,1,1,1,0,0,0,0,8.2
U09039,2026-03-02,Desktop,Referral,Chennai,1,1,1,0,0,0,0,10.4
U09040,2026-01-19,Mobile,Organic Search,Hyderabad,1,1,0,0,0,0,0,4
U09041,2026-02-07,Mobile,Email,Other,1,1,1,1,1,0,0,11.3
U09042,2026-01-04,Mobile,Social Media,Hyderabad,1,0,0,0,0,0,0,9.8
U09043,2026-02-10,Tablet,Direct,Delhi,1,0,0,0,0,0,0,9.7
U09044,2026-01-05,Mobile,Direct,Delhi,1,1,0,0,0,0,0,3.1
U09045,2026-02-08,Mobile,Direct,Pune,1,1,1,0,0,0,0,2.6
U09046,2026-02-10,Mobile,Referral,Mumbai,1,1,1,0,0,0,0,13.7
U09047,2026-01-19,Mobile,Paid Search,Delhi,1,1,0,0,0,0,0,3.2
U09048,2026-03-09,Mobile,Referral,Bengaluru,1,1,1,0,0,0,0,3.3
U09049,2026-03-10,Tablet,Direct,Delhi,1,0,0,0,0,0,0,3
U09050,2026-01-18,Mobile,Organic Search,Bengaluru,1,1,0,0,0,0,0,6.4
U09051,2026-02-10,Desktop,Social Media,Other,1,0,0,0,0,0,0,2.8
U09052,2026-02-22,Mobile,Organic Search,Hyderabad,1,0,0,0,0,0,0,2.4
U09053,2026-01-28,Mobile,Social Media,Bengaluru,1,0,0,0,0,0,0,2.5
U09054,2026-01-17,Mobile,Social Media,Chennai,1,0,0,0,0,0,0,8.8
U09055,2026-01-16,Mobile,Social Media,Delhi,1,0,0,0,0,0,0,2.1
U09056,2026-03-22,Tablet,Social Media,Delhi,1,0,0,0,0,0,0,12.4
U09057,2026-02-27,Desktop,Direct,Bengaluru,1,0,0,0,0,0,0,4.7
U09058,2026-01-27,Mobile,Social Media,Hyderabad,1,0,0,0,0,0,0,11.6
U09059,2026-01-27,Mobile,Referral,Bengaluru,1,0,0,0,0,0,0,6.3
U09060,2026-01-01,Mobile,Paid Search,Chennai,1,1,0,0,0,0,0,3.7
U09061,2026-02-14,Tablet,Paid Search,Mumbai,1,0,0,0,0,0,0,9.4
U09062,2026-01-27,Desktop,Social Media,Chennai,1,0,0,0,0,0,0,4.9
U09063,2026-02-04,Desktop,Paid Search,Delhi,1,0,0,0,0,0,0,9.8
U09064,2026-02-06,Mobile,Paid Search,Chennai,1,0,0,0,0,0,0,11.7
U09065,2026-02-17,Mobile,Social Media,Other,1,1,1,0,0,0,0,3.1
U09066,2026-02-19,Mobile,Social Media,Bengaluru,1,1,1,1,0,0,0,16.6
U09067,2026-02-03,Mobile,Email,Mumbai,1,1,1,0,0,0,0,7.8
U09068,2026-03-06,Mobile,Paid Search,Mumbai,1,0,0,0,0,0,0,9.1
U09069,2026-01-27,Mobile,Paid Search,Bengaluru,1,0,0,0,0,0,0,7.1
U09070,2026-03-29,Mobile,Social Media,Chennai,1,0,0,0,0,0,0,4.5
U09071,2026-01-21,Desktop,Organic Search,Bengaluru,1,1,1,0,0,0,0,2.6
U09072,2026-02-09,Desktop,Paid Search,Hyderabad,1,1,1,1,0,0,0,2.2
U09073,2026-03-23,Mobile,Organic Search,Chennai,1,1,1,0,0,0,0,7.8
U09074,2026-03-10,Mobile,Organic Search,Chennai,1,0,0,0,0,0,0,4.3
U09075,2026-02-26,Mobile,Organic Search,Hyderabad,1,0,0,0,0,0,0,5
U09076,2026-02-10,Desktop,Organic Search,Chennai,1,0,0,0,0,0,0,3.4
U09077,2026-03-23,Desktop,Organic Search,Chennai,1,1,1,1,1,1,1352.07,5
U09078,2026-03-04,Desktop,Email,Hyderabad,1,0,0,0,0,0,0,4.9
U09079,2026-02-14,Desktop,Organic Search,Hyderabad,1,0,0,0,0,0,0,10
U09080,2026-01-07,Mobile,Paid Search,Mumbai,1,1,1,1,0,0,0,8.6
U09081,2026-01-18,Mobile,Direct,Delhi,1,1,1,0,0,0,0,1.5
U09082,2026-03-30,Mobile,Referral,Other,1,0,0,0,0,0,0,7.8
U09083,2026-02-01,Mobile,Paid Search,Hyderabad,1,0,0,0,0,0,0,22.3
U09084,2026-03-06,Desktop,Direct,Hyderabad,1,1,1,0,0,0,0,4.8
U09085,2026-03-04,Mobile,Paid Search,Hyderabad,1,0,0,0,0,0,0,28.1
U09086,2026-01-10,Mobile,Organic Search,Mumbai,1,1,1,0,0,0,0,2.8
U09087,2026-01-09,Mobile,Direct,Mumbai,1,0,0,0,0,0,0,8.3
U09088,2026-03-25,Tablet,Direct,Chennai,1,1,0,0,0,0,0,7.9
U09089,2026-01-25,Mobile,Social Media,Delhi,1,1,1,1,1,1,3315.09,10.1
U09090,2026-02-24,Mobile,Email,Delhi,1,1,1,0,0,0,0,1.1
U09091,2026-01-16,Mobile,Email,Other,1,0,0,0,0,0,0,16.5
U09092,2026-01-20,Mobile,Organic Search,Hyderabad,1,0,0,0,0,0,0,6.2
U09093,2026-02-24,Mobile,Organic Search,Hyderabad,1,0,0,0,0,0,0,4.4
U09094,2026-01-26,Desktop,Social Media,Bengaluru,1,1,1,1,1,0,0,4.9
U09095,2026-03-31,Mobile,Direct,Hyderabad,1,0,0,0,0,0,0,11.1
U09096,2026-03-31,Desktop,Organic Search,Other,1,0,0,0,0,0,0,8.6
U09097,2026-01-22,Mobile,Referral,Bengaluru,1,0,0,0,0,0,0,6.2
U09098,2026-01-07,Mobile,Organic Search,Mumbai,1,1,1,1,1,1,1352.7,13.6
U09099,2026-03-09,Tablet,Social Media,Bengaluru,1,1,1,0,0,0,0,4
U09100,2026-02-21,Mobile,Email,Bengaluru,1,1,1,0,0,0,0,3.7
U09101,2026-01-24,Mobile,Email,Hyderabad,1,1,1,1,0,0,0,13
U09102,2026-02-08,Desktop,Organic Search,Bengaluru,1,1,1,1,1,0,0,4.3
U09103,2026-01-30,Mobile,Paid Search,Mumbai,1,0,0,0,0,0,0,4.3
U09104,2026-02-06,Desktop,Social Media,Other,1,1,1,1,0,0,0,12.4
U09105,2026-02-06,Mobile,Organic Search,Mumbai,1,0,0,0,0,0,0,3.3
U09106,2026-01-09,Mobile,Organic Search,Mumbai,1,0,0,0,0,0,0,3.6
U09107,2026-03-28,Mobile,Email,Hyderabad,1,0,0,0,0,0,0,7.2
U09108,2026-02-22,Desktop,Social Media,Pune,1,0,0,0,0,0,0,10.9
U09109,2026-02-12,Mobile,Organic Search,Hyderabad,1,0,0,0,0,0,0,20.1
U09110,2026-03-10,Desktop,Social Media,Other,1,0,0,0,0,0,0,4.2
U09111,2026-03-18,Tablet,Direct,Mumbai,1,0,0,0,0,0,0,7.2
U09112,2026-03-28,Mobile,Organic Search,Hyderabad,1,0,0,0,0,0,0,5.1
U09113,2026-02-18,Mobile,Email,Chennai,1,0,0,0,0,0,0,7.7
U09114,2026-01-26,Mobile,Organic Search,Other,1,1,1,1,0,0,0,18.7
U09115,2026-02-03,Mobile,Organic Search,Bengaluru,1,1,1,1,1,1,2446.86,4.1
U09116,2026-02-15,Mobile,Organic Search,Bengaluru,1,1,1,0,0,0,0,8
U09117,2026-02-23,Mobile,Paid Search,Hyderabad,1,1,1,0,0,0,0,2.9
U09118,2026-02-07,Tablet,Referral,Mumbai,1,1,1,1,1,0,0,4
U09119,2026-01-09,Tablet,Paid Search,Hyderabad,1,1,0,0,0,0,0,6.4
U09120,2026-03-03,Desktop,Social Media,Delhi,1,1,1,1,0,0,0,2.7
U09121,2026-02-27,Desktop,Paid Search,Other,1,0,0,0,0,0,0,9.6
U09122,2026-03-02,Mobile,Organic Search,Other,1,0,0,0,0,0,0,3
U09123,2026-03-22,Desktop,Social Media,Hyderabad,1,0,0,0,0,0,0,8.5
U09124,2026-01-22,Desktop,Referral,Mumbai,1,1,1,1,1,1,4388.93,10.7
U09125,2026-01-14,Mobile,Referral,Hyderabad,1,1,1,0,0,0,0,3.3
U09126,2026-03-17,Tablet,Referral,Mumbai,1,0,0,0,0,0,0,16.6
U09127,2026-03-22,Mobile,Paid Search,Pune,1,0,0,0,0,0,0,4.6
U09128,2026-01-13,Mobile,Referral,Mumbai,1,0,0,0,0,0,0,6.4
U09129,2026-02-11,Desktop,Organic Search,Pune,1,1,1,0,0,0,0,9.9
U09130,2026-01-26,Tablet,Email,Pune,1,0,0,0,0,0,0,4.3
U09131,2026-03-31,Mobile,Direct,Bengaluru,1,0,0,0,0,0,0,2.6
U09132,2026-02-18,Desktop,Organic Search,Mumbai,1,0,0,0,0,0,0,5.3
U09133,2026-02-02,Mobile,Paid Search,Hyderabad,1,1,1,0,0,0,0,6.3
U09134,2026-01-23,Mobile,Email,Chennai,1,1,1,0,0,0,0,7.1
U09135,2026-02-17,Desktop,Email,Bengaluru,1,1,1,0,0,0,0,13.1
U09136,2026-01-23,Mobile,Organic Search,Other,1,0,0,0,0,0,0,4.5
U09137,2026-01-27,Desktop,Direct,Chennai,1,0,0,0,0,0,0,4.8
U09138,2026-03-20,Mobile,Social Media,Mumbai,1,0,0,0,0,0,0,8.6
U09139,2026-01-14,Mobile,Organic Search,Delhi,1,0,0,0,0,0,0,6.3
U09140,2026-01-03,Mobile,Organic Search,Delhi,1,1,0,0,0,0,0,9.5
U09141,2026-01-28,Mobile,Referral,Delhi,1,0,0,0,0,0,0,9.3
U09142,2026-02-10,Mobile,Organic Search,Bengaluru,1,1,0,0,0,0,0,7.3
U09143,2026-02-23,Tablet,Organic Search,Delhi,1,0,0,0,0,0,0,9.3
U09144,2026-03-01,Mobile,Social Media,Mumbai,1,1,1,0,0,0,0,4.2
U09145,2026-01-05,Desktop,Social Media,Mumbai,1,0,0,0,0,0,0,10.4
U09146,2026-01-02,Mobile,Email,Hyderabad,1,0,0,0,0,0,0,20.5
U09147,2026-02-08,Mobile,Paid Search,Bengaluru,1,1,1,0,0,0,0,7.5
U09148,2026-01-11,Mobile,Referral,Other,1,1,0,0,0,0,0,4.9
U09149,2026-02-12,Mobile,Direct,Bengaluru,1,1,0,0,0,0,0,10.8
U09150,2026-01-24,Mobile,Paid Search,Chennai,1,1,1,1,1,0,0,1.6
U09151,2026-01-17,Mobile,Email,Hyderabad,1,0,0,0,0,0,0,16.9
U09152,2026-03-26,Mobile,Direct,Hyderabad,1,0,0,0,0,0,0,3.3
U09153,2026-02-06,Mobile,Email,Bengaluru,1,1,1,0,0,0,0,3.4
U09154,2026-01-06,Mobile,Email,Mumbai,1,0,0,0,0,0,0,7.9
U09155,2026-01-16,Mobile,Organic Search,Other,1,0,0,0,0,0,0,12.5
U09156,2026-02-01,Mobile,Social Media,Bengaluru,1,1,1,1,1,1,2409.23,13.9
U09157,2026-03-11,Tablet,Social Media,Bengaluru,1,1,0,0,0,0,0,3.1
U09158,2026-03-27,Mobile,Email,Mumbai,1,0,0,0,0,0,0,10.8
U09159,2026-03-16,Desktop,Direct,Bengaluru,1,0,0,0,0,0,0,13.3
U09160,2026-03-13,Mobile,Organic Search,Other,1,0,0,0,0,0,0,8.6
U09161,2026-03-13,Desktop,Organic Search,Bengaluru,1,0,0,0,0,0,0,23.9
U09162,2026-03-23,Desktop,Organic Search,Chennai,1,1,1,0,0,0,0,4.2
U09163,2026-02-28,Desktop,Email,Mumbai,1,0,0,0,0,0,0,6.8
U09164,2026-03-28,Mobile,Organic Search,Delhi,1,0,0,0,0,0,0,5.9
U09165,2026-03-05,Tablet,Social Media,Mumbai,1,1,1,0,0,0,0,18
U09166,2026-03-12,Desktop,Paid Search,Bengaluru,1,1,1,0,0,0,0,6.6
U09167,2026-02-06,Desktop,Social Media,Hyderabad,1,1,1,0,0,0,0,9.2
U09168,2026-03-30,Mobile,Organic Search,Other,1,0,0,0,0,0,0,3.2
U09169,2026-01-29,Mobile,Direct,Pune,1,1,1,1,1,0,0,5.7
U09170,2026-02-20,Mobile,Social Media,Hyderabad,1,0,0,0,0,0,0,1.7
U09171,2026-03-01,Mobile,Direct,Pune,1,0,0,0,0,0,0,5.8
U09172,2026-03-20,Desktop,Social Media,Mumbai,1,1,1,0,0,0,0,6.7
U09173,2026-02-08,Mobile,Organic Search,Mumbai,1,0,0,0,0,0,0,1.2
U09174,2026-02-09,Mobile,Organic Search,Hyderabad,1,1,1,0,0,0,0,8.5
U09175,2026-03-05,Mobile,Direct,Delhi,1,0,0,0,0,0,0,7.5
U09176,2026-03-08,Mobile,Email,Hyderabad,1,1,1,0,0,0,0,13.4
U09177,2026-03-04,Mobile,Organic Search,Delhi,1,0,0,0,0,0,0,4.9
U09178,2026-02-22,Desktop,Email,Hyderabad,1,1,1,1,1,1,3103.72,19.9
U09179,2026-02-12,Mobile,Paid Search,Delhi,1,1,1,1,0,0,0,2
U09180,2026-02-20,Mobile,Paid Search,Hyderabad,1,1,1,1,1,0,0,10.9
U09181,2026-02-28,Mobile,Organic Search,Bengaluru,1,0,0,0,0,0,0,1.5
U09182,2026-01-19,Mobile,Referral,Bengaluru,1,1,1,0,0,0,0,4
U09183,2026-01-15,Mobile,Organic Search,Hyderabad,1,0,0,0,0,0,0,8
U09184,2026-02-04,Desktop,Paid Search,Chennai,1,0,0,0,0,0,0,5.6
U09185,2026-03-15,Desktop,Paid Search,Bengaluru,1,1,0,0,0,0,0,10.9
U09186,2026-03-19,Desktop,Organic Search,Other,1,0,0,0,0,0,0,1.6
U09187,2026-03-10,Desktop,Social Media,Mumbai,1,0,0,0,0,0,0,1.3
U09188,2026-01-19,Mobile,Organic Search,Mumbai,1,1,0,0,0,0,0,4.7
U09189,2026-03-05,Tablet,Paid Search,Bengaluru,1,0,0,0,0,0,0,9.1
U09190,2026-03-17,Desktop,Direct,Chennai,1,1,1,0,0,0,0,4.1
U09191,2026-03-04,Desktop,Paid Search,Hyderabad,1,1,1,0,0,0,0,4.8
U09192,2026-02-07,Mobile,Paid Search,Delhi,1,0,0,0,0,0,0,3.5
U09193,2026-02-22,Tablet,Social Media,Bengaluru,1,0,0,0,0,0,0,1
U09194,2026-02-24,Desktop,Social Media,Delhi,1,1,1,0,0,0,0,0.5
U09195,2026-03-03,Desktop,Referral,Bengaluru,1,1,1,1,0,0,0,9.2
U09196,2026-01-19,Mobile,Organic Search,Other,1,0,0,0,0,0,0,8.2
U09197,2026-01-08,Desktop,Direct,Hyderabad,1,0,0,0,0,0,0,4.2
U09198,2026-01-31,Tablet,Referral,Hyderabad,1,0,0,0,0,0,0,17.8
U09199,2026-01-02,Desktop,Email,Mumbai,1,1,0,0,0,0,0,6.7
U09200,2026-01-09,Mobile,Organic Search,Other,1,1,1,1,1,0,0,6.6
U09201,2026-01-02,Tablet,Organic Search,Mumbai,1,0,0,0,0,0,0,10.3
U09202,2026-01-26,Mobile,Social Media,Hyderabad,1,1,1,1,1,1,5333.72,9.4
U09203,2026-03-27,Mobile,Direct,Mumbai,1,1,0,0,0,0,0,7.7
U09204,2026-01-13,Mobile,Social Media,Other,1,0,0,0,0,0,0,8.4
U09205,2026-02-25,Tablet,Organic Search,Hyderabad,1,1,0,0,0,0,0,7.6
U09206,2026-02-22,Mobile,Organic Search,Hyderabad,1,1,1,1,0,0,0,7.7
U09207,2026-03-23,Mobile,Email,Pune,1,1,1,0,0,0,0,5.1
U09208,2026-01-27,Desktop,Email,Pune,1,0,0,0,0,0,0,3.9
U09209,2026-03-13,Desktop,Organic Search,Delhi,1,0,0,0,0,0,0,3.8
U09210,2026-02-07,Mobile,Organic Search,Other,1,1,1,0,0,0,0,10.5
U09211,2026-02-12,Desktop,Paid Search,Hyderabad,1,0,0,0,0,0,0,16.9
U09212,2026-02-14,Tablet,Social Media,Mumbai,1,0,0,0,0,0,0,10.3
U09213,2026-02-11,Mobile,Email,Delhi,1,0,0,0,0,0,0,10.8
U09214,2026-02-14,Mobile,Referral,Delhi,1,1,1,1,1,1,2133.78,7.5
U09215,2026-01-01,Mobile,Social Media,Delhi,1,0,0,0,0,0,0,8.6
U09216,2026-02-26,Mobile,Organic Search,Other,1,1,1,1,1,1,1462.6,1.7
U09217,2026-02-04,Mobile,Email,Bengaluru,1,0,0,0,0,0,0,8.9
U09218,2026-02-25,Desktop,Direct,Hyderabad,1,1,1,0,0,0,0,3.5
U09219,2026-01-14,Desktop,Direct,Bengaluru,1,0,0,0,0,0,0,10.5
U09220,2026-01-07,Mobile,Direct,Delhi,1,0,0,0,0,0,0,8.9
U09221,2026-03-07,Mobile,Paid Search,Bengaluru,1,0,0,0,0,0,0,5.4
U09222,2026-03-12,Mobile,Referral,Pune,1,1,1,1,1,0,0,13.2
U09223,2026-01-07,Mobile,Direct,Bengaluru,1,1,1,0,0,0,0,3.6
U09224,2026-01-05,Mobile,Email,Hyderabad,1,1,1,0,0,0,0,10.8
U09225,2026-02-20,Desktop,Paid Search,Chennai,1,1,1,1,1,1,2323.01,19.7
U09226,2026-03-05,Tablet,Direct,Delhi,1,0,0,0,0,0,0,7.8
U09227,2026-02-20,Mobile,Social Media,Bengaluru,1,1,1,0,0,0,0,2
U09228,2026-02-16,Desktop,Organic Search,Delhi,1,0,0,0,0,0,0,13.6
U09229,2026-02-09,Mobile,Organic Search,Chennai,1,1,0,0,0,0,0,8.1
U09230,2026-03-13,Desktop,Email,Hyderabad,1,0,0,0,0,0,0,9.6
U09231,2026-03-28,Mobile,Paid Search,Hyderabad,1,1,1,1,0,0,0,4.2
U09232,2026-01-31,Mobile,Organic Search,Delhi,1,1,1,0,0,0,0,4.1
U09233,2026-03-24,Tablet,Email,Chennai,1,0,0,0,0,0,0,2.3
U09234,2026-02-27,Mobile,Referral,Other,1,0,0,0,0,0,0,4.4
U09235,2026-01-25,Desktop,Email,Mumbai,1,0,0,0,0,0,0,11
U09236,2026-02-02,Mobile,Organic Search,Bengaluru,1,1,1,1,1,0,0,8
U09237,2026-02-07,Mobile,Email,Bengaluru,1,0,0,0,0,0,0,11.3
U09238,2026-01-31,Mobile,Organic Search,Hyderabad,1,0,0,0,0,0,0,6.8
U09239,2026-01-07,Mobile,Paid Search,Mumbai,1,0,0,0,0,0,0,2.9
U09240,2026-02-27,Desktop,Paid Search,Mumbai,1,1,1,0,0,0,0,7.3
U09241,2026-01-30,Mobile,Referral,Delhi,1,1,1,0,0,0,0,6.4
U09242,2026-01-18,Desktop,Paid Search,Bengaluru,1,0,0,0,0,0,0,6.1
U09243,2026-01-12,Desktop,Organic Search,Bengaluru,1,1,0,0,0,0,0,10.3
U09244,2026-02-26,Desktop,Paid Search,Hyderabad,1,1,1,0,0,0,0,6.3
U09245,2026-02-25,Mobile,Social Media,Bengaluru,1,1,1,0,0,0,0,6.7
U09246,2026-01-04,Desktop,Direct,Chennai,1,0,0,0,0,0,0,4.3
U09247,2026-01-25,Mobile,Direct,Other,1,0,0,0,0,0,0,15.3
U09248,2026-01-25,Mobile,Organic Search,Mumbai,1,0,0,0,0,0,0,3
U09249,2026-03-03,Mobile,Organic Search,Delhi,1,0,0,0,0,0,0,6.3
U09250,2026-03-19,Mobile,Organic Search,Bengaluru,1,0,0,0,0,0,0,5.7
U09251,2026-01-01,Mobile,Referral,Hyderabad,1,1,1,0,0,0,0,2.3
U09252,2026-03-20,Desktop,Organic Search,Bengaluru,1,1,1,0,0,0,0,2.3
U09253,2026-02-05,Mobile,Organic Search,Bengaluru,1,1,1,1,0,0,0,18
U09254,2026-03-19,Mobile,Social Media,Mumbai,1,0,0,0,0,0,0,6.9
U09255,2026-02-08,Desktop,Organic Search,Bengaluru,1,1,0,0,0,0,0,4.7
U09256,2026-01-10,Mobile,Organic Search,Pune,1,1,0,0,0,0,0,3.7
U09257,2026-01-11,Mobile,Paid Search,Other,1,0,0,0,0,0,0,10.2
U09258,2026-02-22,Mobile,Paid Search,Bengaluru,1,1,0,0,0,0,0,20.9
U09259,2026-01-16,Desktop,Social Media,Delhi,1,0,0,0,0,0,0,5.8
U09260,2026-02-24,Mobile,Direct,Mumbai,1,0,0,0,0,0,0,9.6
U09261,2026-01-02,Mobile,Organic Search,Hyderabad,1,0,0,0,0,0,0,8
U09262,2026-01-04,Mobile,Paid Search,Other,1,0,0,0,0,0,0,13.4
U09263,2026-02-06,Desktop,Direct,Hyderabad,1,1,1,0,0,0,0,2.7
U09264,2026-01-20,Desktop,Direct,Delhi,1,0,0,0,0,0,0,3.7
U09265,2026-01-18,Desktop,Paid Search,Bengaluru,1,1,1,1,1,1,1733.83,13.2
U09266,2026-03-14,Mobile,Email,Bengaluru,1,1,0,0,0,0,0,3.7
U09267,2026-03-03,Mobile,Organic Search,Chennai,1,1,1,0,0,0,0,5.2
U09268,2026-02-07,Mobile,Email,Pune,1,1,1,0,0,0,0,4.2
U09269,2026-02-21,Mobile,Direct,Hyderabad,1,1,0,0,0,0,0,7.4
U09270,2026-01-18,Mobile,Social Media,Hyderabad,1,1,1,1,1,1,1872.93,5
U09271,2026-01-30,Mobile,Social Media,Chennai,1,1,0,0,0,0,0,4.7
U09272,2026-02-17,Mobile,Organic Search,Hyderabad,1,1,1,0,0,0,0,7.9
U09273,2026-03-31,Desktop,Email,Delhi,1,1,1,0,0,0,0,2.7
U09274,2026-02-12,Mobile,Social Media,Delhi,1,0,0,0,0,0,0,7.8
U09275,2026-01-30,Desktop,Email,Pune,1,1,1,0,0,0,0,11.6
U09276,2026-03-22,Mobile,Organic Search,Delhi,1,1,1,1,1,1,4855.68,5.1
U09277,2026-03-19,Mobile,Social Media,Other,1,0,0,0,0,0,0,1.7
U09278,2026-01-28,Mobile,Social Media,Delhi,1,0,0,0,0,0,0,4.9
U09279,2026-01-25,Mobile,Organic Search,Other,1,0,0,0,0,0,0,9.5
U09280,2026-03-01,Mobile,Organic Search,Hyderabad,1,1,1,0,0,0,0,8.9
U09281,2026-03-17,Mobile,Paid Search,Chennai,1,1,1,1,1,1,2884.32,8.4
U09282,2026-03-20,Tablet,Email,Other,1,0,0,0,0,0,0,24.4
U09283,2026-03-11,Desktop,Social Media,Delhi,1,0,0,0,0,0,0,8.5
U09284,2026-03-04,Mobile,Referral,Pune,1,1,1,1,1,0,0,12
U09285,2026-02-09,Desktop,Paid Search,Hyderabad,1,1,1,0,0,0,0,6.5
U09286,2026-02-21,Desktop,Direct,Pune,1,0,0,0,0,0,0,7.4
U09287,2026-01-02,Mobile,Email,Delhi,1,1,1,0,0,0,0,14.1
U09288,2026-02-14,Desktop,Paid Search,Hyderabad,1,0,0,0,0,0,0,2.8
U09289,2026-03-11,Mobile,Organic Search,Hyderabad,1,0,0,0,0,0,0,6.1
U09290,2026-01-06,Mobile,Paid Search,Bengaluru,1,1,1,1,1,1,5417.72,6.8
U09291,2026-03-07,Mobile,Direct,Other,1,1,1,0,0,0,0,4.9
U09292,2026-03-03,Mobile,Paid Search,Delhi,1,0,0,0,0,0,0,8.2
U09293,2026-03-15,Mobile,Paid Search,Other,1,0,0,0,0,0,0,6.9
U09294,2026-03-31,Mobile,Organic Search,Chennai,1,0,0,0,0,0,0,9.9
U09295,2026-02-21,Tablet,Referral,Other,1,1,1,1,1,1,2840.74,8.8
U09296,2026-02-08,Desktop,Paid Search,Chennai,1,1,0,0,0,0,0,8.9
U09297,2026-01-06,Desktop,Paid Search,Bengaluru,1,0,0,0,0,0,0,7.9
U09298,2026-03-25,Desktop,Paid Search,Hyderabad,1,0,0,0,0,0,0,0.7
U09299,2026-03-26,Tablet,Paid Search,Other,1,0,0,0,0,0,0,1
U09300,2026-03-15,Mobile,Paid Search,Bengaluru,1,1,1,1,0,0,0,11.7
U09301,2026-03-29,Mobile,Social Media,Hyderabad,1,0,0,0,0,0,0,0.8
U09302,2026-01-15,Mobile,Referral,Hyderabad,1,0,0,0,0,0,0,4.4
U09303,2026-02-03,Desktop,Referral,Bengaluru,1,1,1,0,0,0,0,2.5
U09304,2026-03-17,Mobile,Referral,Pune,1,0,0,0,0,0,0,8
U09305,2026-03-01,Desktop,Organic Search,Mumbai,1,0,0,0,0,0,0,8.1
U09306,2026-01-30,Mobile,Referral,Mumbai,1,0,0,0,0,0,0,3.5
U09307,2026-01-13,Mobile,Organic Search,Other,1,1,1,0,0,0,0,17.4
U09308,2026-01-28,Desktop,Organic Search,Mumbai,1,1,0,0,0,0,0,2.6
U09309,2026-03-22,Mobile,Direct,Pune,1,0,0,0,0,0,0,4.5
U09310,2026-03-11,Mobile,Referral,Bengaluru,1,0,0,0,0,0,0,11
U09311,2026-03-07,Mobile,Social Media,Other,1,0,0,0,0,0,0,6
U09312,2026-03-19,Mobile,Direct,Hyderabad,1,0,0,0,0,0,0,5.9
U09313,2026-01-24,Desktop,Direct,Delhi,1,0,0,0,0,0,0,4.2
U09314,2026-03-06,Mobile,Social Media,Delhi,1,1,1,0,0,0,0,7.2
U09315,2026-01-07,Mobile,Social Media,Hyderabad,1,1,0,0,0,0,0,14.1
U09316,2026-01-10,Mobile,Referral,Chennai,1,1,1,1,0,0,0,5.8
U09317,2026-02-25,Desktop,Organic Search,Bengaluru,1,1,1,0,0,0,0,13.5
U09318,2026-03-21,Mobile,Organic Search,Hyderabad,1,1,1,1,1,0,0,10.3
U09319,2026-01-19,Desktop,Referral,Mumbai,1,1,1,1,1,1,2195.53,11.6
U09320,2026-01-26,Desktop,Paid Search,Other,1,1,1,0,0,0,0,5
U09321,2026-02-17,Mobile,Organic Search,Mumbai,1,1,1,1,0,0,0,4.3
U09322,2026-02-26,Desktop,Paid Search,Mumbai,1,0,0,0,0,0,0,3.9
U09323,2026-02-16,Mobile,Paid Search,Hyderabad,1,0,0,0,0,0,0,14.8
U09324,2026-02-07,Mobile,Direct,Hyderabad,1,0,0,0,0,0,0,6.7
U09325,2026-03-02,Mobile,Email,Mumbai,1,1,1,0,0,0,0,22.8
U09326,2026-02-26,Tablet,Social Media,Other,1,1,1,1,1,1,3726.39,4.7
U09327,2026-02-03,Desktop,Direct,Pune,1,0,0,0,0,0,0,5.1
U09328,2026-03-21,Mobile,Direct,Bengaluru,1,1,1,1,1,1,5000.13,7.2
U09329,2026-02-26,Mobile,Social Media,Mumbai,1,0,0,0,0,0,0,3.6
U09330,2026-03-28,Desktop,Direct,Mumbai,1,1,1,0,0,0,0,2.3
U09331,2026-03-28,Desktop,Paid Search,Delhi,1,0,0,0,0,0,0,15.3
U09332,2026-01-08,Desktop,Organic Search,Delhi,1,1,1,0,0,0,0,10.3
U09333,2026-03-14,Mobile,Organic Search,Delhi,1,1,1,1,1,1,5840.73,3.2
U09334,2026-01-26,Desktop,Email,Hyderabad,1,1,1,1,1,1,2523.09,4.7
U09335,2026-03-14,Mobile,Social Media,Other,1,1,0,0,0,0,0,5.9
U09336,2026-01-09,Mobile,Email,Hyderabad,1,1,1,1,0,0,0,5.8
U09337,2026-03-25,Desktop,Email,Chennai,1,0,0,0,0,0,0,2.4
U09338,2026-01-05,Tablet,Organic Search,Other,1,0,0,0,0,0,0,5.9
U09339,2026-02-26,Mobile,Organic Search,Chennai,1,0,0,0,0,0,0,4.9
U09340,2026-03-19,Mobile,Social Media,Hyderabad,1,1,0,0,0,0,0,6.9
U09341,2026-03-30,Desktop,Organic Search,Bengaluru,1,0,0,0,0,0,0,6.7
U09342,2026-01-18,Mobile,Email,Mumbai,1,0,0,0,0,0,0,10.7
U09343,2026-02-14,Desktop,Social Media,Hyderabad,1,1,1,1,1,1,2234.62,4.7
U09344,2026-01-23,Desktop,Social Media,Chennai,1,1,1,0,0,0,0,18.8
U09345,2026-01-15,Mobile,Paid Search,Bengaluru,1,0,0,0,0,0,0,7.6
U09346,2026-03-17,Tablet,Email,Pune,1,0,0,0,0,0,0,2.1
U09347,2026-01-17,Desktop,Referral,Hyderabad,1,1,0,0,0,0,0,5.6
U09348,2026-01-23,Desktop,Direct,Delhi,1,1,1,0,0,0,0,5.5
U09349,2026-02-28,Desktop,Referral,Chennai,1,0,0,0,0,0,0,1.9
U09350,2026-03-02,Desktop,Social Media,Mumbai,1,1,1,0,0,0,0,11.7
U09351,2026-03-23,Mobile,Organic Search,Bengaluru,1,0,0,0,0,0,0,8.9
U09352,2026-02-27,Mobile,Email,Mumbai,1,0,0,0,0,0,0,7.1
U09353,2026-01-26,Desktop,Direct,Delhi,1,0,0,0,0,0,0,9.2
U09354,2026-02-18,Mobile,Organic Search,Hyderabad,1,1,1,0,0,0,0,8.7
U09355,2026-02-17,Mobile,Paid Search,Pune,1,1,1,0,0,0,0,2.6
U09356,2026-03-21,Desktop,Organic Search,Pune,1,0,0,0,0,0,0,15.2
U09357,2026-01-12,Desktop,Email,Hyderabad,1,0,0,0,0,0,0,13.3
U09358,2026-02-01,Mobile,Paid Search,Mumbai,1,0,0,0,0,0,0,12.2
U09359,2026-02-28,Desktop,Organic Search,Mumbai,1,1,1,1,1,0,0,8.9
U09360,2026-01-22,Desktop,Direct,Hyderabad,1,0,0,0,0,0,0,4.7
U09361,2026-02-21,Mobile,Social Media,Bengaluru,1,1,0,0,0,0,0,18
U09362,2026-01-22,Desktop,Paid Search,Other,1,0,0,0,0,0,0,2.8
U09363,2026-03-29,Mobile,Paid Search,Mumbai,1,1,1,1,1,1,2668.94,9.1
U09364,2026-02-09,Mobile,Paid Search,Other,1,0,0,0,0,0,0,7.4
U09365,2026-03-03,Mobile,Social Media,Delhi,1,1,1,1,1,1,2820.36,16.6
U09366,2026-02-25,Mobile,Paid Search,Hyderabad,1,0,0,0,0,0,0,6.1
U09367,2026-01-20,Mobile,Social Media,Hyderabad,1,1,1,0,0,0,0,2.1
U09368,2026-02-13,Desktop,Referral,Delhi,1,1,1,0,0,0,0,7.2
U09369,2026-01-13,Desktop,Email,Mumbai,1,1,1,1,1,1,2606.72,3.9
U09370,2026-03-10,Mobile,Paid Search,Hyderabad,1,0,0,0,0,0,0,3.3
U09371,2026-03-23,Desktop,Social Media,Mumbai,1,0,0,0,0,0,0,4.7
U09372,2026-03-17,Mobile,Referral,Pune,1,1,1,1,1,1,3131.69,3.9
U09373,2026-01-30,Mobile,Organic Search,Delhi,1,1,1,1,1,1,3794.96,2.3
U09374,2026-03-06,Desktop,Organic Search,Bengaluru,1,0,0,0,0,0,0,6.7
U09375,2026-02-25,Mobile,Social Media,Bengaluru,1,0,0,0,0,0,0,18.4
U09376,2026-01-15,Mobile,Email,Other,1,0,0,0,0,0,0,3.2
U09377,2026-03-24,Desktop,Organic Search,Pune,1,1,1,1,1,1,4165.98,4.4
U09378,2026-01-05,Mobile,Email,Bengaluru,1,1,1,0,0,0,0,5.2
U09379,2026-03-21,Desktop,Email,Pune,1,1,0,0,0,0,0,4.9
U09380,2026-01-06,Mobile,Direct,Hyderabad,1,0,0,0,0,0,0,3.3
U09381,2026-03-02,Mobile,Organic Search,Hyderabad,1,0,0,0,0,0,0,9.2
U09382,2026-03-15,Mobile,Referral,Hyderabad,1,1,0,0,0,0,0,9.2
U09383,2026-01-16,Mobile,Organic Search,Hyderabad,1,0,0,0,0,0,0,3
U09384,2026-03-10,Mobile,Social Media,Pune,1,0,0,0,0,0,0,8.1
U09385,2026-02-23,Mobile,Social Media,Mumbai,1,1,1,1,1,1,1279.74,19.7
U09386,2026-03-06,Desktop,Paid Search,Bengaluru,1,0,0,0,0,0,0,2.4
U09387,2026-03-10,Desktop,Referral,Pune,1,1,1,0,0,0,0,8.4
U09388,2026-01-12,Mobile,Organic Search,Pune,1,0,0,0,0,0,0,4.1
U09389,2026-02-07,Mobile,Social Media,Hyderabad,1,0,0,0,0,0,0,5.7
U09390,2026-01-20,Mobile,Organic Search,Mumbai,1,0,0,0,0,0,0,4.4
U09391,2026-03-13,Tablet,Email,Delhi,1,1,1,0,0,0,0,9.1
U09392,2026-01-08,Tablet,Organic Search,Delhi,1,1,1,1,1,1,3573.7,4.8
U09393,2026-03-12,Mobile,Referral,Delhi,1,1,1,0,0,0,0,4.5
U09394,2026-02-13,Desktop,Referral,Hyderabad,1,0,0,0,0,0,0,10.4
U09395,2026-02-20,Mobile,Referral,Bengaluru,1,0,0,0,0,0,0,8.2
U09396,2026-03-24,Mobile,Organic Search,Pune,1,0,0,0,0,0,0,3.3
U09397,2026-01-25,Mobile,Email,Pune,1,1,0,0,0,0,0,7.3
U09398,2026-03-20,Mobile,Organic Search,Bengaluru,1,0,0,0,0,0,0,4.2
U09399,2026-03-01,Mobile,Referral,Hyderabad,1,1,1,1,1,1,4016.08,4.2
U09400,2026-02-24,Mobile,Email,Pune,1,1,1,1,1,1,4174.96,3
U09401,2026-03-06,Desktop,Social Media,Bengaluru,1,0,0,0,0,0,0,7.9
U09402,2026-03-30,Mobile,Email,Bengaluru,1,1,1,1,1,0,0,5.2
U09403,2026-03-26,Mobile,Organic Search,Bengaluru,1,0,0,0,0,0,0,5.7
U09404,2026-03-05,Mobile,Social Media,Chennai,1,0,0,0,0,0,0,7.1
U09405,2026-01-23,Mobile,Paid Search,Bengaluru,1,0,0,0,0,0,0,15.7
U09406,2026-01-29,Mobile,Direct,Mumbai,1,1,1,1,1,0,0,11.8
U09407,2026-03-31,Mobile,Direct,Hyderabad,1,0,0,0,0,0,0,1
U09408,2026-02-15,Mobile,Email,Other,1,0,0,0,0,0,0,5.6
U09409,2026-03-18,Mobile,Direct,Other,1,0,0,0,0,0,0,21.5
U09410,2026-01-04,Mobile,Paid Search,Other,1,0,0,0,0,0,0,2.5
U09411,2026-03-15,Mobile,Direct,Pune,1,1,1,1,1,1,2715.96,4.9
U09412,2026-02-08,Desktop,Paid Search,Delhi,1,0,0,0,0,0,0,12.1
U09413,2026-01-20,Desktop,Email,Bengaluru,1,1,1,0,0,0,0,5.1
U09414,2026-02-07,Mobile,Email,Hyderabad,1,1,1,0,0,0,0,2.6
U09415,2026-03-18,Mobile,Organic Search,Hyderabad,1,1,1,0,0,0,0,4.5
U09416,2026-02-03,Mobile,Paid Search,Bengaluru,1,0,0,0,0,0,0,5.6
U09417,2026-03-16,Mobile,Organic Search,Chennai,1,0,0,0,0,0,0,5.1
U09418,2026-01-27,Mobile,Direct,Other,1,1,1,1,0,0,0,12.1
U09419,2026-01-07,Mobile,Organic Search,Chennai,1,0,0,0,0,0,0,4.6
U09420,2026-01-15,Mobile,Social Media,Mumbai,1,0,0,0,0,0,0,5.2
U09421,2026-03-03,Tablet,Referral,Delhi,1,0,0,0,0,0,0,8.5
U09422,2026-02-24,Mobile,Organic Search,Hyderabad,1,1,1,0,0,0,0,8.2
U09423,2026-03-16,Mobile,Social Media,Other,1,0,0,0,0,0,0,7.3
U09424,2026-01-02,Mobile,Social Media,Mumbai,1,0,0,0,0,0,0,7
U09425,2026-01-11,Tablet,Organic Search,Bengaluru,1,1,1,0,0,0,0,11.1
U09426,2026-02-15,Desktop,Referral,Other,1,0,0,0,0,0,0,0.7
U09427,2026-02-24,Mobile,Paid Search,Mumbai,1,0,0,0,0,0,0,4.2
U09428,2026-01-25,Desktop,Organic Search,Chennai,1,0,0,0,0,0,0,9.5
U09429,2026-02-25,Mobile,Social Media,Mumbai,1,0,0,0,0,0,0,10.3
U09430,2026-03-20,Desktop,Paid Search,Delhi,1,0,0,0,0,0,0,9.1
U09431,2026-03-07,Desktop,Direct,Hyderabad,1,0,0,0,0,0,0,2.9
U09432,2026-01-22,Mobile,Direct,Pune,1,0,0,0,0,0,0,8.7
U09433,2026-03-15,Desktop,Social Media,Other,1,0,0,0,0,0,0,7.9
U09434,2026-03-11,Mobile,Paid Search,Mumbai,1,0,0,0,0,0,0,7.3
U09435,2026-02-01,Mobile,Paid Search,Delhi,1,1,1,1,0,0,0,7.4
U09436,2026-02-28,Mobile,Paid Search,Pune,1,0,0,0,0,0,0,14
U09437,2026-03-18,Desktop,Social Media,Bengaluru,1,0,0,0,0,0,0,2.6
U09438,2026-02-01,Mobile,Referral,Other,1,1,1,1,0,0,0,12.1
U09439,2026-01-02,Mobile,Paid Search,Delhi,1,1,0,0,0,0,0,4.4
U09440,2026-01-13,Desktop,Organic Search,Chennai,1,0,0,0,0,0,0,12.9
U09441,2026-03-12,Mobile,Social Media,Delhi,1,1,0,0,0,0,0,3.2
U09442,2026-02-28,Mobile,Organic Search,Mumbai,1,1,0,0,0,0,0,7.5
U09443,2026-02-01,Mobile,Email,Hyderabad,1,0,0,0,0,0,0,3.1
U09444,2026-01-29,Mobile,Social Media,Delhi,1,1,1,0,0,0,0,5.5
U09445,2026-02-08,Mobile,Social Media,Mumbai,1,0,0,0,0,0,0,7.8
U09446,2026-02-22,Mobile,Paid Search,Delhi,1,1,1,0,0,0,0,8
U09447,2026-02-11,Tablet,Direct,Hyderabad,1,0,0,0,0,0,0,4.1
U09448,2026-03-16,Desktop,Organic Search,Mumbai,1,0,0,0,0,0,0,9.8
U09449,2026-03-17,Mobile,Direct,Delhi,1,1,1,1,1,0,0,0.5
U09450,2026-02-21,Mobile,Paid Search,Other,1,0,0,0,0,0,0,12.6
U09451,2026-01-27,Mobile,Direct,Pune,1,0,0,0,0,0,0,15.1
U09452,2026-01-30,Desktop,Email,Pune,1,1,1,1,1,1,4275.81,7.4
U09453,2026-01-01,Mobile,Organic Search,Bengaluru,1,0,0,0,0,0,0,2.7
U09454,2026-03-31,Mobile,Referral,Pune,1,1,1,0,0,0,0,3.8
U09455,2026-03-01,Desktop,Email,Hyderabad,1,0,0,0,0,0,0,17.2
U09456,2026-01-08,Mobile,Organic Search,Hyderabad,1,1,0,0,0,0,0,2.1
U09457,2026-01-04,Mobile,Organic Search,Hyderabad,1,0,0,0,0,0,0,3.6
U09458,2026-03-02,Desktop,Email,Pune,1,1,0,0,0,0,0,11
U09459,2026-02-26,Desktop,Email,Hyderabad,1,0,0,0,0,0,0,14.8
U09460,2026-03-17,Mobile,Email,Hyderabad,1,1,1,1,1,1,2612.73,1.4
U09461,2026-03-22,Desktop,Email,Bengaluru,1,0,0,0,0,0,0,13.7
U09462,2026-02-06,Mobile,Email,Mumbai,1,0,0,0,0,0,0,18.3
U09463,2026-01-18,Desktop,Referral,Pune,1,0,0,0,0,0,0,4.2
U09464,2026-03-27,Mobile,Social Media,Chennai,1,0,0,0,0,0,0,2.8
U09465,2026-02-17,Desktop,Paid Search,Mumbai,1,0,0,0,0,0,0,5.6
U09466,2026-01-12,Tablet,Direct,Hyderabad,1,1,1,0,0,0,0,6.3
U09467,2026-02-10,Tablet,Organic Search,Bengaluru,1,0,0,0,0,0,0,8.5
U09468,2026-02-04,Desktop,Paid Search,Hyderabad,1,0,0,0,0,0,0,11.7
U09469,2026-03-18,Mobile,Email,Chennai,1,1,1,0,0,0,0,10.7
U09470,2026-03-31,Mobile,Paid Search,Mumbai,1,1,0,0,0,0,0,12.5
U09471,2026-02-03,Mobile,Organic Search,Bengaluru,1,1,1,0,0,0,0,7.5
U09472,2026-03-18,Desktop,Organic Search,Pune,1,1,0,0,0,0,0,21.3
U09473,2026-02-17,Desktop,Email,Other,1,0,0,0,0,0,0,8.4
U09474,2026-03-08,Mobile,Direct,Hyderabad,1,1,0,0,0,0,0,7.4
U09475,2026-02-28,Desktop,Social Media,Hyderabad,1,0,0,0,0,0,0,6.8
U09476,2026-03-02,Desktop,Social Media,Delhi,1,1,1,0,0,0,0,11.2
U09477,2026-02-07,Tablet,Paid Search,Hyderabad,1,1,1,0,0,0,0,12
U09478,2026-02-28,Desktop,Paid Search,Bengaluru,1,1,1,0,0,0,0,2.5
U09479,2026-02-25,Mobile,Organic Search,Chennai,1,1,0,0,0,0,0,1.2
U09480,2026-01-05,Mobile,Paid Search,Other,1,1,1,0,0,0,0,12.7
U09481,2026-01-23,Mobile,Paid Search,Mumbai,1,1,1,0,0,0,0,9.4
U09482,2026-03-12,Mobile,Organic Search,Hyderabad,1,0,0,0,0,0,0,6.4
U09483,2026-01-31,Mobile,Organic Search,Hyderabad,1,0,0,0,0,0,0,15.6
U09484,2026-01-10,Desktop,Email,Hyderabad,1,1,1,0,0,0,0,1.4
U09485,2026-02-16,Desktop,Direct,Bengaluru,1,0,0,0,0,0,0,12
U09486,2026-01-25,Desktop,Direct,Chennai,1,1,1,0,0,0,0,2.6
U09487,2026-02-19,Mobile,Social Media,Pune,1,0,0,0,0,0,0,3.6
U09488,2026-01-06,Mobile,Organic Search,Bengaluru,1,0,0,0,0,0,0,6.5
U09489,2026-02-07,Mobile,Email,Bengaluru,1,1,1,0,0,0,0,7.6
U09490,2026-02-06,Mobile,Organic Search,Bengaluru,1,1,1,0,0,0,0,7.2
U09491,2026-03-29,Mobile,Email,Hyderabad,1,1,1,0,0,0,0,0.5
U09492,2026-02-23,Mobile,Referral,Other,1,0,0,0,0,0,0,5.6
U09493,2026-02-04,Mobile,Email,Hyderabad,1,1,0,0,0,0,0,6
U09494,2026-02-06,Mobile,Direct,Bengaluru,1,1,1,0,0,0,0,7.3
U09495,2026-01-02,Desktop,Email,Hyderabad,1,1,1,0,0,0,0,1.6
U09496,2026-03-20,Mobile,Email,Chennai,1,1,1,1,1,1,1153.43,13.4
U09497,2026-02-13,Mobile,Paid Search,Other,1,1,1,0,0,0,0,5.8
U09498,2026-03-06,Mobile,Direct,Hyderabad,1,0,0,0,0,0,0,4.6
U09499,2026-03-30,Tablet,Organic Search,Chennai,1,1,1,0,0,0,0,8.5
U09500,2026-01-10,Mobile,Direct,Hyderabad,1,1,1,0,0,0,0,5.5
U09501,2026-03-10,Mobile,Paid Search,Delhi,1,1,1,0,0,0,0,10.5
U09502,2026-03-02,Desktop,Organic Search,Mumbai,1,1,1,1,1,1,551.42,15
U09503,2026-03-23,Mobile,Referral,Delhi,1,1,1,1,1,1,4083.89,0.5
U09504,2026-03-30,Tablet,Organic Search,Chennai,1,1,1,0,0,0,0,10.4
U09505,2026-01-02,Mobile,Referral,Other,1,0,0,0,0,0,0,7.4
U09506,2026-01-31,Mobile,Paid Search,Chennai,1,0,0,0,0,0,0,3.7
U09507,2026-02-01,Mobile,Direct,Mumbai,1,1,1,1,0,0,0,2.8
U09508,2026-01-21,Mobile,Email,Delhi,1,0,0,0,0,0,0,9.9
U09509,2026-03-23,Mobile,Email,Mumbai,1,0,0,0,0,0,0,10
U09510,2026-01-09,Mobile,Paid Search,Hyderabad,1,1,1,1,1,1,3405.35,6.9
U09511,2026-03-28,Mobile,Organic Search,Bengaluru,1,1,1,0,0,0,0,1.7
U09512,2026-02-07,Mobile,Referral,Hyderabad,1,1,0,0,0,0,0,3.7
U09513,2026-03-28,Mobile,Organic Search,Chennai,1,1,1,1,0,0,0,6.2
U09514,2026-01-16,Desktop,Paid Search,Mumbai,1,0,0,0,0,0,0,6.5
U09515,2026-02-25,Desktop,Social Media,Hyderabad,1,0,0,0,0,0,0,5.1
U09516,2026-01-15,Mobile,Social Media,Mumbai,1,1,1,1,1,1,2764.86,12.5
U09517,2026-01-24,Mobile,Organic Search,Pune,1,1,0,0,0,0,0,10.4
U09518,2026-02-21,Desktop,Organic Search,Bengaluru,1,1,1,1,1,1,5429.58,0.5
U09519,2026-02-07,Mobile,Organic Search,Bengaluru,1,0,0,0,0,0,0,7
U09520,2026-03-21,Mobile,Direct,Pune,1,1,0,0,0,0,0,10
U09521,2026-02-12,Mobile,Organic Search,Delhi,1,1,1,1,1,1,3090.88,8.7
U09522,2026-03-26,Mobile,Direct,Hyderabad,1,0,0,0,0,0,0,5.8
U09523,2026-01-26,Tablet,Organic Search,Chennai,1,0,0,0,0,0,0,0.9
U09524,2026-02-27,Desktop,Organic Search,Delhi,1,0,0,0,0,0,0,2.1
U09525,2026-02-14,Mobile,Social Media,Mumbai,1,0,0,0,0,0,0,8.2
U09526,2026-02-04,Mobile,Organic Search,Mumbai,1,0,0,0,0,0,0,4.3
U09527,2026-02-14,Desktop,Social Media,Mumbai,1,0,0,0,0,0,0,5.4
U09528,2026-01-26,Mobile,Direct,Delhi,1,0,0,0,0,0,0,2.8
U09529,2026-03-08,Tablet,Organic Search,Bengaluru,1,0,0,0,0,0,0,5
U09530,2026-01-26,Tablet,Referral,Delhi,1,0,0,0,0,0,0,7.8
U09531,2026-01-07,Mobile,Paid Search,Other,1,0,0,0,0,0,0,3.9
U09532,2026-01-23,Tablet,Organic Search,Chennai,1,1,1,1,0,0,0,6.9
U09533,2026-02-24,Mobile,Organic Search,Delhi,1,0,0,0,0,0,0,1.7
U09534,2026-01-19,Desktop,Direct,Bengaluru,1,1,0,0,0,0,0,2.6
U09535,2026-01-13,Mobile,Organic Search,Bengaluru,1,1,1,1,0,0,0,4.3
U09536,2026-03-28,Mobile,Direct,Other,1,0,0,0,0,0,0,2.9
U09537,2026-03-06,Desktop,Social Media,Hyderabad,1,0,0,0,0,0,0,6
U09538,2026-01-06,Desktop,Organic Search,Bengaluru,1,1,1,1,0,0,0,10.5
U09539,2026-03-13,Mobile,Social Media,Chennai,1,0,0,0,0,0,0,11.9
U09540,2026-03-21,Mobile,Referral,Chennai,1,0,0,0,0,0,0,4.5
U09541,2026-01-23,Mobile,Email,Mumbai,1,1,1,0,0,0,0,24
U09542,2026-03-03,Mobile,Social Media,Hyderabad,1,0,0,0,0,0,0,3
U09543,2026-01-06,Mobile,Direct,Hyderabad,1,1,1,1,1,0,0,4.7
U09544,2026-03-12,Mobile,Organic Search,Bengaluru,1,1,0,0,0,0,0,9.7
U09545,2026-03-12,Mobile,Direct,Mumbai,1,0,0,0,0,0,0,3.4
U09546,2026-03-02,Mobile,Referral,Mumbai,1,0,0,0,0,0,0,5.4
U09547,2026-01-09,Mobile,Email,Mumbai,1,0,0,0,0,0,0,2.9
U09548,2026-03-31,Mobile,Referral,Mumbai,1,1,1,1,0,0,0,10.8
U09549,2026-03-24,Mobile,Social Media,Bengaluru,1,0,0,0,0,0,0,6.6
U09550,2026-02-10,Tablet,Email,Delhi,1,0,0,0,0,0,0,7.5
U09551,2026-03-18,Mobile,Social Media,Hyderabad,1,0,0,0,0,0,0,8.9
U09552,2026-03-26,Tablet,Paid Search,Hyderabad,1,0,0,0,0,0,0,5.2
U09553,2026-01-28,Desktop,Social Media,Delhi,1,0,0,0,0,0,0,4.2
U09554,2026-01-04,Desktop,Paid Search,Bengaluru,1,0,0,0,0,0,0,2
U09555,2026-03-13,Desktop,Paid Search,Chennai,1,1,1,0,0,0,0,18.4
U09556,2026-02-02,Desktop,Paid Search,Bengaluru,1,1,1,0,0,0,0,3.5
U09557,2026-01-15,Mobile,Organic Search,Chennai,1,1,0,0,0,0,0,5.8
U09558,2026-02-26,Mobile,Paid Search,Bengaluru,1,1,0,0,0,0,0,3
U09559,2026-01-07,Desktop,Direct,Other,1,0,0,0,0,0,0,3.3
U09560,2026-03-11,Mobile,Paid Search,Bengaluru,1,0,0,0,0,0,0,3.3
U09561,2026-02-19,Desktop,Email,Mumbai,1,1,1,0,0,0,0,19.5
U09562,2026-03-21,Mobile,Organic Search,Pune,1,0,0,0,0,0,0,9.1
U09563,2026-03-05,Desktop,Paid Search,Mumbai,1,0,0,0,0,0,0,19.5
U09564,2026-03-07,Mobile,Organic Search,Mumbai,1,0,0,0,0,0,0,3.6
U09565,2026-03-30,Mobile,Organic Search,Mumbai,1,0,0,0,0,0,0,6
U09566,2026-02-20,Mobile,Social Media,Chennai,1,0,0,0,0,0,0,8
U09567,2026-01-19,Desktop,Social Media,Pune,1,0,0,0,0,0,0,12.6
U09568,2026-02-21,Desktop,Organic Search,Hyderabad,1,0,0,0,0,0,0,10.5
U09569,2026-03-10,Mobile,Social Media,Pune,1,1,1,0,0,0,0,3.5
U09570,2026-02-28,Desktop,Direct,Mumbai,1,0,0,0,0,0,0,9
U09571,2026-02-27,Mobile,Organic Search,Pune,1,1,0,0,0,0,0,11.8
U09572,2026-01-20,Mobile,Organic Search,Hyderabad,1,1,1,0,0,0,0,3.2
U09573,2026-01-23,Mobile,Email,Pune,1,1,1,1,1,1,4366.23,13.8
U09574,2026-03-20,Mobile,Organic Search,Hyderabad,1,1,1,0,0,0,0,2.7
U09575,2026-01-09,Mobile,Direct,Delhi,1,0,0,0,0,0,0,9.2
U09576,2026-01-07,Mobile,Social Media,Chennai,1,1,1,1,1,1,3587.29,4.2
U09577,2026-01-03,Desktop,Social Media,Delhi,1,1,1,1,1,1,2194.56,11.9
U09578,2026-03-29,Desktop,Paid Search,Mumbai,1,0,0,0,0,0,0,6.6
U09579,2026-03-26,Mobile,Social Media,Hyderabad,1,1,1,1,1,1,2950.81,5.4
U09580,2026-01-18,Mobile,Organic Search,Mumbai,1,0,0,0,0,0,0,11.1
U09581,2026-02-27,Mobile,Direct,Bengaluru,1,0,0,0,0,0,0,6.7
U09582,2026-03-21,Mobile,Social Media,Mumbai,1,1,1,1,1,0,0,10.8
U09583,2026-03-22,Mobile,Organic Search,Delhi,1,0,0,0,0,0,0,8.3
U09584,2026-02-18,Mobile,Social Media,Hyderabad,1,0,0,0,0,0,0,10.9
U09585,2026-01-27,Tablet,Organic Search,Mumbai,1,1,1,1,1,1,5399.82,1.4
U09586,2026-03-15,Desktop,Organic Search,Mumbai,1,0,0,0,0,0,0,7.7
U09587,2026-03-03,Mobile,Email,Bengaluru,1,1,1,1,1,1,1637.89,8.6
U09588,2026-01-20,Mobile,Email,Other,1,1,1,1,0,0,0,10.7
U09589,2026-02-16,Mobile,Social Media,Mumbai,1,1,1,0,0,0,0,12.8
U09590,2026-01-21,Desktop,Organic Search,Hyderabad,1,1,1,1,0,0,0,7.7
U09591,2026-03-20,Mobile,Social Media,Hyderabad,1,1,1,1,0,0,0,7.9
U09592,2026-01-11,Mobile,Organic Search,Mumbai,1,1,1,0,0,0,0,15.1
U09593,2026-01-10,Desktop,Social Media,Bengaluru,1,0,0,0,0,0,0,16
U09594,2026-01-14,Mobile,Social Media,Hyderabad,1,0,0,0,0,0,0,5.8
U09595,2026-02-26,Mobile,Email,Hyderabad,1,0,0,0,0,0,0,10.1
U09596,2026-02-17,Mobile,Direct,Mumbai,1,1,1,0,0,0,0,15.6
U09597,2026-03-14,Mobile,Direct,Mumbai,1,1,1,1,1,1,1271.69,3.6
U09598,2026-01-30,Mobile,Direct,Hyderabad,1,1,1,1,1,0,0,5.3
U09599,2026-01-15,Mobile,Direct,Mumbai,1,1,1,0,0,0,0,12.8
U09600,2026-03-22,Mobile,Referral,Other,1,1,1,1,0,0,0,9.3
U09601,2026-02-23,Mobile,Direct,Other,1,1,1,0,0,0,0,4.9
U09602,2026-02-02,Desktop,Direct,Pune,1,0,0,0,0,0,0,1.9
U09603,2026-01-16,Mobile,Email,Pune,1,0,0,0,0,0,0,4.8
U09604,2026-03-24,Mobile,Organic Search,Bengaluru,1,0,0,0,0,0,0,7.1
U09605,2026-02-20,Desktop,Organic Search,Hyderabad,1,1,1,1,0,0,0,3.7
U09606,2026-03-07,Desktop,Referral,Chennai,1,0,0,0,0,0,0,12.9
U09607,2026-02-26,Desktop,Social Media,Mumbai,1,1,1,1,0,0,0,18.8
U09608,2026-01-04,Mobile,Referral,Pune,1,0,0,0,0,0,0,3.2
U09609,2026-01-05,Mobile,Paid Search,Bengaluru,1,0,0,0,0,0,0,0.7
U09610,2026-02-07,Desktop,Paid Search,Chennai,1,1,1,1,1,0,0,6.6
U09611,2026-01-08,Desktop,Email,Mumbai,1,0,0,0,0,0,0,10.1
U09612,2026-02-27,Mobile,Direct,Chennai,1,1,0,0,0,0,0,8
U09613,2026-01-24,Desktop,Organic Search,Chennai,1,1,1,1,1,1,4712.32,12.2
U09614,2026-01-31,Mobile,Direct,Bengaluru,1,1,0,0,0,0,0,5.8
U09615,2026-01-21,Tablet,Referral,Other,1,1,1,1,1,1,1737.32,10.5
U09616,2026-03-19,Desktop,Paid Search,Chennai,1,1,1,1,0,0,0,2.3
U09617,2026-03-12,Desktop,Paid Search,Mumbai,1,0,0,0,0,0,0,12.8
U09618,2026-03-08,Tablet,Organic Search,Bengaluru,1,1,1,0,0,0,0,11.4
U09619,2026-01-26,Desktop,Organic Search,Mumbai,1,0,0,0,0,0,0,12.9
U09620,2026-01-28,Mobile,Social Media,Bengaluru,1,0,0,0,0,0,0,0.8
U09621,2026-03-24,Mobile,Organic Search,Bengaluru,1,0,0,0,0,0,0,5.6
U09622,2026-01-13,Mobile,Organic Search,Bengaluru,1,1,1,1,1,0,0,6.5
U09623,2026-02-28,Mobile,Referral,Hyderabad,1,1,1,0,0,0,0,4.1
U09624,2026-02-22,Desktop,Social Media,Mumbai,1,1,1,0,0,0,0,1
U09625,2026-03-06,Mobile,Email,Chennai,1,0,0,0,0,0,0,3.1
U09626,2026-02-07,Mobile,Organic Search,Pune,1,0,0,0,0,0,0,21.2
U09627,2026-01-09,Mobile,Referral,Hyderabad,1,1,0,0,0,0,0,5.2
U09628,2026-03-26,Desktop,Direct,Hyderabad,1,1,0,0,0,0,0,4.3
U09629,2026-03-06,Mobile,Social Media,Pune,1,0,0,0,0,0,0,6.1
U09630,2026-03-13,Mobile,Direct,Hyderabad,1,0,0,0,0,0,0,12.3
U09631,2026-01-22,Mobile,Referral,Hyderabad,1,0,0,0,0,0,0,10.2
U09632,2026-01-26,Desktop,Email,Hyderabad,1,0,0,0,0,0,0,11.8
U09633,2026-03-04,Mobile,Email,Pune,1,1,1,0,0,0,0,5.2
U09634,2026-03-22,Desktop,Organic Search,Pune,1,0,0,0,0,0,0,4.3
U09635,2026-03-02,Mobile,Paid Search,Bengaluru,1,0,0,0,0,0,0,5
U09636,2026-02-26,Mobile,Organic Search,Delhi,1,0,0,0,0,0,0,10
U09637,2026-01-21,Tablet,Organic Search,Chennai,1,1,1,0,0,0,0,3.8
U09638,2026-03-23,Mobile,Organic Search,Other,1,0,0,0,0,0,0,1.9
U09639,2026-02-02,Mobile,Direct,Hyderabad,1,0,0,0,0,0,0,8.1
U09640,2026-01-12,Mobile,Organic Search,Pune,1,1,1,0,0,0,0,6.7
U09641,2026-02-28,Mobile,Direct,Hyderabad,1,1,1,1,0,0,0,8.5
U09642,2026-02-15,Mobile,Social Media,Chennai,1,1,0,0,0,0,0,9.7
U09643,2026-03-24,Mobile,Organic Search,Hyderabad,1,0,0,0,0,0,0,4.7
U09644,2026-01-06,Mobile,Social Media,Delhi,1,1,1,0,0,0,0,5.9
U09645,2026-01-20,Mobile,Organic Search,Delhi,1,0,0,0,0,0,0,1.3
U09646,2026-02-02,Desktop,Direct,Mumbai,1,0,0,0,0,0,0,7.4
U09647,2026-01-29,Desktop,Referral,Delhi,1,1,1,0,0,0,0,4.8
U09648,2026-02-22,Mobile,Organic Search,Mumbai,1,0,0,0,0,0,0,11.7
U09649,2026-02-28,Mobile,Direct,Delhi,1,0,0,0,0,0,0,24.1
U09650,2026-02-23,Mobile,Email,Bengaluru,1,1,1,1,1,0,0,12.6
U09651,2026-02-22,Mobile,Organic Search,Chennai,1,0,0,0,0,0,0,6.4
U09652,2026-02-04,Mobile,Email,Hyderabad,1,1,0,0,0,0,0,2.7
U09653,2026-01-26,Mobile,Email,Chennai,1,1,1,0,0,0,0,9.9
U09654,2026-01-23,Mobile,Organic Search,Delhi,1,1,1,0,0,0,0,13.8
U09655,2026-02-06,Mobile,Referral,Delhi,1,1,0,0,0,0,0,6.3
U09656,2026-01-27,Mobile,Organic Search,Delhi,1,1,0,0,0,0,0,6.4
U09657,2026-02-17,Tablet,Social Media,Bengaluru,1,1,1,0,0,0,0,8.1
U09658,2026-02-17,Mobile,Organic Search,Delhi,1,1,1,0,0,0,0,3.2
U09659,2026-01-23,Desktop,Direct,Bengaluru,1,1,1,0,0,0,0,14.8
U09660,2026-02-07,Desktop,Referral,Other,1,1,1,1,1,1,3499.14,15.5
U09661,2026-02-19,Mobile,Organic Search,Bengaluru,1,0,0,0,0,0,0,2.4
U09662,2026-01-30,Mobile,Paid Search,Mumbai,1,1,1,0,0,0,0,2.5
U09663,2026-02-20,Mobile,Organic Search,Delhi,1,0,0,0,0,0,0,4.2
U09664,2026-01-18,Mobile,Referral,Other,1,0,0,0,0,0,0,2.4
U09665,2026-02-19,Mobile,Organic Search,Chennai,1,0,0,0,0,0,0,1.8
U09666,2026-03-05,Desktop,Referral,Bengaluru,1,1,0,0,0,0,0,9.2
U09667,2026-03-24,Mobile,Direct,Chennai,1,1,1,0,0,0,0,5.6
U09668,2026-03-05,Mobile,Email,Bengaluru,1,1,0,0,0,0,0,22.3
U09669,2026-02-11,Desktop,Organic Search,Mumbai,1,1,1,0,0,0,0,7.2
U09670,2026-02-12,Desktop,Paid Search,Other,1,1,1,0,0,0,0,24.4
U09671,2026-01-01,Mobile,Social Media,Hyderabad,1,0,0,0,0,0,0,16.7
U09672,2026-02-14,Desktop,Social Media,Mumbai,1,0,0,0,0,0,0,2.3
U09673,2026-03-09,Mobile,Email,Pune,1,0,0,0,0,0,0,5.5
U09674,2026-03-22,Mobile,Social Media,Hyderabad,1,0,0,0,0,0,0,7
U09675,2026-02-06,Mobile,Paid Search,Chennai,1,1,1,1,1,1,4517.32,5.1
U09676,2026-03-11,Mobile,Direct,Pune,1,0,0,0,0,0,0,7.1
U09677,2026-01-31,Tablet,Organic Search,Other,1,1,1,1,1,0,0,5.9
U09678,2026-02-07,Mobile,Social Media,Mumbai,1,1,1,1,1,0,0,2.2
U09679,2026-01-22,Mobile,Referral,Hyderabad,1,0,0,0,0,0,0,11.3
U09680,2026-03-26,Mobile,Organic Search,Hyderabad,1,0,0,0,0,0,0,3.8
U09681,2026-03-27,Mobile,Email,Mumbai,1,0,0,0,0,0,0,0.8
U09682,2026-02-14,Mobile,Referral,Hyderabad,1,0,0,0,0,0,0,8.7
U09683,2026-02-04,Mobile,Email,Hyderabad,1,1,1,0,0,0,0,10.8
U09684,2026-01-24,Desktop,Organic Search,Delhi,1,0,0,0,0,0,0,6.3
U09685,2026-03-03,Mobile,Organic Search,Delhi,1,1,1,1,1,0,0,8.8
U09686,2026-01-17,Mobile,Paid Search,Pune,1,1,0,0,0,0,0,14.8
U09687,2026-02-14,Mobile,Organic Search,Hyderabad,1,0,0,0,0,0,0,5.2
U09688,2026-03-05,Mobile,Direct,Hyderabad,1,0,0,0,0,0,0,4.8
U09689,2026-02-19,Mobile,Email,Pune,1,1,1,0,0,0,0,3.3
U09690,2026-01-23,Desktop,Paid Search,Delhi,1,0,0,0,0,0,0,5.1
U09691,2026-03-15,Tablet,Direct,Pune,1,0,0,0,0,0,0,2.6
U09692,2026-01-27,Mobile,Email,Other,1,1,1,1,0,0,0,1.7
U09693,2026-01-20,Mobile,Paid Search,Pune,1,0,0,0,0,0,0,21.1
U09694,2026-01-12,Desktop,Paid Search,Mumbai,1,1,1,0,0,0,0,16.3
U09695,2026-02-07,Mobile,Organic Search,Bengaluru,1,0,0,0,0,0,0,6.4
U09696,2026-02-27,Mobile,Direct,Mumbai,1,0,0,0,0,0,0,7.8
U09697,2026-03-11,Mobile,Social Media,Mumbai,1,1,1,1,1,0,0,24.3
U09698,2026-02-23,Desktop,Direct,Bengaluru,1,0,0,0,0,0,0,6.9
U09699,2026-03-31,Mobile,Paid Search,Delhi,1,0,0,0,0,0,0,5.7
U09700,2026-03-29,Desktop,Direct,Hyderabad,1,1,1,0,0,0,0,9.9
U09701,2026-03-07,Desktop,Organic Search,Delhi,1,0,0,0,0,0,0,6.9
U09702,2026-03-09,Mobile,Direct,Hyderabad,1,0,0,0,0,0,0,3.4
U09703,2026-01-02,Desktop,Direct,Chennai,1,1,1,1,0,0,0,7.3
U09704,2026-03-03,Desktop,Paid Search,Pune,1,0,0,0,0,0,0,6.3
U09705,2026-03-02,Mobile,Referral,Hyderabad,1,1,1,0,0,0,0,8.1
U09706,2026-02-01,Mobile,Referral,Mumbai,1,0,0,0,0,0,0,13.5
U09707,2026-01-06,Mobile,Direct,Hyderabad,1,1,1,1,1,1,2397.68,1.8
U09708,2026-02-27,Mobile,Paid Search,Pune,1,0,0,0,0,0,0,2.3
U09709,2026-03-06,Mobile,Social Media,Pune,1,1,0,0,0,0,0,2.1
U09710,2026-03-28,Mobile,Direct,Other,1,0,0,0,0,0,0,21.8
U09711,2026-01-29,Mobile,Referral,Pune,1,1,1,1,1,1,3687.08,18.5
U09712,2026-01-08,Desktop,Paid Search,Delhi,1,1,1,0,0,0,0,6.9
U09713,2026-02-24,Mobile,Referral,Hyderabad,1,0,0,0,0,0,0,5.8
U09714,2026-02-12,Mobile,Organic Search,Bengaluru,1,0,0,0,0,0,0,10.2
U09715,2026-03-29,Mobile,Referral,Chennai,1,0,0,0,0,0,0,14.9
U09716,2026-02-23,Mobile,Organic Search,Mumbai,1,1,1,0,0,0,0,7.3
U09717,2026-01-13,Mobile,Paid Search,Delhi,1,1,1,1,1,0,0,14.8
U09718,2026-01-12,Mobile,Social Media,Bengaluru,1,1,1,1,0,0,0,12
U09719,2026-03-10,Mobile,Paid Search,Hyderabad,1,1,0,0,0,0,0,2.8
U09720,2026-01-19,Desktop,Social Media,Chennai,1,0,0,0,0,0,0,5.8
U09721,2026-03-23,Desktop,Social Media,Hyderabad,1,0,0,0,0,0,0,3
U09722,2026-01-15,Mobile,Paid Search,Delhi,1,1,0,0,0,0,0,1.9
U09723,2026-03-17,Desktop,Organic Search,Mumbai,1,0,0,0,0,0,0,1.1
U09724,2026-03-16,Desktop,Referral,Delhi,1,0,0,0,0,0,0,10.5
U09725,2026-01-05,Mobile,Paid Search,Hyderabad,1,1,1,0,0,0,0,5.4
U09726,2026-01-19,Tablet,Social Media,Other,1,0,0,0,0,0,0,6.9
U09727,2026-01-02,Desktop,Email,Hyderabad,1,0,0,0,0,0,0,2.8
U09728,2026-02-05,Mobile,Direct,Bengaluru,1,1,1,0,0,0,0,5.9
U09729,2026-01-09,Mobile,Email,Delhi,1,0,0,0,0,0,0,11.7
U09730,2026-03-13,Mobile,Organic Search,Hyderabad,1,0,0,0,0,0,0,12.9
U09731,2026-01-31,Mobile,Referral,Hyderabad,1,0,0,0,0,0,0,7.2
U09732,2026-02-16,Desktop,Direct,Hyderabad,1,1,1,1,0,0,0,1.3
U09733,2026-02-25,Mobile,Social Media,Mumbai,1,0,0,0,0,0,0,10.5
U09734,2026-01-14,Desktop,Direct,Pune,1,0,0,0,0,0,0,2.9
U09735,2026-02-28,Desktop,Social Media,Mumbai,1,1,1,0,0,0,0,6.3
U09736,2026-01-23,Mobile,Social Media,Mumbai,1,0,0,0,0,0,0,3.7
U09737,2026-03-12,Desktop,Paid Search,Bengaluru,1,0,0,0,0,0,0,4.4
U09738,2026-01-21,Mobile,Email,Hyderabad,1,0,0,0,0,0,0,5.5
U09739,2026-03-13,Mobile,Organic Search,Hyderabad,1,0,0,0,0,0,0,12.9
U09740,2026-03-09,Desktop,Organic Search,Pune,1,1,0,0,0,0,0,5.7
U09741,2026-03-13,Mobile,Organic Search,Hyderabad,1,1,1,1,1,1,1376.27,8
U09742,2026-03-16,Mobile,Paid Search,Other,1,0,0,0,0,0,0,10.9
U09743,2026-01-24,Desktop,Paid Search,Hyderabad,1,1,1,0,0,0,0,3.9
U09744,2026-01-09,Desktop,Social Media,Delhi,1,1,1,0,0,0,0,4.2
U09745,2026-03-22,Mobile,Paid Search,Other,1,0,0,0,0,0,0,5.3
U09746,2026-01-18,Desktop,Direct,Bengaluru,1,0,0,0,0,0,0,9.4
U09747,2026-01-21,Desktop,Paid Search,Delhi,1,1,1,1,1,0,0,3.7
U09748,2026-01-09,Mobile,Paid Search,Bengaluru,1,0,0,0,0,0,0,5.4
U09749,2026-02-14,Mobile,Organic Search,Bengaluru,1,1,1,0,0,0,0,4.5
U09750,2026-03-22,Tablet,Paid Search,Bengaluru,1,1,1,0,0,0,0,5
U09751,2026-01-21,Mobile,Organic Search,Pune,1,0,0,0,0,0,0,26.4
U09752,2026-03-28,Mobile,Social Media,Bengaluru,1,0,0,0,0,0,0,2.2
U09753,2026-02-13,Mobile,Referral,Bengaluru,1,0,0,0,0,0,0,9.7
U09754,2026-02-05,Desktop,Organic Search,Other,1,0,0,0,0,0,0,3.6
U09755,2026-03-15,Mobile,Paid Search,Bengaluru,1,0,0,0,0,0,0,11.3
U09756,2026-02-05,Mobile,Organic Search,Chennai,1,1,0,0,0,0,0,9.5
U09757,2026-02-01,Mobile,Referral,Other,1,0,0,0,0,0,0,3.8
U09758,2026-01-27,Tablet,Referral,Bengaluru,1,1,1,0,0,0,0,2
U09759,2026-03-06,Mobile,Organic Search,Bengaluru,1,0,0,0,0,0,0,3.1
U09760,2026-03-22,Mobile,Paid Search,Pune,1,1,1,1,1,1,3167.84,7.9
U09761,2026-02-13,Tablet,Direct,Bengaluru,1,1,1,0,0,0,0,5.6
U09762,2026-03-14,Mobile,Paid Search,Bengaluru,1,1,0,0,0,0,0,12.4
U09763,2026-03-23,Tablet,Social Media,Chennai,1,0,0,0,0,0,0,4.5
U09764,2026-01-22,Tablet,Paid Search,Delhi,1,0,0,0,0,0,0,10.7
U09765,2026-03-16,Desktop,Social Media,Hyderabad,1,0,0,0,0,0,0,19.6
U09766,2026-02-11,Mobile,Direct,Bengaluru,1,0,0,0,0,0,0,9.3
U09767,2026-03-20,Desktop,Direct,Bengaluru,1,1,1,1,0,0,0,8.1
U09768,2026-03-05,Desktop,Referral,Bengaluru,1,1,1,1,1,0,0,3.8
U09769,2026-01-12,Tablet,Paid Search,Mumbai,1,1,0,0,0,0,0,1.5
U09770,2026-02-22,Mobile,Social Media,Bengaluru,1,1,1,0,0,0,0,11.5
U09771,2026-03-31,Desktop,Paid Search,Mumbai,1,1,1,1,1,1,5236.07,4.1
U09772,2026-02-18,Mobile,Direct,Chennai,1,1,1,1,1,1,3094.58,8.1
U09773,2026-01-06,Mobile,Email,Bengaluru,1,0,0,0,0,0,0,3.6
U09774,2026-03-07,Mobile,Paid Search,Bengaluru,1,0,0,0,0,0,0,5.1
U09775,2026-03-05,Desktop,Organic Search,Hyderabad,1,1,1,1,0,0,0,3.3
U09776,2026-01-23,Mobile,Social Media,Hyderabad,1,1,0,0,0,0,0,6.8
U09777,2026-01-04,Mobile,Direct,Mumbai,1,0,0,0,0,0,0,2.6
U09778,2026-02-12,Tablet,Social Media,Delhi,1,1,0,0,0,0,0,11.4
U09779,2026-03-08,Mobile,Organic Search,Hyderabad,1,0,0,0,0,0,0,8.5
U09780,2026-03-14,Mobile,Organic Search,Mumbai,1,0,0,0,0,0,0,5.9
U09781,2026-03-24,Mobile,Paid Search,Other,1,0,0,0,0,0,0,5.5
U09782,2026-01-02,Mobile,Direct,Hyderabad,1,1,1,1,0,0,0,9.8
U09783,2026-01-19,Desktop,Direct,Chennai,1,0,0,0,0,0,0,6.2
U09784,2026-01-01,Tablet,Direct,Delhi,1,1,1,1,0,0,0,14.1
U09785,2026-03-12,Mobile,Email,Hyderabad,1,0,0,0,0,0,0,5.4
U09786,2026-03-15,Desktop,Social Media,Delhi,1,1,0,0,0,0,0,1.5
U09787,2026-03-10,Mobile,Social Media,Other,1,0,0,0,0,0,0,5.6
U09788,2026-01-07,Mobile,Social Media,Hyderabad,1,0,0,0,0,0,0,12.8
U09789,2026-02-23,Mobile,Email,Pune,1,0,0,0,0,0,0,17.7
U09790,2026-02-07,Mobile,Paid Search,Bengaluru,1,0,0,0,0,0,0,4.9
U09791,2026-01-10,Mobile,Email,Hyderabad,1,0,0,0,0,0,0,4.4
U09792,2026-01-24,Mobile,Organic Search,Chennai,1,1,1,0,0,0,0,4.5
U09793,2026-01-06,Mobile,Paid Search,Hyderabad,1,0,0,0,0,0,0,7.6
U09794,2026-02-08,Mobile,Referral,Mumbai,1,1,0,0,0,0,0,5.2
U09795,2026-01-07,Mobile,Direct,Hyderabad,1,1,1,0,0,0,0,0.8
U09796,2026-02-17,Mobile,Social Media,Delhi,1,1,1,1,0,0,0,3
U09797,2026-02-02,Tablet,Organic Search,Chennai,1,1,1,1,0,0,0,5.8
U09798,2026-03-08,Desktop,Direct,Chennai,1,1,1,0,0,0,0,35.5
U09799,2026-02-27,Mobile,Email,Hyderabad,1,1,1,0,0,0,0,8.2
U09800,2026-02-08,Tablet,Paid Search,Bengaluru,1,0,0,0,0,0,0,7.2
U09801,2026-03-05,Desktop,Social Media,Hyderabad,1,1,1,1,1,1,2784.43,13.4
U09802,2026-01-04,Mobile,Paid Search,Delhi,1,0,0,0,0,0,0,8.7
U09803,2026-02-06,Mobile,Social Media,Hyderabad,1,0,0,0,0,0,0,5.4
U09804,2026-03-10,Desktop,Direct,Mumbai,1,0,0,0,0,0,0,6
U09805,2026-01-31,Mobile,Organic Search,Bengaluru,1,1,1,1,1,0,0,7.5
U09806,2026-02-09,Desktop,Organic Search,Mumbai,1,1,1,1,1,1,8422.41,18.8
U09807,2026-02-14,Desktop,Organic Search,Mumbai,1,1,1,0,0,0,0,7.5
U09808,2026-03-27,Desktop,Paid Search,Chennai,1,0,0,0,0,0,0,2.5
U09809,2026-02-10,Tablet,Organic Search,Delhi,1,0,0,0,0,0,0,9.2
U09810,2026-03-13,Mobile,Organic Search,Chennai,1,0,0,0,0,0,0,12.8
U09811,2026-02-01,Mobile,Organic Search,Pune,1,1,0,0,0,0,0,9.9
U09812,2026-03-21,Desktop,Organic Search,Delhi,1,0,0,0,0,0,0,9
U09813,2026-01-14,Mobile,Paid Search,Mumbai,1,0,0,0,0,0,0,10.9
U09814,2026-02-17,Desktop,Organic Search,Pune,1,1,1,0,0,0,0,6.2
U09815,2026-02-14,Tablet,Social Media,Pune,1,1,1,0,0,0,0,17.6
U09816,2026-03-11,Desktop,Social Media,Mumbai,1,1,1,1,1,1,2298.4,8.3
U09817,2026-01-15,Mobile,Organic Search,Hyderabad,1,0,0,0,0,0,0,2.1
U09818,2026-01-11,Mobile,Social Media,Mumbai,1,1,0,0,0,0,0,6.4
U09819,2026-03-31,Mobile,Direct,Bengaluru,1,1,0,0,0,0,0,3.9
U09820,2026-03-26,Mobile,Direct,Mumbai,1,1,1,0,0,0,0,2.6
U09821,2026-01-17,Desktop,Organic Search,Mumbai,1,1,1,1,1,1,3095.2,6.3
U09822,2026-01-27,Desktop,Referral,Mumbai,1,1,1,0,0,0,0,9.3
U09823,2026-01-31,Desktop,Paid Search,Delhi,1,0,0,0,0,0,0,3.3
U09824,2026-03-19,Mobile,Organic Search,Delhi,1,0,0,0,0,0,0,6.2
U09825,2026-02-02,Mobile,Paid Search,Hyderabad,1,1,0,0,0,0,0,2.3
U09826,2026-01-02,Desktop,Paid Search,Hyderabad,1,1,1,1,1,1,1530.74,7.9
U09827,2026-01-23,Mobile,Social Media,Mumbai,1,0,0,0,0,0,0,14.5
U09828,2026-03-03,Mobile,Email,Chennai,1,1,1,1,1,1,1265.26,10.6
U09829,2026-02-23,Desktop,Email,Delhi,1,0,0,0,0,0,0,9.9
U09830,2026-02-06,Desktop,Organic Search,Hyderabad,1,0,0,0,0,0,0,14.1
U09831,2026-03-31,Mobile,Paid Search,Hyderabad,1,0,0,0,0,0,0,10.2
U09832,2026-01-02,Desktop,Paid Search,Mumbai,1,0,0,0,0,0,0,4.1
U09833,2026-02-05,Mobile,Paid Search,Chennai,1,1,0,0,0,0,0,8
U09834,2026-01-13,Tablet,Direct,Bengaluru,1,1,1,0,0,0,0,16.2
U09835,2026-01-04,Mobile,Referral,Chennai,1,1,0,0,0,0,0,1.8
U09836,2026-03-29,Mobile,Direct,Hyderabad,1,1,1,0,0,0,0,13.5
U09837,2026-03-29,Desktop,Email,Hyderabad,1,0,0,0,0,0,0,15.4
U09838,2026-01-11,Mobile,Paid Search,Hyderabad,1,0,0,0,0,0,0,3.6
U09839,2026-02-09,Desktop,Paid Search,Mumbai,1,1,1,1,0,0,0,16.3
U09840,2026-01-17,Desktop,Social Media,Pune,1,1,1,0,0,0,0,2.7
U09841,2026-02-08,Desktop,Paid Search,Bengaluru,1,0,0,0,0,0,0,7.2
U09842,2026-03-28,Tablet,Referral,Hyderabad,1,1,1,0,0,0,0,5.8
U09843,2026-02-08,Mobile,Social Media,Delhi,1,1,1,1,0,0,0,4.1
U09844,2026-03-10,Desktop,Paid Search,Pune,1,0,0,0,0,0,0,2.7
U09845,2026-01-30,Mobile,Referral,Hyderabad,1,0,0,0,0,0,0,4.6
U09846,2026-03-12,Mobile,Direct,Chennai,1,0,0,0,0,0,0,3
U09847,2026-03-03,Desktop,Paid Search,Hyderabad,1,0,0,0,0,0,0,2.3
U09848,2026-03-05,Mobile,Email,Hyderabad,1,1,1,1,0,0,0,9.4
U09849,2026-02-15,Mobile,Organic Search,Mumbai,1,1,1,0,0,0,0,11
U09850,2026-02-24,Mobile,Social Media,Other,1,1,1,0,0,0,0,3.9
U09851,2026-03-02,Desktop,Organic Search,Delhi,1,1,1,0,0,0,0,1.4
U09852,2026-01-02,Tablet,Organic Search,Other,1,1,1,0,0,0,0,7.1
U09853,2026-03-05,Mobile,Social Media,Chennai,1,0,0,0,0,0,0,14.9
U09854,2026-01-30,Mobile,Paid Search,Pune,1,1,1,0,0,0,0,3.9
U09855,2026-02-11,Desktop,Email,Bengaluru,1,1,1,0,0,0,0,11.8
U09856,2026-02-15,Mobile,Direct,Hyderabad,1,1,1,1,1,1,2753.07,14.9
U09857,2026-03-20,Mobile,Organic Search,Delhi,1,0,0,0,0,0,0,7.9
U09858,2026-01-11,Mobile,Email,Bengaluru,1,0,0,0,0,0,0,17
U09859,2026-03-12,Mobile,Social Media,Bengaluru,1,0,0,0,0,0,0,26.6
U09860,2026-01-19,Mobile,Organic Search,Delhi,1,1,1,1,0,0,0,12
U09861,2026-02-26,Desktop,Email,Bengaluru,1,0,0,0,0,0,0,18.9
U09862,2026-03-05,Mobile,Social Media,Mumbai,1,0,0,0,0,0,0,8
U09863,2026-02-07,Tablet,Social Media,Bengaluru,1,1,1,0,0,0,0,13
U09864,2026-01-07,Desktop,Direct,Delhi,1,0,0,0,0,0,0,7.7
U09865,2026-02-05,Desktop,Social Media,Bengaluru,1,0,0,0,0,0,0,11.1
U09866,2026-01-14,Mobile,Direct,Mumbai,1,1,1,1,0,0,0,10.6
U09867,2026-03-29,Mobile,Social Media,Hyderabad,1,0,0,0,0,0,0,1.5
U09868,2026-03-10,Mobile,Organic Search,Delhi,1,0,0,0,0,0,0,1.7
U09869,2026-03-16,Desktop,Social Media,Mumbai,1,0,0,0,0,0,0,4.1
U09870,2026-02-08,Mobile,Organic Search,Hyderabad,1,0,0,0,0,0,0,7
U09871,2026-01-27,Mobile,Social Media,Bengaluru,1,0,0,0,0,0,0,10.1
U09872,2026-01-26,Mobile,Email,Bengaluru,1,1,1,1,0,0,0,7.3
U09873,2026-03-21,Mobile,Social Media,Mumbai,1,0,0,0,0,0,0,4.4
U09874,2026-03-14,Mobile,Organic Search,Mumbai,1,0,0,0,0,0,0,3.1
U09875,2026-03-13,Mobile,Social Media,Bengaluru,1,0,0,0,0,0,0,3
U09876,2026-01-31,Mobile,Organic Search,Delhi,1,0,0,0,0,0,0,6.5
U09877,2026-01-14,Mobile,Email,Pune,1,1,1,0,0,0,0,4.3
U09878,2026-03-01,Mobile,Referral,Hyderabad,1,0,0,0,0,0,0,7.9
U09879,2026-01-08,Desktop,Direct,Chennai,1,0,0,0,0,0,0,6.3
U09880,2026-02-07,Mobile,Organic Search,Mumbai,1,0,0,0,0,0,0,15.1
U09881,2026-02-12,Mobile,Social Media,Mumbai,1,0,0,0,0,0,0,4.7
U09882,2026-02-01,Mobile,Social Media,Hyderabad,1,0,0,0,0,0,0,3.9
U09883,2026-03-25,Mobile,Direct,Bengaluru,1,1,1,0,0,0,0,8.7
U09884,2026-02-14,Tablet,Social Media,Hyderabad,1,0,0,0,0,0,0,4.6
U09885,2026-03-27,Mobile,Organic Search,Mumbai,1,0,0,0,0,0,0,10.4
U09886,2026-03-27,Desktop,Paid Search,Mumbai,1,0,0,0,0,0,0,1.5
U09887,2026-02-28,Desktop,Email,Hyderabad,1,1,1,1,0,0,0,2.6
U09888,2026-01-01,Desktop,Email,Bengaluru,1,0,0,0,0,0,0,2.7
U09889,2026-02-02,Mobile,Direct,Bengaluru,1,0,0,0,0,0,0,8.8
U09890,2026-01-31,Mobile,Organic Search,Pune,1,1,1,0,0,0,0,4.7
U09891,2026-03-20,Desktop,Direct,Hyderabad,1,1,1,1,1,1,3568.76,3.6
U09892,2026-01-06,Mobile,Organic Search,Mumbai,1,0,0,0,0,0,0,4.2
U09893,2026-02-02,Desktop,Direct,Delhi,1,0,0,0,0,0,0,29.3
U09894,2026-03-11,Desktop,Direct,Pune,1,0,0,0,0,0,0,15.1
U09895,2026-03-16,Desktop,Email,Delhi,1,1,1,0,0,0,0,21.1
U09896,2026-02-16,Mobile,Email,Bengaluru,1,1,0,0,0,0,0,9.8
U09897,2026-03-27,Desktop,Organic Search,Pune,1,0,0,0,0,0,0,3.5
U09898,2026-01-18,Desktop,Organic Search,Delhi,1,0,0,0,0,0,0,3
U09899,2026-03-15,Desktop,Organic Search,Delhi,1,1,1,1,1,0,0,5.6
U09900,2026-03-04,Mobile,Organic Search,Hyderabad,1,0,0,0,0,0,0,2.4
U09901,2026-02-11,Mobile,Social Media,Hyderabad,1,0,0,0,0,0,0,7.9
U09902,2026-03-31,Mobile,Organic Search,Delhi,1,1,1,0,0,0,0,7.2
U09903,2026-03-23,Mobile,Direct,Other,1,0,0,0,0,0,0,7.4
U09904,2026-01-08,Mobile,Paid Search,Delhi,1,0,0,0,0,0,0,3.1
U09905,2026-01-06,Desktop,Email,Pune,1,1,1,1,0,0,0,6.1
U09906,2026-03-31,Mobile,Email,Mumbai,1,1,1,0,0,0,0,5
U09907,2026-02-16,Desktop,Paid Search,Bengaluru,1,1,1,0,0,0,0,5.3
U09908,2026-01-31,Mobile,Organic Search,Delhi,1,0,0,0,0,0,0,3.5
U09909,2026-03-24,Mobile,Paid Search,Delhi,1,1,0,0,0,0,0,13.5
U09910,2026-01-27,Mobile,Referral,Delhi,1,1,1,0,0,0,0,12.5
U09911,2026-02-28,Mobile,Social Media,Other,1,0,0,0,0,0,0,7.1
U09912,2026-03-23,Desktop,Paid Search,Bengaluru,1,0,0,0,0,0,0,4.5
U09913,2026-01-04,Mobile,Referral,Hyderabad,1,1,1,1,0,0,0,9.6
U09914,2026-03-28,Mobile,Organic Search,Other,1,0,0,0,0,0,0,6.3
U09915,2026-01-08,Mobile,Email,Hyderabad,1,0,0,0,0,0,0,6.1
U09916,2026-01-24,Tablet,Paid Search,Delhi,1,0,0,0,0,0,0,2.7
U09917,2026-01-05,Mobile,Email,Pune,1,0,0,0,0,0,0,5.4
U09918,2026-02-17,Mobile,Direct,Bengaluru,1,1,0,0,0,0,0,7.6
U09919,2026-03-16,Mobile,Referral,Pune,1,0,0,0,0,0,0,7.4
U09920,2026-01-14,Mobile,Paid Search,Bengaluru,1,0,0,0,0,0,0,5.3
U09921,2026-01-11,Mobile,Organic Search,Delhi,1,1,1,0,0,0,0,5
U09922,2026-03-18,Desktop,Referral,Hyderabad,1,1,1,1,0,0,0,4.5
U09923,2026-01-22,Mobile,Social Media,Mumbai,1,1,1,0,0,0,0,8.5
U09924,2026-01-14,Mobile,Organic Search,Delhi,1,0,0,0,0,0,0,5
U09925,2026-01-20,Mobile,Email,Chennai,1,0,0,0,0,0,0,4.4
U09926,2026-01-01,Mobile,Paid Search,Delhi,1,0,0,0,0,0,0,3.7
U09927,2026-01-21,Mobile,Organic Search,Other,1,0,0,0,0,0,0,14.4
U09928,2026-02-20,Tablet,Direct,Delhi,1,0,0,0,0,0,0,8.4
U09929,2026-03-30,Desktop,Social Media,Other,1,1,1,1,0,0,0,6.9
U09930,2026-02-25,Desktop,Paid Search,Chennai,1,0,0,0,0,0,0,3.2
U09931,2026-02-05,Desktop,Email,Mumbai,1,1,1,0,0,0,0,7
U09932,2026-01-02,Mobile,Direct,Bengaluru,1,1,1,0,0,0,0,15.3
U09933,2026-02-09,Mobile,Organic Search,Other,1,0,0,0,0,0,0,8.5
U09934,2026-01-29,Mobile,Email,Hyderabad,1,0,0,0,0,0,0,7.2
U09935,2026-02-17,Mobile,Referral,Bengaluru,1,0,0,0,0,0,0,5.5
U09936,2026-01-16,Mobile,Organic Search,Bengaluru,1,0,0,0,0,0,0,5.2
U09937,2026-03-14,Mobile,Social Media,Chennai,1,1,1,0,0,0,0,14.1
U09938,2026-01-05,Desktop,Organic Search,Other,1,1,1,0,0,0,0,6.1
U09939,2026-02-26,Desktop,Email,Bengaluru,1,0,0,0,0,0,0,5.9
U09940,2026-01-13,Desktop,Referral,Other,1,0,0,0,0,0,0,8.1
U09941,2026-03-30,Tablet,Organic Search,Chennai,1,0,0,0,0,0,0,5.6
U09942,2026-01-05,Mobile,Referral,Pune,1,1,1,0,0,0,0,12.9
U09943,2026-01-09,Mobile,Referral,Mumbai,1,1,0,0,0,0,0,10.9
U09944,2026-02-18,Desktop,Paid Search,Bengaluru,1,0,0,0,0,0,0,9.6
U09945,2026-01-19,Mobile,Email,Chennai,1,1,1,0,0,0,0,8.6
U09946,2026-01-05,Mobile,Organic Search,Chennai,1,0,0,0,0,0,0,4.3
U09947,2026-01-08,Mobile,Direct,Bengaluru,1,0,0,0,0,0,0,10.8
U09948,2026-01-19,Mobile,Social Media,Bengaluru,1,0,0,0,0,0,0,5.6
U09949,2026-01-03,Mobile,Social Media,Hyderabad,1,1,1,0,0,0,0,6.7
U09950,2026-01-23,Mobile,Email,Bengaluru,1,0,0,0,0,0,0,5.9
U09951,2026-02-12,Mobile,Social Media,Mumbai,1,1,0,0,0,0,0,15.6
U09952,2026-01-10,Desktop,Direct,Chennai,1,0,0,0,0,0,0,8.8
U09953,2026-03-25,Mobile,Social Media,Delhi,1,1,1,1,0,0,0,10.8
U09954,2026-01-21,Mobile,Direct,Other,1,0,0,0,0,0,0,4.7
U09955,2026-01-19,Mobile,Social Media,Bengaluru,1,0,0,0,0,0,0,7.7
U09956,2026-03-19,Mobile,Organic Search,Chennai,1,0,0,0,0,0,0,6.1
U09957,2026-03-07,Desktop,Direct,Hyderabad,1,1,1,1,0,0,0,9.2
U09958,2026-01-26,Desktop,Email,Chennai,1,1,1,0,0,0,0,4.9
U09959,2026-02-06,Desktop,Email,Delhi,1,0,0,0,0,0,0,1.2
U09960,2026-02-09,Mobile,Direct,Bengaluru,1,0,0,0,0,0,0,21.1
U09961,2026-01-24,Mobile,Organic Search,Hyderabad,1,1,0,0,0,0,0,12.7
U09962,2026-01-18,Mobile,Paid Search,Bengaluru,1,0,0,0,0,0,0,12.2
U09963,2026-01-17,Mobile,Organic Search,Pune,1,1,0,0,0,0,0,11.9
U09964,2026-02-12,Mobile,Email,Mumbai,1,1,1,0,0,0,0,7.2
U09965,2026-02-06,Mobile,Referral,Other,1,0,0,0,0,0,0,13.3
U09966,2026-01-19,Mobile,Direct,Other,1,1,0,0,0,0,0,8.5
U09967,2026-03-18,Desktop,Social Media,Hyderabad,1,1,1,1,1,1,3086.56,1.4
U09968,2026-01-20,Mobile,Referral,Hyderabad,1,0,0,0,0,0,0,8.2
U09969,2026-03-22,Desktop,Direct,Chennai,1,0,0,0,0,0,0,7.2
U09970,2026-01-27,Mobile,Email,Mumbai,1,0,0,0,0,0,0,1.9
U09971,2026-01-04,Mobile,Organic Search,Mumbai,1,1,1,0,0,0,0,3.6
U09972,2026-01-31,Tablet,Social Media,Hyderabad,1,1,0,0,0,0,0,4.6
U09973,2026-03-01,Tablet,Direct,Hyderabad,1,0,0,0,0,0,0,2.6
U09974,2026-03-31,Mobile,Direct,Hyderabad,1,0,0,0,0,0,0,2.7
U09975,2026-02-06,Mobile,Email,Pune,1,0,0,0,0,0,0,1.3
U09976,2026-03-06,Mobile,Direct,Other,1,1,0,0,0,0,0,4.1
U09977,2026-01-12,Mobile,Organic Search,Hyderabad,1,0,0,0,0,0,0,12.2
U09978,2026-02-11,Desktop,Organic Search,Bengaluru,1,1,1,1,0,0,0,5.5
U09979,2026-03-21,Tablet,Direct,Hyderabad,1,0,0,0,0,0,0,8.9
U09980,2026-03-29,Desktop,Organic Search,Pune,1,1,1,1,0,0,0,7.6
U09981,2026-02-10,Mobile,Organic Search,Other,1,0,0,0,0,0,0,5.6
U09982,2026-01-24,Mobile,Paid Search,Bengaluru,1,0,0,0,0,0,0,4.9
U09983,2026-02-06,Mobile,Social Media,Bengaluru,1,1,0,0,0,0,0,2.4
U09984,2026-02-12,Desktop,Social Media,Bengaluru,1,1,1,1,0,0,0,5.1
U09985,2026-03-09,Desktop,Paid Search,Chennai,1,1,1,0,0,0,0,9.6
U09986,2026-01-08,Mobile,Direct,Delhi,1,1,1,1,0,0,0,5
U09987,2026-03-21,Mobile,Direct,Chennai,1,0,0,0,0,0,0,11.8
U09988,2026-01-09,Mobile,Paid Search,Other,1,1,1,0,0,0,0,2.5
U09989,2026-03-29,Mobile,Paid Search,Hyderabad,1,1,1,0,0,0,0,3.3
U09990,2026-02-08,Desktop,Email,Delhi,1,1,0,0,0,0,0,12.3
U09991,2026-01-01,Mobile,Email,Bengaluru,1,0,0,0,0,0,0,3.8
U09992,2026-01-03,Mobile,Paid Search,Bengaluru,1,1,1,0,0,0,0,3.6
U09993,2026-01-09,Mobile,Paid Search,Delhi,1,1,1,0,0,0,0,5
U09994,2026-02-17,Desktop,Paid Search,Other,1,1,1,1,1,1,1262.6,1
U09995,2026-02-22,Mobile,Organic Search,Delhi,1,0,0,0,0,0,0,4.4
U09996,2026-02-16,Desktop,Social Media,Delhi,1,1,1,1,1,0,0,5.8
U09997,2026-02-16,Desktop,Email,Delhi,1,0,0,0,0,0,0,2.9
U09998,2026-03-04,Tablet,Email,Bengaluru,1,0,0,0,0,0,0,10.6
U09999,2026-01-11,Mobile,Referral,Delhi,1,1,0,0,0,0,0,11.5
U10000,2026-02-18,Mobile,Paid Search,Delhi,1,1,0,0,0,0,0,12
U10001,2026-02-10,Mobile,Referral,Mumbai,1,0,0,0,0,0,0,2.3
U10002,2026-02-24,Mobile,Organic Search,Mumbai,1,0,0,0,0,0,0,6.3
U10003,2026-01-03,Mobile,Social Media,Delhi,1,0,0,0,0,0,0,4.5
U10004,2026-03-21,Mobile,Referral,Pune,1,0,0,0,0,0,0,4.2
U10005,2026-01-14,Mobile,Email,Bengaluru,1,0,0,0,0,0,0,6.8
U10006,2026-03-08,Desktop,Social Media,Pune,1,0,0,0,0,0,0,4.2
U10007,2026-01-06,Mobile,Email,Pune,1,0,0,0,0,0,0,4.9
U10008,2026-01-16,Desktop,Direct,Bengaluru,1,1,1,1,1,1,3408.77,4.8
U10009,2026-02-21,Desktop,Social Media,Delhi,1,0,0,0,0,0,0,1.7
U10010,2026-02-01,Desktop,Referral,Hyderabad,1,0,0,0,0,0,0,6.4
U10011,2026-02-03,Desktop,Direct,Hyderabad,1,1,1,0,0,0,0,5.7
U10012,2026-03-18,Desktop,Email,Mumbai,1,1,1,1,1,0,0,7.6
U10013,2026-01-18,Tablet,Social Media,Other,1,0,0,0,0,0,0,3.5
U10014,2026-02-22,Mobile,Organic Search,Hyderabad,1,0,0,0,0,0,0,1.8
U10015,2026-02-06,Mobile,Paid Search,Pune,1,1,1,1,1,0,0,27
U10016,2026-03-29,Mobile,Social Media,Chennai,1,0,0,0,0,0,0,6.2
U10017,2026-01-01,Mobile,Referral,Pune,1,1,1,0,0,0,0,11.4
U10018,2026-01-29,Mobile,Paid Search,Pune,1,0,0,0,0,0,0,11.5
U10019,2026-01-14,Mobile,Direct,Pune,1,1,1,0,0,0,0,2.6
U10020,2026-01-24,Mobile,Paid Search,Delhi,1,1,0,0,0,0,0,7
U10021,2026-03-20,Mobile,Email,Pune,1,0,0,0,0,0,0,24
U10022,2026-03-15,Mobile,Paid Search,Hyderabad,1,0,0,0,0,0,0,1.3
U10023,2026-01-24,Desktop,Social Media,Bengaluru,1,1,1,0,0,0,0,6.6
U10024,2026-01-16,Mobile,Referral,Bengaluru,1,0,0,0,0,0,0,1
U10025,2026-01-29,Desktop,Paid Search,Delhi,1,0,0,0,0,0,0,9
U10026,2026-01-09,Mobile,Organic Search,Hyderabad,1,0,0,0,0,0,0,1.1
U10027,2026-02-05,Desktop,Social Media,Hyderabad,1,1,1,0,0,0,0,17.4
U10028,2026-03-16,Desktop,Social Media,Pune,1,1,1,0,0,0,0,6.9
U10029,2026-01-19,Desktop,Referral,Delhi,1,0,0,0,0,0,0,4.3
U10030,2026-01-16,Desktop,Direct,Pune,1,1,1,1,0,0,0,6.9
U10031,2026-01-09,Mobile,Organic Search,Hyderabad,1,1,1,1,0,0,0,8.8
U10032,2026-02-13,Tablet,Social Media,Chennai,1,1,1,0,0,0,0,7.1
U10033,2026-02-22,Desktop,Email,Bengaluru,1,1,1,1,0,0,0,3
U10034,2026-03-16,Desktop,Direct,Hyderabad,1,1,0,0,0,0,0,8
U10035,2026-03-24,Desktop,Direct,Bengaluru,1,1,0,0,0,0,0,0.5
U10036,2026-03-13,Mobile,Email,Bengaluru,1,0,0,0,0,0,0,11.9
U10037,2026-02-12,Desktop,Social Media,Hyderabad,1,0,0,0,0,0,0,3.2
U10038,2026-03-25,Mobile,Organic Search,Mumbai,1,0,0,0,0,0,0,4.6
U10039,2026-02-10,Mobile,Paid Search,Chennai,1,0,0,0,0,0,0,7.1
U10040,2026-01-11,Mobile,Social Media,Hyderabad,1,0,0,0,0,0,0,5.8
U10041,2026-01-13,Tablet,Email,Delhi,1,1,1,0,0,0,0,2.7
U10042,2026-03-22,Mobile,Email,Delhi,1,0,0,0,0,0,0,3.2
U10043,2026-02-12,Mobile,Email,Pune,1,0,0,0,0,0,0,14.2
U10044,2026-02-12,Mobile,Paid Search,Chennai,1,0,0,0,0,0,0,5.4
U10045,2026-03-28,Desktop,Email,Other,1,1,1,0,0,0,0,27.9
U10046,2026-02-23,Mobile,Organic Search,Other,1,0,0,0,0,0,0,9.9
U10047,2026-02-19,Mobile,Organic Search,Mumbai,1,1,1,0,0,0,0,3.2
U10048,2026-01-12,Mobile,Organic Search,Chennai,1,0,0,0,0,0,0,5.6
U10049,2026-03-14,Desktop,Direct,Hyderabad,1,1,1,1,0,0,0,6.6
U10050,2026-03-30,Tablet,Organic Search,Delhi,1,0,0,0,0,0,0,6.1
U10051,2026-03-28,Desktop,Referral,Mumbai,1,0,0,0,0,0,0,6.2
U10052,2026-02-24,Mobile,Organic Search,Other,1,1,1,0,0,0,0,4.2
U10053,2026-02-08,Desktop,Social Media,Mumbai,1,0,0,0,0,0,0,7
U10054,2026-01-09,Mobile,Direct,Other,1,0,0,0,0,0,0,8.3
U10055,2026-03-30,Mobile,Social Media,Pune,1,1,0,0,0,0,0,13.5
U10056,2026-03-30,Mobile,Organic Search,Other,1,1,0,0,0,0,0,2
U10057,2026-01-10,Mobile,Paid Search,Bengaluru,1,1,1,0,0,0,0,9.5
U10058,2026-01-15,Desktop,Direct,Hyderabad,1,1,1,1,1,0,0,6.4
U10059,2026-02-06,Mobile,Paid Search,Delhi,1,1,1,1,1,1,10948.8,1.5
U10060,2026-02-20,Mobile,Social Media,Delhi,1,0,0,0,0,0,0,8.8
U10061,2026-01-03,Mobile,Social Media,Bengaluru,1,1,1,0,0,0,0,6
U10062,2026-01-24,Mobile,Paid Search,Delhi,1,1,1,0,0,0,0,19.5
U10063,2026-03-29,Mobile,Organic Search,Mumbai,1,0,0,0,0,0,0,5.2
U10064,2026-01-09,Mobile,Email,Hyderabad,1,1,1,1,1,1,2342,6.6
U10065,2026-02-02,Mobile,Email,Chennai,1,0,0,0,0,0,0,2.4
U10066,2026-01-14,Desktop,Paid Search,Other,1,0,0,0,0,0,0,4.6
U10067,2026-01-03,Desktop,Referral,Chennai,1,0,0,0,0,0,0,11
U10068,2026-02-25,Desktop,Direct,Delhi,1,0,0,0,0,0,0,4.5
U10069,2026-03-11,Mobile,Direct,Hyderabad,1,1,1,0,0,0,0,5.3
U10070,2026-03-21,Desktop,Organic Search,Delhi,1,0,0,0,0,0,0,2.7
U10071,2026-02-04,Tablet,Paid Search,Other,1,0,0,0,0,0,0,5.4
U10072,2026-01-17,Desktop,Direct,Chennai,1,0,0,0,0,0,0,4.4
U10073,2026-03-10,Desktop,Organic Search,Bengaluru,1,0,0,0,0,0,0,14.3
U10074,2026-03-03,Mobile,Organic Search,Mumbai,1,0,0,0,0,0,0,1.8
U10075,2026-03-27,Tablet,Direct,Other,1,1,1,1,0,0,0,7.4
U10076,2026-01-16,Mobile,Paid Search,Hyderabad,1,0,0,0,0,0,0,7.8
U10077,2026-01-13,Mobile,Paid Search,Chennai,1,0,0,0,0,0,0,2.2
U10078,2026-01-12,Mobile,Paid Search,Hyderabad,1,1,1,0,0,0,0,8.3
U10079,2026-03-15,Mobile,Referral,Chennai,1,1,0,0,0,0,0,2.8
U10080,2026-01-10,Tablet,Paid Search,Mumbai,1,0,0,0,0,0,0,12.5
U10081,2026-02-21,Mobile,Direct,Other,1,1,1,1,0,0,0,4
U10082,2026-03-19,Mobile,Social Media,Chennai,1,1,0,0,0,0,0,8.9
U10083,2026-02-08,Desktop,Social Media,Mumbai,1,0,0,0,0,0,0,5.5
U10084,2026-02-10,Mobile,Paid Search,Pune,1,1,1,0,0,0,0,10
U10085,2026-01-28,Mobile,Organic Search,Bengaluru,1,0,0,0,0,0,0,15.1
U10086,2026-03-27,Mobile,Social Media,Delhi,1,0,0,0,0,0,0,17.2
U10087,2026-03-23,Desktop,Paid Search,Delhi,1,0,0,0,0,0,0,3.1
U10088,2026-03-20,Mobile,Direct,Bengaluru,1,1,1,0,0,0,0,11.3
U10089,2026-01-17,Desktop,Social Media,Hyderabad,1,1,0,0,0,0,0,0.5
U10090,2026-01-02,Mobile,Social Media,Chennai,1,0,0,0,0,0,0,3.9
U10091,2026-03-14,Mobile,Paid Search,Bengaluru,1,0,0,0,0,0,0,15.2
U10092,2026-03-18,Mobile,Referral,Bengaluru,1,0,0,0,0,0,0,3
U10093,2026-03-26,Mobile,Paid Search,Other,1,0,0,0,0,0,0,5
U10094,2026-03-19,Desktop,Paid Search,Chennai,1,1,1,0,0,0,0,3.4
U10095,2026-01-15,Desktop,Direct,Pune,1,1,1,0,0,0,0,11.2
U10096,2026-03-07,Mobile,Social Media,Hyderabad,1,0,0,0,0,0,0,11.6
U10097,2026-02-03,Mobile,Social Media,Other,1,0,0,0,0,0,0,11.4
U10098,2026-03-26,Desktop,Social Media,Delhi,1,1,0,0,0,0,0,10
U10099,2026-02-06,Mobile,Email,Pune,1,1,1,0,0,0,0,6
U10100,2026-02-17,Mobile,Paid Search,Chennai,1,0,0,0,0,0,0,5.8
U10101,2026-01-13,Tablet,Organic Search,Chennai,1,0,0,0,0,0,0,11.6
U10102,2026-02-11,Mobile,Referral,Mumbai,1,0,0,0,0,0,0,14.8
U10103,2026-01-07,Tablet,Organic Search,Delhi,1,1,1,1,0,0,0,7.9
U10104,2026-02-04,Mobile,Email,Pune,1,0,0,0,0,0,0,13.3
U10105,2026-03-29,Desktop,Organic Search,Hyderabad,1,0,0,0,0,0,0,4.6
U10106,2026-03-02,Mobile,Paid Search,Other,1,0,0,0,0,0,0,1.9
U10107,2026-02-24,Mobile,Organic Search,Other,1,0,0,0,0,0,0,9.5
U10108,2026-03-06,Mobile,Social Media,Mumbai,1,1,1,0,0,0,0,3.4
U10109,2026-03-26,Mobile,Email,Hyderabad,1,0,0,0,0,0,0,1.7
U10110,2026-03-25,Mobile,Organic Search,Pune,1,0,0,0,0,0,0,7.9
U10111,2026-01-19,Mobile,Paid Search,Mumbai,1,0,0,0,0,0,0,9
U10112,2026-01-21,Mobile,Direct,Pune,1,0,0,0,0,0,0,10.5
U10113,2026-03-02,Desktop,Paid Search,Pune,1,0,0,0,0,0,0,8
U10114,2026-01-18,Mobile,Referral,Hyderabad,1,1,1,0,0,0,0,3.3
U10115,2026-03-30,Mobile,Direct,Mumbai,1,0,0,0,0,0,0,20.3
U10116,2026-01-20,Mobile,Direct,Chennai,1,0,0,0,0,0,0,2.3
U10117,2026-03-03,Mobile,Direct,Other,1,1,1,0,0,0,0,4.7
U10118,2026-01-31,Mobile,Paid Search,Bengaluru,1,1,0,0,0,0,0,3.3
U10119,2026-01-21,Mobile,Direct,Bengaluru,1,0,0,0,0,0,0,6.5
U10120,2026-02-17,Desktop,Referral,Pune,1,0,0,0,0,0,0,8.9
U10121,2026-03-21,Mobile,Referral,Hyderabad,1,1,1,0,0,0,0,6.1
U10122,2026-01-07,Mobile,Organic Search,Delhi,1,0,0,0,0,0,0,1.6
U10123,2026-02-10,Desktop,Direct,Bengaluru,1,1,1,0,0,0,0,3.9
U10124,2026-02-01,Desktop,Referral,Mumbai,1,1,1,0,0,0,0,3.9
U10125,2026-01-07,Mobile,Referral,Mumbai,1,0,0,0,0,0,0,5.8
U10126,2026-02-09,Desktop,Organic Search,Chennai,1,0,0,0,0,0,0,7.3
U10127,2026-03-17,Mobile,Organic Search,Other,1,0,0,0,0,0,0,10.2
U10128,2026-02-21,Desktop,Direct,Hyderabad,1,1,1,1,0,0,0,5.1
U10129,2026-02-27,Mobile,Social Media,Chennai,1,1,0,0,0,0,0,16.2
U10130,2026-03-23,Desktop,Paid Search,Chennai,1,0,0,0,0,0,0,10.3
U10131,2026-03-18,Tablet,Referral,Mumbai,1,0,0,0,0,0,0,9.7
U10132,2026-01-01,Mobile,Organic Search,Chennai,1,1,1,0,0,0,0,6.1
U10133,2026-02-25,Desktop,Paid Search,Hyderabad,1,1,1,1,1,1,1332.78,8.6
U10134,2026-02-03,Mobile,Paid Search,Other,1,1,1,0,0,0,0,1.1
U10135,2026-03-06,Mobile,Paid Search,Chennai,1,0,0,0,0,0,0,11.9
U10136,2026-03-30,Mobile,Paid Search,Bengaluru,1,0,0,0,0,0,0,19.4
U10137,2026-02-23,Mobile,Organic Search,Chennai,1,0,0,0,0,0,0,7
U10138,2026-01-09,Desktop,Organic Search,Bengaluru,1,1,1,0,0,0,0,6.1
U10139,2026-03-01,Mobile,Email,Hyderabad,1,0,0,0,0,0,0,3.4
U10140,2026-01-21,Mobile,Direct,Hyderabad,1,1,0,0,0,0,0,15.2
U10141,2026-03-12,Mobile,Social Media,Hyderabad,1,0,0,0,0,0,0,5.2
U10142,2026-03-24,Mobile,Paid Search,Hyderabad,1,0,0,0,0,0,0,9.3
U10143,2026-02-02,Tablet,Organic Search,Chennai,1,1,1,1,1,1,2061.9,5.4
U10144,2026-01-28,Mobile,Referral,Mumbai,1,1,0,0,0,0,0,7.6
U10145,2026-02-19,Desktop,Direct,Mumbai,1,0,0,0,0,0,0,3.7
U10146,2026-01-21,Desktop,Paid Search,Hyderabad,1,0,0,0,0,0,0,6.1
U10147,2026-02-24,Desktop,Paid Search,Other,1,1,0,0,0,0,0,14.8
U10148,2026-02-07,Mobile,Social Media,Pune,1,1,1,1,0,0,0,4.5
U10149,2026-01-03,Desktop,Referral,Other,1,1,1,0,0,0,0,14.7
U10150,2026-03-26,Mobile,Social Media,Bengaluru,1,0,0,0,0,0,0,15.5
U10151,2026-01-11,Desktop,Email,Delhi,1,1,1,1,0,0,0,7.7
U10152,2026-02-22,Mobile,Email,Hyderabad,1,1,1,0,0,0,0,7.5
U10153,2026-02-04,Mobile,Direct,Pune,1,1,1,1,0,0,0,7.5
U10154,2026-03-26,Mobile,Organic Search,Hyderabad,1,1,1,1,1,1,2564.37,7.5
U10155,2026-01-31,Desktop,Direct,Bengaluru,1,1,0,0,0,0,0,2.1
U10156,2026-01-08,Mobile,Paid Search,Chennai,1,0,0,0,0,0,0,2.1
U10157,2026-02-01,Mobile,Email,Mumbai,1,0,0,0,0,0,0,0.5
U10158,2026-01-23,Mobile,Social Media,Mumbai,1,1,0,0,0,0,0,13.3
U10159,2026-01-03,Desktop,Social Media,Hyderabad,1,0,0,0,0,0,0,1.9
U10160,2026-01-10,Desktop,Email,Chennai,1,1,1,0,0,0,0,12.2
U10161,2026-02-26,Mobile,Paid Search,Other,1,0,0,0,0,0,0,4
U10162,2026-01-23,Mobile,Organic Search,Pune,1,0,0,0,0,0,0,6.6
U10163,2026-02-08,Mobile,Social Media,Mumbai,1,0,0,0,0,0,0,16.7
U10164,2026-03-10,Mobile,Social Media,Mumbai,1,0,0,0,0,0,0,3.7
U10165,2026-02-12,Desktop,Organic Search,Hyderabad,1,1,1,1,1,1,2723.16,4
U10166,2026-02-09,Mobile,Direct,Bengaluru,1,0,0,0,0,0,0,8.6
U10167,2026-03-08,Mobile,Organic Search,Bengaluru,1,0,0,0,0,0,0,3.8
U10168,2026-02-07,Mobile,Paid Search,Chennai,1,1,1,0,0,0,0,2.7
U10169,2026-02-18,Mobile,Organic Search,Delhi,1,0,0,0,0,0,0,1.2
U10170,2026-02-13,Mobile,Social Media,Chennai,1,1,1,1,1,0,0,5.8
U10171,2026-01-04,Mobile,Paid Search,Hyderabad,1,0,0,0,0,0,0,11.8
U10172,2026-02-25,Mobile,Social Media,Chennai,1,0,0,0,0,0,0,8.8
U10173,2026-01-11,Mobile,Organic Search,Hyderabad,1,0,0,0,0,0,0,7.9
U10174,2026-01-11,Mobile,Organic Search,Delhi,1,1,1,0,0,0,0,11.5
U10175,2026-02-28,Mobile,Referral,Hyderabad,1,1,1,0,0,0,0,6.3
U10176,2026-02-17,Mobile,Email,Chennai,1,1,1,0,0,0,0,16.4
U10177,2026-01-19,Desktop,Paid Search,Delhi,1,0,0,0,0,0,0,2.2
U10178,2026-01-04,Mobile,Organic Search,Bengaluru,1,0,0,0,0,0,0,2.3
U10179,2026-01-31,Desktop,Direct,Hyderabad,1,0,0,0,0,0,0,3.5
U10180,2026-02-05,Desktop,Organic Search,Mumbai,1,1,1,0,0,0,0,5.6
U10181,2026-02-20,Desktop,Direct,Hyderabad,1,1,0,0,0,0,0,8.3
U10182,2026-03-23,Mobile,Social Media,Mumbai,1,0,0,0,0,0,0,7.8
U10183,2026-02-19,Mobile,Paid Search,Delhi,1,0,0,0,0,0,0,8.4
U10184,2026-02-24,Mobile,Email,Bengaluru,1,0,0,0,0,0,0,11.7
U10185,2026-01-03,Desktop,Direct,Chennai,1,1,1,0,0,0,0,18.2
U10186,2026-03-11,Mobile,Paid Search,Other,1,1,0,0,0,0,0,10.6
U10187,2026-01-10,Desktop,Paid Search,Chennai,1,1,1,0,0,0,0,7.4
U10188,2026-03-24,Desktop,Paid Search,Other,1,1,1,0,0,0,0,4
U10189,2026-01-01,Mobile,Direct,Hyderabad,1,1,1,1,0,0,0,2.9
U10190,2026-02-14,Mobile,Email,Delhi,1,0,0,0,0,0,0,25.1
U10191,2026-03-18,Desktop,Organic Search,Mumbai,1,1,0,0,0,0,0,2.9
U10192,2026-02-21,Mobile,Organic Search,Pune,1,0,0,0,0,0,0,13.8
U10193,2026-02-02,Mobile,Organic Search,Hyderabad,1,1,1,0,0,0,0,6.4
U10194,2026-03-25,Desktop,Paid Search,Bengaluru,1,0,0,0,0,0,0,3.7
U10195,2026-03-14,Mobile,Organic Search,Hyderabad,1,0,0,0,0,0,0,11.7
U10196,2026-03-15,Tablet,Email,Other,1,1,1,0,0,0,0,6.3
U10197,2026-03-24,Desktop,Organic Search,Chennai,1,1,1,0,0,0,0,10.1
U10198,2026-01-15,Desktop,Paid Search,Other,1,1,1,0,0,0,0,5.1
U10199,2026-01-24,Mobile,Social Media,Bengaluru,1,1,1,1,0,0,0,4.4
U10200,2026-03-03,Mobile,Paid Search,Hyderabad,1,1,0,0,0,0,0,11.3
U10201,2026-03-26,Mobile,Organic Search,Bengaluru,1,0,0,0,0,0,0,2.4
U10202,2026-02-02,Mobile,Organic Search,Mumbai,1,0,0,0,0,0,0,4.3
U10203,2026-03-04,Mobile,Organic Search,Pune,1,1,1,1,0,0,0,8.4
U10204,2026-01-22,Mobile,Referral,Chennai,1,1,1,1,1,1,2234.95,6.5
U10205,2026-01-27,Mobile,Email,Other,1,0,0,0,0,0,0,8.6
U10206,2026-01-19,Mobile,Organic Search,Bengaluru,1,0,0,0,0,0,0,7.7
U10207,2026-01-11,Desktop,Paid Search,Delhi,1,1,1,1,0,0,0,4.7
U10208,2026-01-13,Mobile,Paid Search,Delhi,1,1,0,0,0,0,0,9.5
U10209,2026-03-12,Mobile,Social Media,Bengaluru,1,0,0,0,0,0,0,1.4
U10210,2026-01-24,Desktop,Social Media,Hyderabad,1,0,0,0,0,0,0,11.7
U10211,2026-02-15,Tablet,Social Media,Bengaluru,1,1,1,0,0,0,0,8.2
U10212,2026-01-25,Mobile,Paid Search,Hyderabad,1,0,0,0,0,0,0,7.6
U10213,2026-03-28,Mobile,Organic Search,Other,1,0,0,0,0,0,0,4.2
U10214,2026-02-20,Mobile,Email,Other,1,0,0,0,0,0,0,4.9
U10215,2026-03-04,Desktop,Direct,Delhi,1,0,0,0,0,0,0,2.7
U10216,2026-02-06,Desktop,Direct,Delhi,1,0,0,0,0,0,0,7.2
U10217,2026-01-22,Desktop,Organic Search,Bengaluru,1,0,0,0,0,0,0,2.4
U10218,2026-01-22,Mobile,Email,Hyderabad,1,0,0,0,0,0,0,12.2
U10219,2026-01-03,Mobile,Email,Pune,1,1,0,0,0,0,0,2.7
U10220,2026-03-16,Mobile,Direct,Mumbai,1,0,0,0,0,0,0,6.8
U10221,2026-02-22,Desktop,Paid Search,Delhi,1,0,0,0,0,0,0,6.6
U10222,2026-01-24,Desktop,Email,Delhi,1,0,0,0,0,0,0,2
U10223,2026-03-30,Tablet,Organic Search,Chennai,1,0,0,0,0,0,0,4.3
U10224,2026-03-23,Mobile,Email,Hyderabad,1,0,0,0,0,0,0,5.3
U10225,2026-02-19,Mobile,Paid Search,Delhi,1,1,0,0,0,0,0,12.9
U10226,2026-02-17,Mobile,Referral,Chennai,1,0,0,0,0,0,0,14.5
U10227,2026-02-20,Desktop,Direct,Pune,1,0,0,0,0,0,0,2.9
U10228,2026-01-28,Desktop,Paid Search,Chennai,1,1,1,0,0,0,0,9.6
U10229,2026-02-08,Mobile,Social Media,Bengaluru,1,0,0,0,0,0,0,5.4
U10230,2026-03-15,Mobile,Organic Search,Hyderabad,1,0,0,0,0,0,0,6.3
U10231,2026-03-31,Mobile,Paid Search,Delhi,1,1,1,0,0,0,0,7.2
U10232,2026-03-29,Mobile,Paid Search,Mumbai,1,1,1,0,0,0,0,3.4
U10233,2026-01-20,Desktop,Organic Search,Chennai,1,1,0,0,0,0,0,8.8
U10234,2026-02-05,Mobile,Direct,Chennai,1,1,0,0,0,0,0,13
U10235,2026-01-23,Desktop,Organic Search,Mumbai,1,1,1,0,0,0,0,3.3
U10236,2026-01-25,Mobile,Email,Bengaluru,1,1,1,1,1,1,4948.26,11.1
U10237,2026-01-08,Desktop,Direct,Bengaluru,1,0,0,0,0,0,0,11.2
U10238,2026-02-23,Mobile,Direct,Bengaluru,1,1,0,0,0,0,0,6.9
U10239,2026-01-06,Desktop,Referral,Chennai,1,0,0,0,0,0,0,4.3
U10240,2026-02-26,Mobile,Organic Search,Chennai,1,0,0,0,0,0,0,7.4
U10241,2026-03-13,Mobile,Referral,Hyderabad,1,0,0,0,0,0,0,8.5
U10242,2026-02-02,Mobile,Paid Search,Chennai,1,0,0,0,0,0,0,6.9
U10243,2026-03-07,Mobile,Direct,Chennai,1,0,0,0,0,0,0,7.3
U10244,2026-02-25,Mobile,Email,Bengaluru,1,0,0,0,0,0,0,1.8
U10245,2026-03-08,Mobile,Referral,Other,1,0,0,0,0,0,0,3.2
U10246,2026-01-02,Tablet,Organic Search,Hyderabad,1,1,1,0,0,0,0,3.9
U10247,2026-03-15,Mobile,Social Media,Mumbai,1,0,0,0,0,0,0,0.8
U10248,2026-03-10,Desktop,Referral,Hyderabad,1,1,1,0,0,0,0,13.3
U10249,2026-02-15,Tablet,Direct,Pune,1,0,0,0,0,0,0,8.3
U10250,2026-02-02,Mobile,Organic Search,Other,1,1,0,0,0,0,0,23.5
U10251,2026-02-16,Desktop,Direct,Chennai,1,0,0,0,0,0,0,0.6
U10252,2026-02-27,Mobile,Organic Search,Pune,1,1,1,1,0,0,0,0.7
U10253,2026-03-27,Mobile,Social Media,Bengaluru,1,1,1,1,0,0,0,8
U10254,2026-03-09,Mobile,Email,Hyderabad,1,1,1,1,1,0,0,8.8
U10255,2026-01-19,Tablet,Organic Search,Bengaluru,1,0,0,0,0,0,0,8.2
U10256,2026-03-15,Mobile,Organic Search,Bengaluru,1,0,0,0,0,0,0,4.9
U10257,2026-01-03,Mobile,Referral,Chennai,1,0,0,0,0,0,0,18.2
U10258,2026-01-08,Mobile,Paid Search,Bengaluru,1,0,0,0,0,0,0,14.7
U10259,2026-03-23,Desktop,Organic Search,Chennai,1,0,0,0,0,0,0,7.3
U10260,2026-01-02,Mobile,Referral,Delhi,1,1,1,0,0,0,0,5.7
U10261,2026-03-15,Desktop,Referral,Bengaluru,1,1,1,0,0,0,0,5.5
U10262,2026-03-25,Desktop,Social Media,Hyderabad,1,0,0,0,0,0,0,3.6
U10263,2026-01-07,Desktop,Organic Search,Chennai,1,1,0,0,0,0,0,16.2
U10264,2026-03-30,Tablet,Organic Search,Chennai,1,0,0,0,0,0,0,10.5
U10265,2026-01-14,Desktop,Email,Hyderabad,1,0,0,0,0,0,0,12.5
U10266,2026-03-15,Mobile,Social Media,Hyderabad,1,1,1,0,0,0,0,20.4
U10267,2026-01-14,Mobile,Email,Chennai,1,1,0,0,0,0,0,2.8
U10268,2026-02-02,Mobile,Referral,Bengaluru,1,1,0,0,0,0,0,5.9
U10269,2026-03-14,Mobile,Paid Search,Pune,1,0,0,0,0,0,0,2.6
U10270,2026-01-19,Mobile,Organic Search,Hyderabad,1,0,0,0,0,0,0,6.1
U10271,2026-01-21,Mobile,Direct,Hyderabad,1,1,0,0,0,0,0,11.4
U10272,2026-02-23,Mobile,Social Media,Chennai,1,1,1,0,0,0,0,10.6
U10273,2026-03-01,Tablet,Social Media,Other,1,0,0,0,0,0,0,6.1
U10274,2026-01-31,Mobile,Direct,Mumbai,1,1,1,0,0,0,0,6.4
U10275,2026-01-03,Tablet,Direct,Bengaluru,1,0,0,0,0,0,0,6.6
U10276,2026-03-09,Mobile,Social Media,Hyderabad,1,0,0,0,0,0,0,10.2
U10277,2026-02-01,Desktop,Paid Search,Chennai,1,1,0,0,0,0,0,4.1
U10278,2026-02-16,Desktop,Direct,Bengaluru,1,0,0,0,0,0,0,5.2
U10279,2026-02-20,Mobile,Email,Mumbai,1,1,0,0,0,0,0,4.1
U10280,2026-03-18,Mobile,Paid Search,Mumbai,1,1,1,0,0,0,0,11.7
U10281,2026-03-23,Mobile,Social Media,Bengaluru,1,1,1,1,0,0,0,7.5
U10282,2026-03-15,Mobile,Paid Search,Hyderabad,1,0,0,0,0,0,0,8.1
U10283,2026-01-17,Tablet,Direct,Delhi,1,1,1,0,0,0,0,7.5
U10284,2026-01-24,Desktop,Social Media,Mumbai,1,1,1,1,1,1,4982.94,9.5
U10285,2026-03-24,Mobile,Referral,Pune,1,0,0,0,0,0,0,16.2
U10286,2026-02-21,Mobile,Referral,Bengaluru,1,0,0,0,0,0,0,4.3
U10287,2026-03-04,Mobile,Referral,Mumbai,1,1,1,0,0,0,0,6
U10288,2026-02-02,Mobile,Email,Hyderabad,1,0,0,0,0,0,0,2.8
U10289,2026-01-06,Mobile,Direct,Bengaluru,1,0,0,0,0,0,0,4.5
U10290,2026-02-23,Mobile,Paid Search,Mumbai,1,0,0,0,0,0,0,5.8
U10291,2026-02-21,Mobile,Organic Search,Pune,1,0,0,0,0,0,0,15.1
U10292,2026-02-09,Mobile,Referral,Bengaluru,1,0,0,0,0,0,0,3.6
U10293,2026-02-18,Mobile,Social Media,Delhi,1,0,0,0,0,0,0,8.9
U10294,2026-02-05,Desktop,Organic Search,Delhi,1,1,1,1,0,0,0,4.3
U10295,2026-01-19,Mobile,Organic Search,Bengaluru,1,1,0,0,0,0,0,4.6
U10296,2026-02-05,Tablet,Organic Search,Pune,1,1,1,0,0,0,0,2.9
U10297,2026-01-01,Desktop,Referral,Chennai,1,0,0,0,0,0,0,1.7
U10298,2026-02-12,Mobile,Email,Mumbai,1,1,1,0,0,0,0,5.5
U10299,2026-03-18,Mobile,Organic Search,Chennai,1,1,1,0,0,0,0,16.4
U10300,2026-01-25,Desktop,Referral,Chennai,1,0,0,0,0,0,0,0.7
U10301,2026-03-17,Desktop,Paid Search,Pune,1,0,0,0,0,0,0,4.9
U10302,2026-01-29,Desktop,Referral,Bengaluru,1,0,0,0,0,0,0,7.1
U10303,2026-03-31,Mobile,Social Media,Hyderabad,1,0,0,0,0,0,0,9.3
U10304,2026-03-13,Tablet,Email,Pune,1,1,0,0,0,0,0,2.9
U10305,2026-01-24,Mobile,Paid Search,Pune,1,0,0,0,0,0,0,5.6
U10306,2026-01-20,Desktop,Paid Search,Bengaluru,1,1,1,1,0,0,0,3.3
U10307,2026-02-16,Desktop,Referral,Hyderabad,1,0,0,0,0,0,0,4.7
U10308,2026-03-25,Mobile,Organic Search,Delhi,1,0,0,0,0,0,0,2.3
U10309,2026-03-06,Desktop,Direct,Hyderabad,1,0,0,0,0,0,0,7.7
U10310,2026-03-29,Mobile,Email,Chennai,1,1,1,0,0,0,0,19.7
U10311,2026-02-26,Tablet,Paid Search,Hyderabad,1,1,1,0,0,0,0,12.9
U10312,2026-01-24,Mobile,Social Media,Mumbai,1,0,0,0,0,0,0,10.4
U10313,2026-03-28,Tablet,Organic Search,Hyderabad,1,0,0,0,0,0,0,15.2
U10314,2026-03-02,Mobile,Social Media,Mumbai,1,0,0,0,0,0,0,11.8
U10315,2026-03-14,Desktop,Direct,Delhi,1,1,1,1,0,0,0,10.6
U10316,2026-03-01,Mobile,Organic Search,Chennai,1,0,0,0,0,0,0,2.9
U10317,2026-01-03,Mobile,Email,Hyderabad,1,1,1,0,0,0,0,9.7
U10318,2026-03-18,Mobile,Paid Search,Hyderabad,1,0,0,0,0,0,0,7.3
U10319,2026-01-09,Desktop,Email,Bengaluru,1,0,0,0,0,0,0,9.9
U10320,2026-01-01,Mobile,Organic Search,Chennai,1,0,0,0,0,0,0,11.2
U10321,2026-01-13,Mobile,Social Media,Mumbai,1,0,0,0,0,0,0,9.9
U10322,2026-01-21,Mobile,Direct,Hyderabad,1,1,1,1,0,0,0,11.6
U10323,2026-03-16,Tablet,Organic Search,Delhi,1,0,0,0,0,0,0,4
U10324,2026-02-06,Mobile,Email,Delhi,1,1,1,0,0,0,0,6.4
U10325,2026-03-18,Mobile,Social Media,Chennai,1,0,0,0,0,0,0,10.2
U10326,2026-02-03,Mobile,Social Media,Bengaluru,1,1,1,0,0,0,0,8.9
U10327,2026-03-06,Mobile,Social Media,Pune,1,0,0,0,0,0,0,4
U10328,2026-02-22,Mobile,Social Media,Delhi,1,0,0,0,0,0,0,11.3
U10329,2026-03-10,Mobile,Organic Search,Other,1,1,1,0,0,0,0,3.1
U10330,2026-01-19,Desktop,Direct,Bengaluru,1,0,0,0,0,0,0,4.9
U10331,2026-03-26,Desktop,Referral,Other,1,0,0,0,0,0,0,2.9
U10332,2026-02-28,Mobile,Organic Search,Hyderabad,1,0,0,0,0,0,0,2.5
U10333,2026-01-05,Mobile,Paid Search,Chennai,1,0,0,0,0,0,0,9.9
U10334,2026-01-04,Desktop,Referral,Chennai,1,1,1,0,0,0,0,4.8
U10335,2026-03-05,Mobile,Direct,Chennai,1,1,1,0,0,0,0,20.8
U10336,2026-03-04,Desktop,Direct,Mumbai,1,0,0,0,0,0,0,1.1
U10337,2026-03-07,Mobile,Direct,Hyderabad,1,1,0,0,0,0,0,7.5
U10338,2026-02-28,Mobile,Organic Search,Pune,1,1,1,1,0,0,0,9.5
U10339,2026-03-09,Mobile,Direct,Mumbai,1,0,0,0,0,0,0,6.7
U10340,2026-01-23,Desktop,Direct,Other,1,0,0,0,0,0,0,5
U10341,2026-03-20,Mobile,Paid Search,Hyderabad,1,0,0,0,0,0,0,8.3
U10342,2026-02-04,Mobile,Paid Search,Mumbai,1,0,0,0,0,0,0,0.5
U10343,2026-02-23,Mobile,Social Media,Chennai,1,0,0,0,0,0,0,2.9
U10344,2026-03-07,Desktop,Email,Chennai,1,0,0,0,0,0,0,11.1
U10345,2026-03-19,Desktop,Paid Search,Delhi,1,0,0,0,0,0,0,16.7
U10346,2026-03-27,Mobile,Organic Search,Bengaluru,1,1,1,0,0,0,0,14.1
U10347,2026-03-04,Mobile,Organic Search,Bengaluru,1,0,0,0,0,0,0,3
U10348,2026-01-23,Tablet,Paid Search,Delhi,1,1,1,0,0,0,0,4
U10349,2026-02-20,Mobile,Paid Search,Mumbai,1,1,1,0,0,0,0,9.9
U10350,2026-01-24,Mobile,Referral,Bengaluru,1,1,0,0,0,0,0,4.4
U10351,2026-01-20,Mobile,Organic Search,Chennai,1,0,0,0,0,0,0,2.1
U10352,2026-01-30,Desktop,Direct,Chennai,1,0,0,0,0,0,0,12.2
U10353,2026-03-24,Mobile,Direct,Delhi,1,0,0,0,0,0,0,6.2
U10354,2026-03-08,Desktop,Direct,Hyderabad,1,1,1,1,0,0,0,9.6
U10355,2026-01-12,Mobile,Email,Mumbai,1,1,0,0,0,0,0,7.5
U10356,2026-02-03,Mobile,Organic Search,Mumbai,1,1,0,0,0,0,0,12.6
U10357,2026-01-05,Desktop,Paid Search,Delhi,1,0,0,0,0,0,0,14.3
U10358,2026-02-16,Mobile,Organic Search,Pune,1,1,1,1,1,1,3834.86,2
U10359,2026-01-07,Mobile,Direct,Chennai,1,1,1,0,0,0,0,18.1
U10360,2026-03-20,Desktop,Paid Search,Bengaluru,1,1,1,1,0,0,0,7.9
U10361,2026-02-27,Desktop,Social Media,Hyderabad,1,1,1,1,1,1,1800.44,4.3
U10362,2026-02-22,Desktop,Referral,Bengaluru,1,0,0,0,0,0,0,3.8
U10363,2026-03-30,Tablet,Direct,Hyderabad,1,1,0,0,0,0,0,9.5
U10364,2026-03-23,Desktop,Referral,Pune,1,1,1,0,0,0,0,16.8
U10365,2026-03-29,Mobile,Email,Pune,1,1,0,0,0,0,0,5.3
U10366,2026-03-29,Mobile,Social Media,Chennai,1,0,0,0,0,0,0,10
U10367,2026-01-10,Desktop,Social Media,Bengaluru,1,1,1,0,0,0,0,5.4
U10368,2026-01-04,Mobile,Organic Search,Hyderabad,1,1,1,0,0,0,0,10.4
U10369,2026-03-03,Mobile,Direct,Pune,1,1,1,1,1,1,2470.76,6.2
U10370,2026-03-12,Mobile,Social Media,Pune,1,0,0,0,0,0,0,9.2
U10371,2026-02-23,Mobile,Organic Search,Bengaluru,1,1,0,0,0,0,0,3.6
U10372,2026-03-31,Desktop,Direct,Mumbai,1,1,1,0,0,0,0,8
U10373,2026-03-10,Mobile,Social Media,Bengaluru,1,0,0,0,0,0,0,8.1
U10374,2026-03-08,Mobile,Direct,Bengaluru,1,1,1,0,0,0,0,6
U10375,2026-03-05,Tablet,Direct,Hyderabad,1,0,0,0,0,0,0,2.6
U10376,2026-03-13,Mobile,Referral,Mumbai,1,1,1,0,0,0,0,10.4
U10377,2026-02-20,Mobile,Organic Search,Hyderabad,1,1,1,1,1,1,5960.53,7.8
U10378,2026-01-20,Mobile,Organic Search,Hyderabad,1,0,0,0,0,0,0,5.3
U10379,2026-02-01,Desktop,Direct,Hyderabad,1,1,1,1,1,1,5631.28,7
U10380,2026-01-17,Desktop,Direct,Bengaluru,1,0,0,0,0,0,0,1.9
U10381,2026-02-07,Desktop,Social Media,Delhi,1,1,1,0,0,0,0,3.4
U10382,2026-03-29,Desktop,Paid Search,Bengaluru,1,0,0,0,0,0,0,6.4
U10383,2026-02-26,Mobile,Organic Search,Pune,1,0,0,0,0,0,0,2.7
U10384,2026-01-25,Desktop,Direct,Bengaluru,1,1,1,0,0,0,0,11
U10385,2026-02-23,Desktop,Organic Search,Bengaluru,1,1,0,0,0,0,0,5.7
U10386,2026-02-09,Mobile,Organic Search,Bengaluru,1,0,0,0,0,0,0,28
U10387,2026-03-16,Mobile,Email,Bengaluru,1,0,0,0,0,0,0,4.7
U10388,2026-03-31,Tablet,Organic Search,Hyderabad,1,0,0,0,0,0,0,4.7
U10389,2026-01-09,Desktop,Direct,Bengaluru,1,1,1,1,1,1,3116.91,4.7
U10390,2026-01-04,Desktop,Organic Search,Pune,1,0,0,0,0,0,0,4.5
U10391,2026-01-24,Desktop,Organic Search,Delhi,1,0,0,0,0,0,0,7
U10392,2026-01-12,Mobile,Social Media,Pune,1,1,1,1,1,0,0,9.4
U10393,2026-02-10,Desktop,Social Media,Hyderabad,1,1,1,1,1,1,3145.24,12.9
U10394,2026-01-07,Mobile,Organic Search,Chennai,1,0,0,0,0,0,0,5.9
U10395,2026-02-17,Mobile,Social Media,Bengaluru,1,1,0,0,0,0,0,4.1
U10396,2026-01-23,Desktop,Paid Search,Delhi,1,1,1,0,0,0,0,4
U10397,2026-03-21,Mobile,Direct,Other,1,0,0,0,0,0,0,1.8
U10398,2026-01-04,Desktop,Organic Search,Pune,1,1,1,1,0,0,0,1.6
U10399,2026-03-01,Mobile,Direct,Hyderabad,1,1,1,1,0,0,0,4.5
U10400,2026-03-07,Mobile,Social Media,Bengaluru,1,0,0,0,0,0,0,17.1
U10401,2026-02-23,Mobile,Organic Search,Hyderabad,1,0,0,0,0,0,0,4.5
U10402,2026-02-14,Mobile,Organic Search,Hyderabad,1,1,1,1,1,0,0,5.1
U10403,2026-02-25,Mobile,Social Media,Hyderabad,1,0,0,0,0,0,0,4.7
U10404,2026-01-15,Mobile,Organic Search,Bengaluru,1,0,0,0,0,0,0,4.5
U10405,2026-02-15,Tablet,Paid Search,Bengaluru,1,0,0,0,0,0,0,9.7
U10406,2026-01-19,Mobile,Organic Search,Chennai,1,0,0,0,0,0,0,5.4
U10407,2026-02-28,Mobile,Email,Chennai,1,0,0,0,0,0,0,11.8
U10408,2026-01-27,Mobile,Social Media,Delhi,1,0,0,0,0,0,0,4.6
U10409,2026-03-29,Mobile,Organic Search,Hyderabad,1,0,0,0,0,0,0,15.3
U10410,2026-02-24,Mobile,Social Media,Hyderabad,1,0,0,0,0,0,0,9.8
U10411,2026-02-24,Desktop,Referral,Mumbai,1,0,0,0,0,0,0,4.5
U10412,2026-03-27,Desktop,Organic Search,Mumbai,1,1,1,1,1,1,1838.59,6.1
U10413,2026-02-27,Mobile,Direct,Hyderabad,1,1,1,0,0,0,0,8.2
U10414,2026-02-20,Mobile,Social Media,Pune,1,0,0,0,0,0,0,4.7
U10415,2026-01-29,Tablet,Direct,Bengaluru,1,1,0,0,0,0,0,9.2
U10416,2026-02-25,Desktop,Organic Search,Bengaluru,1,1,1,1,1,1,1895.63,8.4
U10417,2026-02-07,Desktop,Direct,Chennai,1,1,1,1,0,0,0,5.8
U10418,2026-03-04,Mobile,Email,Bengaluru,1,0,0,0,0,0,0,7.3
U10419,2026-03-03,Mobile,Social Media,Mumbai,1,0,0,0,0,0,0,16.8
U10420,2026-03-02,Mobile,Social Media,Chennai,1,1,1,0,0,0,0,2.5
U10421,2026-02-20,Mobile,Organic Search,Bengaluru,1,0,0,0,0,0,0,5.2
U10422,2026-03-27,Mobile,Direct,Other,1,1,1,1,0,0,0,15.7
U10423,2026-02-08,Mobile,Email,Bengaluru,1,0,0,0,0,0,0,20.6
U10424,2026-03-25,Mobile,Organic Search,Delhi,1,1,1,1,1,1,3020.34,16.3
U10425,2026-03-22,Desktop,Organic Search,Bengaluru,1,0,0,0,0,0,0,9.9
U10426,2026-03-28,Desktop,Organic Search,Chennai,1,0,0,0,0,0,0,10
U10427,2026-03-25,Mobile,Social Media,Bengaluru,1,1,1,0,0,0,0,3.7
U10428,2026-02-23,Desktop,Social Media,Delhi,1,0,0,0,0,0,0,10.1
U10429,2026-02-05,Mobile,Social Media,Delhi,1,0,0,0,0,0,0,2.1
U10430,2026-01-19,Desktop,Paid Search,Hyderabad,1,0,0,0,0,0,0,5.5
U10431,2026-03-09,Mobile,Social Media,Hyderabad,1,0,0,0,0,0,0,3.9
U10432,2026-01-23,Mobile,Social Media,Other,1,0,0,0,0,0,0,5
U10433,2026-03-16,Desktop,Organic Search,Pune,1,1,0,0,0,0,0,4.9
U10434,2026-03-02,Mobile,Paid Search,Chennai,1,1,1,0,0,0,0,10.8
U10435,2026-01-01,Desktop,Organic Search,Chennai,1,1,1,1,0,0,0,4.3
U10436,2026-01-03,Mobile,Direct,Pune,1,0,0,0,0,0,0,11.5
U10437,2026-02-17,Mobile,Email,Hyderabad,1,0,0,0,0,0,0,9
U10438,2026-03-24,Mobile,Direct,Mumbai,1,1,1,0,0,0,0,3.4
U10439,2026-03-12,Mobile,Paid Search,Chennai,1,1,1,0,0,0,0,15.2
U10440,2026-02-16,Mobile,Direct,Delhi,1,1,0,0,0,0,0,8.9
U10441,2026-01-17,Desktop,Social Media,Hyderabad,1,0,0,0,0,0,0,6.7
U10442,2026-01-10,Desktop,Social Media,Mumbai,1,1,1,0,0,0,0,16
U10443,2026-03-03,Desktop,Organic Search,Mumbai,1,0,0,0,0,0,0,10.1
U10444,2026-02-05,Tablet,Email,Pune,1,0,0,0,0,0,0,3.4
U10445,2026-02-07,Mobile,Direct,Delhi,1,1,0,0,0,0,0,4.4
U10446,2026-02-10,Desktop,Organic Search,Pune,1,1,1,0,0,0,0,8.6
U10447,2026-02-12,Mobile,Organic Search,Pune,1,0,0,0,0,0,0,12.8
U10448,2026-03-12,Desktop,Email,Chennai,1,1,1,0,0,0,0,16.1
U10449,2026-03-14,Mobile,Direct,Hyderabad,1,1,1,0,0,0,0,4.4
U10450,2026-03-03,Tablet,Email,Mumbai,1,1,1,0,0,0,0,5.9
U10451,2026-02-26,Desktop,Paid Search,Pune,1,0,0,0,0,0,0,9.9
U10452,2026-01-22,Tablet,Paid Search,Hyderabad,1,0,0,0,0,0,0,4.7
U10453,2026-02-06,Desktop,Paid Search,Mumbai,1,0,0,0,0,0,0,1.6
U10454,2026-01-30,Desktop,Direct,Hyderabad,1,1,1,1,1,1,2125.15,3.5
U10455,2026-02-02,Desktop,Referral,Hyderabad,1,0,0,0,0,0,0,14
U10456,2026-01-22,Mobile,Social Media,Delhi,1,0,0,0,0,0,0,7.5
U10457,2026-02-11,Mobile,Paid Search,Delhi,1,0,0,0,0,0,0,7.3
U10458,2026-01-16,Mobile,Direct,Mumbai,1,0,0,0,0,0,0,9.7
U10459,2026-02-25,Mobile,Email,Pune,1,1,1,0,0,0,0,2.4
U10460,2026-03-08,Mobile,Direct,Hyderabad,1,0,0,0,0,0,0,15.5
U10461,2026-02-15,Mobile,Social Media,Hyderabad,1,1,1,0,0,0,0,22.2
U10462,2026-03-15,Mobile,Referral,Pune,1,0,0,0,0,0,0,5.5
U10463,2026-01-17,Tablet,Referral,Chennai,1,0,0,0,0,0,0,3.9
U10464,2026-03-16,Desktop,Paid Search,Bengaluru,1,1,0,0,0,0,0,5.7
U10465,2026-01-17,Mobile,Direct,Delhi,1,1,1,0,0,0,0,5.6
U10466,2026-03-28,Mobile,Organic Search,Pune,1,1,1,0,0,0,0,3.4
U10467,2026-01-06,Mobile,Referral,Delhi,1,1,1,0,0,0,0,9.4
U10468,2026-02-18,Mobile,Direct,Delhi,1,0,0,0,0,0,0,9
U10469,2026-01-17,Desktop,Paid Search,Bengaluru,1,1,1,0,0,0,0,24.7
U10470,2026-03-05,Mobile,Email,Bengaluru,1,0,0,0,0,0,0,1.1
U10471,2026-03-18,Mobile,Social Media,Pune,1,1,1,0,0,0,0,12.2
U10472,2026-01-19,Desktop,Referral,Mumbai,1,1,1,0,0,0,0,6.1
U10473,2026-03-04,Desktop,Direct,Bengaluru,1,0,0,0,0,0,0,4.7
U10474,2026-01-18,Mobile,Social Media,Mumbai,1,1,1,0,0,0,0,3.9
U10475,2026-02-02,Desktop,Referral,Delhi,1,1,1,1,1,0,0,4.3
U10476,2026-01-02,Mobile,Paid Search,Bengaluru,1,0,0,0,0,0,0,5.3
U10477,2026-03-04,Mobile,Organic Search,Mumbai,1,0,0,0,0,0,0,10.2
U10478,2026-03-30,Mobile,Paid Search,Hyderabad,1,1,1,0,0,0,0,3.8
U10479,2026-01-23,Mobile,Email,Bengaluru,1,1,1,0,0,0,0,9.2
U10480,2026-03-16,Mobile,Organic Search,Delhi,1,1,0,0,0,0,0,5.9
U10481,2026-01-05,Mobile,Email,Hyderabad,1,0,0,0,0,0,0,8.2
U10482,2026-01-16,Desktop,Paid Search,Bengaluru,1,0,0,0,0,0,0,5.9
U10483,2026-01-11,Desktop,Referral,Pune,1,0,0,0,0,0,0,3.8
U10484,2026-03-09,Mobile,Organic Search,Delhi,1,1,1,0,0,0,0,6.2
U10485,2026-01-29,Mobile,Email,Chennai,1,0,0,0,0,0,0,8.3
U10486,2026-01-09,Desktop,Email,Bengaluru,1,1,1,1,1,0,0,17.7
U10487,2026-01-18,Mobile,Direct,Bengaluru,1,0,0,0,0,0,0,3
U10488,2026-01-18,Tablet,Email,Mumbai,1,1,1,1,1,1,542.35,7.7
U10489,2026-02-26,Desktop,Referral,Hyderabad,1,0,0,0,0,0,0,16.2
U10490,2026-02-07,Mobile,Direct,Chennai,1,0,0,0,0,0,0,7
U10491,2026-01-27,Mobile,Email,Chennai,1,0,0,0,0,0,0,7.5
U10492,2026-03-11,Mobile,Paid Search,Chennai,1,1,1,0,0,0,0,7.1
U10493,2026-03-16,Mobile,Direct,Hyderabad,1,1,1,0,0,0,0,6.2
U10494,2026-02-27,Mobile,Email,Hyderabad,1,0,0,0,0,0,0,11
U10495,2026-02-07,Mobile,Paid Search,Other,1,0,0,0,0,0,0,9.6
U10496,2026-01-09,Mobile,Email,Other,1,1,1,0,0,0,0,3.3
U10497,2026-03-18,Mobile,Direct,Chennai,1,1,1,1,1,1,3998.39,17.1
U10498,2026-01-18,Mobile,Direct,Delhi,1,1,1,0,0,0,0,5.2
U10499,2026-03-23,Mobile,Direct,Mumbai,1,0,0,0,0,0,0,8.3
U10500,2026-03-06,Mobile,Paid Search,Hyderabad,1,1,1,1,1,1,6447.03,3.3
U10501,2026-03-28,Mobile,Paid Search,Bengaluru,1,0,0,0,0,0,0,4
U10502,2026-02-06,Mobile,Organic Search,Bengaluru,1,0,0,0,0,0,0,17.4
U10503,2026-02-01,Desktop,Organic Search,Mumbai,1,0,0,0,0,0,0,6.3
U10504,2026-02-23,Mobile,Direct,Mumbai,1,0,0,0,0,0,0,1.8
U10505,2026-01-27,Desktop,Paid Search,Other,1,0,0,0,0,0,0,3.3
U10506,2026-01-18,Mobile,Social Media,Delhi,1,0,0,0,0,0,0,7.7
U10507,2026-02-17,Mobile,Email,Pune,1,0,0,0,0,0,0,5.5
U10508,2026-02-25,Mobile,Referral,Pune,1,1,1,0,0,0,0,1.7
U10509,2026-03-21,Desktop,Organic Search,Pune,1,1,1,0,0,0,0,5.8
U10510,2026-02-07,Mobile,Paid Search,Bengaluru,1,0,0,0,0,0,0,2.3
U10511,2026-02-22,Mobile,Paid Search,Bengaluru,1,0,0,0,0,0,0,9.7
U10512,2026-03-30,Mobile,Paid Search,Mumbai,1,0,0,0,0,0,0,6.2
U10513,2026-02-28,Mobile,Direct,Delhi,1,0,0,0,0,0,0,2.7
U10514,2026-03-04,Mobile,Referral,Chennai,1,0,0,0,0,0,0,9.1
U10515,2026-02-17,Desktop,Social Media,Pune,1,0,0,0,0,0,0,12.9
U10516,2026-01-01,Mobile,Direct,Other,1,1,1,1,1,1,3724.44,5.8
U10517,2026-02-12,Desktop,Paid Search,Mumbai,1,1,1,0,0,0,0,6.4
U10518,2026-01-01,Mobile,Referral,Chennai,1,1,1,0,0,0,0,15.1
U10519,2026-01-10,Desktop,Organic Search,Pune,1,1,1,0,0,0,0,8.9
U10520,2026-01-06,Desktop,Referral,Hyderabad,1,0,0,0,0,0,0,4.4
U10521,2026-01-24,Mobile,Social Media,Hyderabad,1,1,1,0,0,0,0,6.4
U10522,2026-03-11,Desktop,Organic Search,Pune,1,1,1,0,0,0,0,3.8
U10523,2026-01-09,Desktop,Paid Search,Delhi,1,0,0,0,0,0,0,2.5
U10524,2026-02-02,Mobile,Paid Search,Chennai,1,1,0,0,0,0,0,3.2
U10525,2026-01-15,Mobile,Email,Pune,1,1,1,0,0,0,0,7.3
U10526,2026-02-07,Desktop,Organic Search,Bengaluru,1,1,1,1,1,1,1864.18,5.6
U10527,2026-01-08,Mobile,Email,Mumbai,1,0,0,0,0,0,0,7.8
U10528,2026-03-31,Mobile,Email,Mumbai,1,1,1,1,1,0,0,5.5
U10529,2026-03-12,Desktop,Email,Hyderabad,1,1,0,0,0,0,0,7.5
U10530,2026-01-10,Mobile,Referral,Bengaluru,1,0,0,0,0,0,0,7.6
U10531,2026-01-18,Desktop,Organic Search,Other,1,0,0,0,0,0,0,8.9
U10532,2026-01-26,Desktop,Social Media,Hyderabad,1,0,0,0,0,0,0,10.4
U10533,2026-01-04,Tablet,Direct,Hyderabad,1,0,0,0,0,0,0,0.7
U10534,2026-02-10,Mobile,Social Media,Chennai,1,1,1,0,0,0,0,10.8
U10535,2026-03-13,Mobile,Social Media,Hyderabad,1,0,0,0,0,0,0,6.6
U10536,2026-03-30,Mobile,Email,Pune,1,1,0,0,0,0,0,7.4
U10537,2026-03-23,Mobile,Paid Search,Hyderabad,1,1,1,0,0,0,0,21.5
U10538,2026-01-05,Mobile,Email,Mumbai,1,0,0,0,0,0,0,6
U10539,2026-01-04,Mobile,Direct,Bengaluru,1,0,0,0,0,0,0,12.5
U10540,2026-01-08,Mobile,Organic Search,Pune,1,0,0,0,0,0,0,8
U10541,2026-01-02,Mobile,Direct,Mumbai,1,0,0,0,0,0,0,1
U10542,2026-01-03,Mobile,Organic Search,Chennai,1,0,0,0,0,0,0,4.4
U10543,2026-01-30,Desktop,Social Media,Other,1,0,0,0,0,0,0,7.8
U10544,2026-01-07,Desktop,Direct,Hyderabad,1,1,0,0,0,0,0,4.2
U10545,2026-02-13,Desktop,Referral,Mumbai,1,1,1,0,0,0,0,5.1
U10546,2026-01-24,Mobile,Direct,Other,1,1,0,0,0,0,0,4.3
U10547,2026-01-07,Tablet,Direct,Delhi,1,1,1,0,0,0,0,9.6
U10548,2026-01-01,Desktop,Paid Search,Delhi,1,1,1,1,1,1,2869.89,9.9
U10549,2026-01-30,Mobile,Email,Hyderabad,1,0,0,0,0,0,0,5.7
U10550,2026-03-05,Mobile,Paid Search,Hyderabad,1,0,0,0,0,0,0,11.6
U10551,2026-02-27,Mobile,Paid Search,Hyderabad,1,1,1,0,0,0,0,5.2
U10552,2026-03-02,Mobile,Paid Search,Other,1,1,1,1,1,1,1196.6,4.2
U10553,2026-03-11,Mobile,Email,Other,1,0,0,0,0,0,0,9.2
U10554,2026-03-06,Mobile,Social Media,Bengaluru,1,0,0,0,0,0,0,4.7
U10555,2026-03-31,Desktop,Referral,Bengaluru,1,0,0,0,0,0,0,7
U10556,2026-01-31,Mobile,Email,Hyderabad,1,0,0,0,0,0,0,3.2
U10557,2026-03-03,Mobile,Organic Search,Bengaluru,1,0,0,0,0,0,0,7.2
U10558,2026-02-09,Desktop,Email,Bengaluru,1,0,0,0,0,0,0,8
U10559,2026-03-07,Mobile,Paid Search,Delhi,1,1,1,1,1,0,0,16.7
U10560,2026-01-11,Tablet,Social Media,Pune,1,1,1,1,0,0,0,8.2
U10561,2026-02-21,Mobile,Referral,Delhi,1,1,0,0,0,0,0,11.3
U10562,2026-03-02,Tablet,Social Media,Mumbai,1,0,0,0,0,0,0,5.3
U10563,2026-03-03,Mobile,Direct,Delhi,1,0,0,0,0,0,0,2
U10564,2026-02-07,Mobile,Email,Delhi,1,0,0,0,0,0,0,4.8
U10565,2026-03-28,Mobile,Social Media,Chennai,1,1,1,0,0,0,0,5.3
U10566,2026-02-22,Desktop,Referral,Bengaluru,1,0,0,0,0,0,0,3.2
U10567,2026-03-21,Desktop,Organic Search,Bengaluru,1,1,1,0,0,0,0,8
U10568,2026-02-26,Mobile,Organic Search,Delhi,1,0,0,0,0,0,0,14.2
U10569,2026-02-05,Tablet,Organic Search,Other,1,0,0,0,0,0,0,4.2
U10570,2026-03-28,Mobile,Paid Search,Mumbai,1,0,0,0,0,0,0,6.7
U10571,2026-02-23,Desktop,Organic Search,Other,1,1,0,0,0,0,0,5.8
U10572,2026-02-02,Desktop,Direct,Hyderabad,1,0,0,0,0,0,0,8.1
U10573,2026-03-27,Mobile,Social Media,Delhi,1,0,0,0,0,0,0,3.2
U10574,2026-02-08,Mobile,Email,Pune,1,0,0,0,0,0,0,2.5
U10575,2026-03-21,Desktop,Paid Search,Mumbai,1,1,0,0,0,0,0,4.8
U10576,2026-01-04,Desktop,Paid Search,Other,1,0,0,0,0,0,0,5.5
U10577,2026-02-15,Tablet,Paid Search,Mumbai,1,1,1,1,0,0,0,5.1
U10578,2026-03-20,Desktop,Email,Bengaluru,1,0,0,0,0,0,0,2.3
U10579,2026-01-17,Mobile,Social Media,Bengaluru,1,0,0,0,0,0,0,11.2
U10580,2026-01-31,Desktop,Social Media,Mumbai,1,1,1,0,0,0,0,10.1
U10581,2026-02-08,Mobile,Social Media,Other,1,0,0,0,0,0,0,12.4
U10582,2026-01-22,Tablet,Referral,Hyderabad,1,1,0,0,0,0,0,8.7
U10583,2026-03-27,Mobile,Organic Search,Mumbai,1,1,1,1,1,1,2030.57,4.9
U10584,2026-03-05,Mobile,Referral,Delhi,1,1,0,0,0,0,0,2.3
U10585,2026-03-08,Mobile,Social Media,Hyderabad,1,0,0,0,0,0,0,7.7
U10586,2026-01-18,Mobile,Email,Hyderabad,1,0,0,0,0,0,0,8.7
U10587,2026-02-22,Mobile,Paid Search,Bengaluru,1,1,1,0,0,0,0,8.2
U10588,2026-03-01,Desktop,Paid Search,Bengaluru,1,0,0,0,0,0,0,10.6
U10589,2026-03-31,Desktop,Organic Search,Hyderabad,1,1,0,0,0,0,0,10.9
U10590,2026-03-29,Mobile,Direct,Hyderabad,1,1,1,1,0,0,0,17
U10591,2026-03-31,Desktop,Social Media,Hyderabad,1,1,1,0,0,0,0,3.2
U10592,2026-02-05,Desktop,Direct,Mumbai,1,0,0,0,0,0,0,14.1
U10593,2026-03-26,Mobile,Social Media,Delhi,1,1,1,1,1,1,3009.63,13
U10594,2026-02-17,Mobile,Organic Search,Delhi,1,0,0,0,0,0,0,8.1
U10595,2026-03-12,Desktop,Social Media,Mumbai,1,0,0,0,0,0,0,4.7
U10596,2026-03-10,Desktop,Organic Search,Other,1,0,0,0,0,0,0,6.3
U10597,2026-01-31,Mobile,Direct,Pune,1,0,0,0,0,0,0,6.8
U10598,2026-03-20,Mobile,Referral,Other,1,1,1,0,0,0,0,14.7
U10599,2026-01-02,Mobile,Email,Chennai,1,1,0,0,0,0,0,4.5
U10600,2026-01-18,Mobile,Social Media,Pune,1,1,0,0,0,0,0,12.2
U10601,2026-02-25,Mobile,Social Media,Delhi,1,1,1,1,0,0,0,5.5
U10602,2026-01-10,Mobile,Direct,Bengaluru,1,0,0,0,0,0,0,26.5
U10603,2026-02-15,Desktop,Paid Search,Hyderabad,1,1,0,0,0,0,0,6.5
U10604,2026-03-07,Desktop,Referral,Delhi,1,0,0,0,0,0,0,10.2
U10605,2026-01-10,Mobile,Social Media,Hyderabad,1,1,1,1,1,1,2641.01,4.4
U10606,2026-02-28,Mobile,Direct,Bengaluru,1,1,1,0,0,0,0,11.3
U10607,2026-03-17,Desktop,Referral,Chennai,1,0,0,0,0,0,0,3.1
U10608,2026-01-22,Desktop,Direct,Delhi,1,1,1,1,1,1,4149.83,6.3
U10609,2026-01-21,Desktop,Social Media,Other,1,0,0,0,0,0,0,10.1
U10610,2026-02-18,Desktop,Organic Search,Mumbai,1,1,1,1,0,0,0,3.2
U10611,2026-01-03,Mobile,Social Media,Delhi,1,1,1,0,0,0,0,7.4
U10612,2026-02-06,Desktop,Email,Bengaluru,1,1,0,0,0,0,0,10.6
U10613,2026-02-11,Mobile,Referral,Delhi,1,0,0,0,0,0,0,15.1
U10614,2026-01-28,Mobile,Organic Search,Chennai,1,1,1,1,1,1,1761.49,6.4
U10615,2026-03-10,Mobile,Social Media,Pune,1,1,1,1,1,0,0,6.9
U10616,2026-02-24,Mobile,Organic Search,Chennai,1,0,0,0,0,0,0,7.6
U10617,2026-03-10,Tablet,Direct,Chennai,1,0,0,0,0,0,0,0.8
U10618,2026-03-14,Desktop,Organic Search,Chennai,1,0,0,0,0,0,0,10.2
U10619,2026-03-29,Mobile,Email,Pune,1,0,0,0,0,0,0,6.6
U10620,2026-01-31,Mobile,Paid Search,Other,1,0,0,0,0,0,0,7.4
U10621,2026-03-19,Mobile,Paid Search,Bengaluru,1,0,0,0,0,0,0,3.5
U10622,2026-02-20,Mobile,Direct,Chennai,1,1,1,1,1,0,0,4
U10623,2026-01-27,Mobile,Organic Search,Delhi,1,1,0,0,0,0,0,4.7
U10624,2026-01-21,Desktop,Organic Search,Pune,1,1,1,1,1,1,2051.22,21.6
U10625,2026-03-28,Tablet,Organic Search,Chennai,1,1,1,1,1,1,1230.78,11.9
U10626,2026-03-09,Desktop,Social Media,Hyderabad,1,0,0,0,0,0,0,3.2
U10627,2026-01-04,Desktop,Email,Bengaluru,1,0,0,0,0,0,0,3.8
U10628,2026-03-10,Mobile,Paid Search,Mumbai,1,1,0,0,0,0,0,8.4
U10629,2026-01-13,Mobile,Email,Chennai,1,1,1,0,0,0,0,8.3
U10630,2026-02-01,Mobile,Organic Search,Hyderabad,1,0,0,0,0,0,0,3.5
U10631,2026-03-10,Mobile,Direct,Hyderabad,1,0,0,0,0,0,0,8
U10632,2026-01-31,Desktop,Referral,Delhi,1,0,0,0,0,0,0,10.7
U10633,2026-03-01,Mobile,Direct,Other,1,0,0,0,0,0,0,9.3
U10634,2026-01-15,Mobile,Direct,Other,1,0,0,0,0,0,0,3.6
U10635,2026-01-18,Mobile,Paid Search,Delhi,1,1,1,1,0,0,0,6
U10636,2026-01-18,Tablet,Paid Search,Pune,1,1,1,1,1,1,2737.03,13
U10637,2026-01-28,Mobile,Email,Bengaluru,1,0,0,0,0,0,0,9
U10638,2026-01-08,Desktop,Organic Search,Mumbai,1,0,0,0,0,0,0,13.8
U10639,2026-01-28,Desktop,Paid Search,Hyderabad,1,1,0,0,0,0,0,12.3
U10640,2026-03-03,Mobile,Organic Search,Delhi,1,0,0,0,0,0,0,3.4
U10641,2026-03-19,Mobile,Social Media,Other,1,1,1,1,1,1,2640.16,0.7
U10642,2026-03-10,Desktop,Social Media,Pune,1,0,0,0,0,0,0,6.1
U10643,2026-01-18,Mobile,Organic Search,Mumbai,1,0,0,0,0,0,0,14.2
U10644,2026-01-07,Tablet,Organic Search,Delhi,1,0,0,0,0,0,0,7
U10645,2026-03-23,Mobile,Email,Other,1,1,1,1,1,0,0,7.4
U10646,2026-01-19,Mobile,Organic Search,Bengaluru,1,0,0,0,0,0,0,2.3
U10647,2026-03-21,Desktop,Direct,Delhi,1,0,0,0,0,0,0,3.5
U10648,2026-01-15,Desktop,Organic Search,Bengaluru,1,0,0,0,0,0,0,9.9
U10649,2026-02-25,Tablet,Email,Pune,1,1,1,0,0,0,0,2.5
U10650,2026-02-01,Desktop,Paid Search,Hyderabad,1,1,1,1,1,0,0,8.4
U10651,2026-02-12,Tablet,Organic Search,Hyderabad,1,0,0,0,0,0,0,3.8
U10652,2026-01-02,Desktop,Social Media,Delhi,1,0,0,0,0,0,0,1.9
U10653,2026-03-31,Desktop,Social Media,Hyderabad,1,1,0,0,0,0,0,8.3
U10654,2026-01-21,Mobile,Direct,Hyderabad,1,1,1,0,0,0,0,17.5
U10655,2026-03-05,Mobile,Email,Mumbai,1,1,0,0,0,0,0,11.6
U10656,2026-02-06,Tablet,Organic Search,Pune,1,1,1,0,0,0,0,9.4
U10657,2026-01-15,Mobile,Organic Search,Bengaluru,1,1,1,0,0,0,0,2.6
U10658,2026-01-29,Mobile,Paid Search,Pune,1,0,0,0,0,0,0,10
U10659,2026-03-24,Mobile,Organic Search,Pune,1,1,1,0,0,0,0,8.8
U10660,2026-01-31,Mobile,Social Media,Mumbai,1,1,0,0,0,0,0,8
U10661,2026-02-08,Mobile,Direct,Mumbai,1,0,0,0,0,0,0,11.3
U10662,2026-02-27,Mobile,Social Media,Hyderabad,1,0,0,0,0,0,0,5.1
U10663,2026-02-08,Desktop,Email,Bengaluru,1,1,0,0,0,0,0,5.2
U10664,2026-03-29,Mobile,Email,Bengaluru,1,0,0,0,0,0,0,18.4
U10665,2026-01-15,Mobile,Referral,Hyderabad,1,1,1,0,0,0,0,3.9
U10666,2026-02-25,Mobile,Organic Search,Chennai,1,0,0,0,0,0,0,20.6
U10667,2026-01-30,Mobile,Referral,Bengaluru,1,0,0,0,0,0,0,2.2
U10668,2026-01-25,Mobile,Direct,Delhi,1,0,0,0,0,0,0,8.2
U10669,2026-03-01,Desktop,Organic Search,Mumbai,1,1,1,0,0,0,0,9.2
U10670,2026-02-16,Mobile,Paid Search,Other,1,1,0,0,0,0,0,3.9
U10671,2026-03-22,Desktop,Direct,Hyderabad,1,0,0,0,0,0,0,5.2
U10672,2026-02-25,Mobile,Referral,Hyderabad,1,0,0,0,0,0,0,4.1
U10673,2026-01-25,Mobile,Paid Search,Mumbai,1,0,0,0,0,0,0,12.7
U10674,2026-02-15,Mobile,Social Media,Hyderabad,1,0,0,0,0,0,0,12.1
U10675,2026-01-03,Mobile,Paid Search,Delhi,1,0,0,0,0,0,0,9
U10676,2026-01-22,Desktop,Social Media,Chennai,1,0,0,0,0,0,0,4.1
U10677,2026-02-05,Desktop,Paid Search,Chennai,1,1,1,1,1,1,646.55,2.8
U10678,2026-01-05,Mobile,Paid Search,Bengaluru,1,1,1,0,0,0,0,5.9
U10679,2026-02-09,Mobile,Email,Bengaluru,1,0,0,0,0,0,0,2
U10680,2026-03-12,Mobile,Referral,Chennai,1,1,1,0,0,0,0,5.2
U10681,2026-01-27,Mobile,Direct,Hyderabad,1,0,0,0,0,0,0,18.1
U10682,2026-03-20,Tablet,Organic Search,Hyderabad,1,0,0,0,0,0,0,14.3
U10683,2026-03-01,Mobile,Referral,Chennai,1,1,1,0,0,0,0,4.7
U10684,2026-03-04,Desktop,Paid Search,Hyderabad,1,0,0,0,0,0,0,10.7
U10685,2026-03-19,Mobile,Paid Search,Delhi,1,0,0,0,0,0,0,4
U10686,2026-03-17,Mobile,Direct,Bengaluru,1,0,0,0,0,0,0,9.4
U10687,2026-03-20,Mobile,Social Media,Hyderabad,1,1,0,0,0,0,0,2.9
U10688,2026-02-16,Mobile,Organic Search,Bengaluru,1,1,1,0,0,0,0,10.2
U10689,2026-03-31,Desktop,Organic Search,Bengaluru,1,0,0,0,0,0,0,5.4
U10690,2026-02-20,Mobile,Social Media,Hyderabad,1,1,0,0,0,0,0,11.3
U10691,2026-02-13,Desktop,Referral,Hyderabad,1,0,0,0,0,0,0,9.4
U10692,2026-01-27,Mobile,Direct,Bengaluru,1,1,1,1,1,1,4282.33,3.5
U10693,2026-02-22,Tablet,Referral,Bengaluru,1,1,0,0,0,0,0,11.5
U10694,2026-01-05,Mobile,Direct,Pune,1,1,1,0,0,0,0,6.4
U10695,2026-01-22,Desktop,Email,Pune,1,1,1,1,0,0,0,9.9
U10696,2026-02-08,Desktop,Direct,Hyderabad,1,1,0,0,0,0,0,2.8
U10697,2026-01-21,Tablet,Organic Search,Hyderabad,1,1,1,1,1,1,2486.58,9.4
U10698,2026-02-26,Mobile,Direct,Mumbai,1,1,1,0,0,0,0,14.2
U10699,2026-02-19,Desktop,Paid Search,Pune,1,0,0,0,0,0,0,7
U10700,2026-02-09,Mobile,Direct,Other,1,0,0,0,0,0,0,10.2
U10701,2026-02-14,Mobile,Organic Search,Hyderabad,1,0,0,0,0,0,0,9.2
U10702,2026-02-16,Mobile,Email,Chennai,1,0,0,0,0,0,0,1.5
U10703,2026-03-28,Mobile,Email,Delhi,1,0,0,0,0,0,0,5.3
U10704,2026-01-24,Tablet,Direct,Pune,1,0,0,0,0,0,0,8.3
U10705,2026-02-25,Mobile,Referral,Hyderabad,1,0,0,0,0,0,0,12.4
U10706,2026-03-10,Mobile,Paid Search,Delhi,1,1,1,0,0,0,0,2.6
U10707,2026-01-15,Desktop,Social Media,Bengaluru,1,1,1,0,0,0,0,13.8
U10708,2026-02-03,Mobile,Paid Search,Hyderabad,1,0,0,0,0,0,0,13.6
U10709,2026-01-29,Desktop,Organic Search,Chennai,1,0,0,0,0,0,0,5.1
U10710,2026-02-04,Mobile,Organic Search,Hyderabad,1,0,0,0,0,0,0,4.4
U10711,2026-01-25,Mobile,Organic Search,Delhi,1,1,1,0,0,0,0,14.3
U10712,2026-02-22,Mobile,Social Media,Delhi,1,0,0,0,0,0,0,4.4
U10713,2026-02-24,Tablet,Direct,Pune,1,1,1,0,0,0,0,9.5
U10714,2026-03-09,Desktop,Direct,Bengaluru,1,1,1,1,0,0,0,6
U10715,2026-01-26,Tablet,Organic Search,Hyderabad,1,1,1,0,0,0,0,4.4
U10716,2026-02-16,Mobile,Organic Search,Bengaluru,1,0,0,0,0,0,0,5
U10717,2026-01-04,Mobile,Organic Search,Chennai,1,0,0,0,0,0,0,11.1
U10718,2026-02-05,Mobile,Paid Search,Delhi,1,1,1,0,0,0,0,7.6
U10719,2026-01-02,Mobile,Organic Search,Chennai,1,0,0,0,0,0,0,8.2
U10720,2026-02-16,Mobile,Paid Search,Mumbai,1,1,1,1,1,1,8385.79,6.9
U10721,2026-01-16,Desktop,Social Media,Mumbai,1,0,0,0,0,0,0,5.9
U10722,2026-03-19,Mobile,Social Media,Hyderabad,1,0,0,0,0,0,0,19.1
U10723,2026-02-09,Mobile,Social Media,Mumbai,1,1,1,0,0,0,0,1.6
U10724,2026-01-20,Desktop,Paid Search,Chennai,1,1,1,0,0,0,0,3.4
U10725,2026-01-19,Desktop,Email,Pune,1,1,0,0,0,0,0,1.7
U10726,2026-02-22,Mobile,Referral,Delhi,1,1,1,1,0,0,0,5.9
U10727,2026-01-20,Mobile,Paid Search,Hyderabad,1,0,0,0,0,0,0,2.4
U10728,2026-01-05,Mobile,Organic Search,Chennai,1,1,1,0,0,0,0,7.4
U10729,2026-02-23,Mobile,Paid Search,Delhi,1,1,1,0,0,0,0,13
U10730,2026-02-19,Desktop,Organic Search,Hyderabad,1,1,0,0,0,0,0,10.8
U10731,2026-02-15,Mobile,Social Media,Delhi,1,1,1,0,0,0,0,0.8
U10732,2026-02-06,Desktop,Organic Search,Bengaluru,1,0,0,0,0,0,0,13.6
U10733,2026-02-26,Desktop,Social Media,Chennai,1,0,0,0,0,0,0,8.1
U10734,2026-01-15,Mobile,Organic Search,Other,1,0,0,0,0,0,0,9.1
U10735,2026-01-19,Mobile,Email,Mumbai,1,0,0,0,0,0,0,10.3
U10736,2026-03-31,Mobile,Organic Search,Chennai,1,0,0,0,0,0,0,4
U10737,2026-02-24,Desktop,Social Media,Hyderabad,1,0,0,0,0,0,0,3
U10738,2026-02-25,Mobile,Organic Search,Hyderabad,1,0,0,0,0,0,0,6.1
U10739,2026-03-05,Mobile,Organic Search,Mumbai,1,0,0,0,0,0,0,8.3
U10740,2026-01-30,Mobile,Direct,Chennai,1,0,0,0,0,0,0,4
U10741,2026-03-17,Mobile,Email,Bengaluru,1,0,0,0,0,0,0,9.4
U10742,2026-03-24,Desktop,Organic Search,Other,1,1,1,0,0,0,0,15.3
U10743,2026-02-16,Mobile,Email,Bengaluru,1,0,0,0,0,0,0,2.1
U10744,2026-01-09,Mobile,Social Media,Mumbai,1,1,1,1,1,0,0,4.7
U10745,2026-02-05,Mobile,Social Media,Mumbai,1,1,0,0,0,0,0,5.9
U10746,2026-01-05,Mobile,Paid Search,Mumbai,1,0,0,0,0,0,0,7.5
U10747,2026-01-29,Desktop,Direct,Chennai,1,1,1,1,0,0,0,1.3
U10748,2026-03-08,Desktop,Organic Search,Bengaluru,1,1,0,0,0,0,0,18.9
U10749,2026-01-25,Mobile,Paid Search,Other,1,0,0,0,0,0,0,2.4
U10750,2026-03-02,Mobile,Paid Search,Chennai,1,0,0,0,0,0,0,6.2
U10751,2026-03-26,Mobile,Referral,Mumbai,1,1,0,0,0,0,0,7.9
U10752,2026-02-16,Mobile,Direct,Mumbai,1,1,1,0,0,0,0,3.4
U10753,2026-03-01,Mobile,Referral,Hyderabad,1,0,0,0,0,0,0,6.3
U10754,2026-01-10,Desktop,Referral,Delhi,1,1,0,0,0,0,0,21.4
U10755,2026-02-03,Mobile,Direct,Mumbai,1,1,1,1,1,0,0,7.5
U10756,2026-03-26,Desktop,Email,Mumbai,1,1,1,1,0,0,0,8.6
U10757,2026-02-10,Mobile,Referral,Delhi,1,1,0,0,0,0,0,7.4
U10758,2026-01-13,Desktop,Direct,Pune,1,1,1,1,1,1,5781.97,7.4
U10759,2026-01-26,Mobile,Organic Search,Chennai,1,0,0,0,0,0,0,4.9
U10760,2026-01-18,Desktop,Email,Pune,1,1,1,1,1,1,2243.65,1.9
U10761,2026-02-08,Mobile,Email,Bengaluru,1,1,0,0,0,0,0,6.9
U10762,2026-02-26,Mobile,Direct,Delhi,1,0,0,0,0,0,0,11.2
U10763,2026-03-31,Desktop,Direct,Hyderabad,1,0,0,0,0,0,0,8.4
U10764,2026-01-24,Mobile,Referral,Hyderabad,1,0,0,0,0,0,0,4.1
U10765,2026-01-31,Desktop,Direct,Hyderabad,1,0,0,0,0,0,0,8.2
U10766,2026-02-16,Desktop,Social Media,Bengaluru,1,0,0,0,0,0,0,8.3
U10767,2026-02-24,Mobile,Organic Search,Hyderabad,1,1,1,1,0,0,0,9.5
U10768,2026-01-16,Mobile,Organic Search,Mumbai,1,1,1,0,0,0,0,2.5
U10769,2026-01-29,Mobile,Social Media,Bengaluru,1,0,0,0,0,0,0,11.7
U10770,2026-01-12,Mobile,Paid Search,Delhi,1,1,1,1,1,1,6318.53,5
U10771,2026-01-05,Mobile,Social Media,Hyderabad,1,1,0,0,0,0,0,7.7
U10772,2026-02-24,Desktop,Paid Search,Bengaluru,1,0,0,0,0,0,0,11.5
U10773,2026-03-15,Mobile,Direct,Chennai,1,0,0,0,0,0,0,6.3
U10774,2026-02-20,Mobile,Paid Search,Chennai,1,0,0,0,0,0,0,10.7
U10775,2026-03-17,Mobile,Direct,Hyderabad,1,1,1,0,0,0,0,9.5
U10776,2026-01-28,Mobile,Direct,Other,1,0,0,0,0,0,0,3.8
U10777,2026-01-01,Mobile,Social Media,Bengaluru,1,0,0,0,0,0,0,10.1
U10778,2026-02-15,Desktop,Paid Search,Delhi,1,0,0,0,0,0,0,3.7
U10779,2026-02-11,Desktop,Referral,Bengaluru,1,1,1,0,0,0,0,4
U10780,2026-03-31,Mobile,Email,Pune,1,1,1,0,0,0,0,3.6
U10781,2026-03-26,Tablet,Paid Search,Chennai,1,0,0,0,0,0,0,4.6
U10782,2026-02-26,Mobile,Organic Search,Other,1,1,0,0,0,0,0,15.6
U10783,2026-02-18,Desktop,Paid Search,Bengaluru,1,0,0,0,0,0,0,13.2
U10784,2026-03-23,Desktop,Organic Search,Hyderabad,1,1,1,0,0,0,0,9.3
U10785,2026-03-15,Desktop,Paid Search,Mumbai,1,0,0,0,0,0,0,4.8
U10786,2026-01-29,Mobile,Paid Search,Mumbai,1,0,0,0,0,0,0,6.8
U10787,2026-02-23,Mobile,Email,Hyderabad,1,1,0,0,0,0,0,9.3
U10788,2026-02-04,Mobile,Direct,Bengaluru,1,1,1,0,0,0,0,3.6
U10789,2026-02-10,Desktop,Email,Delhi,1,0,0,0,0,0,0,6.6
U10790,2026-01-20,Mobile,Direct,Hyderabad,1,0,0,0,0,0,0,10
U10791,2026-01-09,Desktop,Referral,Chennai,1,0,0,0,0,0,0,4.5
U10792,2026-03-16,Mobile,Email,Mumbai,1,1,1,0,0,0,0,4.7
U10793,2026-03-16,Desktop,Paid Search,Delhi,1,0,0,0,0,0,0,3.4
U10794,2026-02-25,Mobile,Paid Search,Hyderabad,1,1,1,0,0,0,0,1.7
U10795,2026-03-11,Mobile,Referral,Mumbai,1,1,1,1,1,1,2098.16,9.8
U10796,2026-01-22,Mobile,Direct,Hyderabad,1,0,0,0,0,0,0,3.4
U10797,2026-01-04,Mobile,Social Media,Bengaluru,1,1,0,0,0,0,0,2.6
U10798,2026-01-05,Mobile,Organic Search,Chennai,1,0,0,0,0,0,0,14.9
U10799,2026-01-06,Desktop,Referral,Other,1,1,1,0,0,0,0,2.3
U10800,2026-02-21,Mobile,Paid Search,Hyderabad,1,1,0,0,0,0,0,14.7
U10801,2026-02-02,Mobile,Organic Search,Hyderabad,1,0,0,0,0,0,0,10.1
U10802,2026-03-11,Desktop,Referral,Delhi,1,0,0,0,0,0,0,7.6
U10803,2026-03-21,Mobile,Social Media,Bengaluru,1,1,1,0,0,0,0,4.7
U10804,2026-01-03,Tablet,Email,Mumbai,1,0,0,0,0,0,0,3.7
U10805,2026-02-24,Tablet,Direct,Other,1,1,1,1,1,1,2972.12,7.8
U10806,2026-03-21,Mobile,Social Media,Other,1,0,0,0,0,0,0,4.9
U10807,2026-01-13,Mobile,Social Media,Bengaluru,1,0,0,0,0,0,0,7.8
U10808,2026-01-31,Mobile,Paid Search,Chennai,1,0,0,0,0,0,0,11.8
U10809,2026-03-17,Desktop,Paid Search,Other,1,1,1,0,0,0,0,5
U10810,2026-01-23,Mobile,Referral,Hyderabad,1,0,0,0,0,0,0,6.2
U10811,2026-02-27,Desktop,Paid Search,Chennai,1,1,1,1,1,1,5602.48,16.2
U10812,2026-01-08,Desktop,Organic Search,Bengaluru,1,0,0,0,0,0,0,11.3
U10813,2026-03-07,Mobile,Organic Search,Bengaluru,1,0,0,0,0,0,0,1.2
U10814,2026-01-07,Desktop,Social Media,Other,1,0,0,0,0,0,0,3.2
U10815,2026-02-20,Desktop,Social Media,Delhi,1,1,1,1,1,1,3500.69,4
U10816,2026-01-22,Mobile,Email,Chennai,1,0,0,0,0,0,0,21.8
U10817,2026-03-09,Desktop,Social Media,Pune,1,1,1,1,1,1,3068.13,6
U10818,2026-02-14,Desktop,Organic Search,Chennai,1,0,0,0,0,0,0,5.3
U10819,2026-02-07,Mobile,Social Media,Pune,1,0,0,0,0,0,0,8.9
U10820,2026-01-13,Mobile,Direct,Bengaluru,1,1,1,0,0,0,0,3.8
U10821,2026-01-31,Mobile,Organic Search,Bengaluru,1,1,0,0,0,0,0,4.9
U10822,2026-02-20,Mobile,Email,Bengaluru,1,0,0,0,0,0,0,5.2
U10823,2026-01-01,Tablet,Social Media,Mumbai,1,1,1,0,0,0,0,4.2
U10824,2026-01-10,Mobile,Email,Bengaluru,1,0,0,0,0,0,0,7.2
U10825,2026-03-25,Desktop,Organic Search,Hyderabad,1,1,1,1,1,1,8983.83,4.1
U10826,2026-03-10,Mobile,Direct,Other,1,1,1,0,0,0,0,17.6
U10827,2026-01-28,Mobile,Social Media,Other,1,1,1,0,0,0,0,3.6
U10828,2026-02-04,Tablet,Referral,Mumbai,1,1,1,1,1,1,786.21,20.7
U10829,2026-03-01,Desktop,Organic Search,Pune,1,0,0,0,0,0,0,5.6
U10830,2026-02-17,Mobile,Email,Other,1,0,0,0,0,0,0,8.5
U10831,2026-02-19,Mobile,Referral,Delhi,1,0,0,0,0,0,0,7.2
U10832,2026-03-13,Mobile,Paid Search,Mumbai,1,1,0,0,0,0,0,9.8
U10833,2026-02-11,Mobile,Paid Search,Pune,1,1,0,0,0,0,0,8.1
U10834,2026-01-29,Mobile,Email,Mumbai,1,0,0,0,0,0,0,13
U10835,2026-02-14,Mobile,Organic Search,Hyderabad,1,0,0,0,0,0,0,4.8
U10836,2026-01-31,Tablet,Email,Bengaluru,1,1,1,1,0,0,0,2.2
U10837,2026-02-13,Mobile,Organic Search,Chennai,1,0,0,0,0,0,0,13
U10838,2026-01-12,Desktop,Organic Search,Other,1,0,0,0,0,0,0,2.9
U10839,2026-02-06,Desktop,Email,Mumbai,1,0,0,0,0,0,0,7.9
U10840,2026-03-02,Mobile,Organic Search,Pune,1,0,0,0,0,0,0,12.7
U10841,2026-03-13,Desktop,Direct,Delhi,1,0,0,0,0,0,0,6.5
U10842,2026-03-05,Mobile,Direct,Bengaluru,1,0,0,0,0,0,0,3.7
U10843,2026-03-28,Desktop,Social Media,Delhi,1,1,1,0,0,0,0,4
U10844,2026-03-24,Mobile,Referral,Hyderabad,1,1,1,0,0,0,0,4.1
U10845,2026-01-24,Mobile,Direct,Chennai,1,0,0,0,0,0,0,3.3
U10846,2026-03-24,Desktop,Paid Search,Pune,1,1,1,0,0,0,0,2.6
U10847,2026-02-16,Mobile,Referral,Mumbai,1,1,0,0,0,0,0,13.3
U10848,2026-02-03,Desktop,Organic Search,Pune,1,1,0,0,0,0,0,4.3
U10849,2026-01-13,Tablet,Paid Search,Bengaluru,1,1,0,0,0,0,0,9.6
U10850,2026-03-04,Mobile,Social Media,Delhi,1,1,1,1,1,0,0,6.9
U10851,2026-03-20,Mobile,Email,Bengaluru,1,1,1,0,0,0,0,9.4
U10852,2026-02-10,Mobile,Organic Search,Mumbai,1,0,0,0,0,0,0,4.6
U10853,2026-03-08,Desktop,Paid Search,Chennai,1,1,1,0,0,0,0,15.2
U10854,2026-01-27,Desktop,Social Media,Mumbai,1,0,0,0,0,0,0,1.2
U10855,2026-01-26,Mobile,Paid Search,Hyderabad,1,0,0,0,0,0,0,1.7
U10856,2026-02-16,Mobile,Referral,Bengaluru,1,0,0,0,0,0,0,1.3
U10857,2026-01-28,Desktop,Email,Delhi,1,0,0,0,0,0,0,2.9
U10858,2026-03-05,Mobile,Organic Search,Mumbai,1,0,0,0,0,0,0,2.1
U10859,2026-03-27,Desktop,Organic Search,Mumbai,1,1,1,0,0,0,0,3.7
U10860,2026-02-03,Mobile,Social Media,Mumbai,1,1,1,0,0,0,0,2.4
U10861,2026-03-15,Tablet,Social Media,Other,1,0,0,0,0,0,0,8.1
U10862,2026-01-28,Mobile,Organic Search,Other,1,0,0,0,0,0,0,8.3
U10863,2026-03-07,Mobile,Paid Search,Bengaluru,1,1,0,0,0,0,0,10.3
U10864,2026-02-01,Mobile,Paid Search,Bengaluru,1,1,1,0,0,0,0,4.1
U10865,2026-03-05,Mobile,Organic Search,Mumbai,1,1,1,1,1,1,5987.37,5
U10866,2026-01-08,Tablet,Social Media,Hyderabad,1,0,0,0,0,0,0,2.6
U10867,2026-01-26,Mobile,Referral,Bengaluru,1,1,1,1,0,0,0,2.5
U10868,2026-01-20,Desktop,Social Media,Bengaluru,1,1,1,0,0,0,0,4
U10869,2026-03-03,Mobile,Referral,Bengaluru,1,0,0,0,0,0,0,7.9
U10870,2026-02-09,Mobile,Organic Search,Mumbai,1,0,0,0,0,0,0,7.3
U10871,2026-01-19,Mobile,Paid Search,Chennai,1,0,0,0,0,0,0,3.8
U10872,2026-03-21,Desktop,Social Media,Hyderabad,1,0,0,0,0,0,0,2.2
U10873,2026-01-20,Mobile,Email,Pune,1,1,0,0,0,0,0,19.5
U10874,2026-02-04,Mobile,Email,Pune,1,0,0,0,0,0,0,10.6
U10875,2026-03-01,Desktop,Email,Pune,1,1,0,0,0,0,0,10.8
U10876,2026-02-01,Mobile,Email,Chennai,1,1,1,0,0,0,0,7.4
U10877,2026-03-05,Mobile,Organic Search,Hyderabad,1,0,0,0,0,0,0,4.7
U10878,2026-02-10,Mobile,Email,Hyderabad,1,1,1,0,0,0,0,1.8
U10879,2026-03-14,Mobile,Email,Bengaluru,1,0,0,0,0,0,0,2.4
U10880,2026-01-14,Tablet,Direct,Bengaluru,1,0,0,0,0,0,0,3.7
U10881,2026-02-15,Mobile,Email,Pune,1,1,1,1,1,1,3497.85,5.9
U10882,2026-02-12,Mobile,Email,Other,1,0,0,0,0,0,0,13.9
U10883,2026-03-15,Mobile,Social Media,Pune,1,0,0,0,0,0,0,9.8
U10884,2026-03-14,Mobile,Direct,Delhi,1,1,1,1,0,0,0,2.4
U10885,2026-01-27,Mobile,Direct,Mumbai,1,1,1,1,0,0,0,5.2
U10886,2026-02-14,Desktop,Referral,Delhi,1,1,1,1,0,0,0,23.7
U10887,2026-02-22,Mobile,Social Media,Other,1,1,1,0,0,0,0,3.1
U10888,2026-03-10,Mobile,Organic Search,Mumbai,1,0,0,0,0,0,0,5.8
U10889,2026-01-31,Desktop,Email,Hyderabad,1,1,1,0,0,0,0,13.3
U10890,2026-03-23,Mobile,Email,Hyderabad,1,1,1,0,0,0,0,7.4
U10891,2026-02-03,Desktop,Referral,Mumbai,1,0,0,0,0,0,0,4.2
U10892,2026-02-23,Mobile,Organic Search,Bengaluru,1,1,1,0,0,0,0,8.8
U10893,2026-03-17,Desktop,Email,Other,1,0,0,0,0,0,0,6.8
U10894,2026-03-29,Mobile,Paid Search,Mumbai,1,0,0,0,0,0,0,1.7
U10895,2026-02-09,Mobile,Referral,Delhi,1,0,0,0,0,0,0,9.8
U10896,2026-01-08,Mobile,Organic Search,Hyderabad,1,1,1,0,0,0,0,1.6
U10897,2026-01-29,Mobile,Email,Chennai,1,1,0,0,0,0,0,2.7
U10898,2026-03-23,Mobile,Paid Search,Chennai,1,1,1,0,0,0,0,5.7
U10899,2026-01-26,Mobile,Organic Search,Delhi,1,1,1,0,0,0,0,6
U10900,2026-02-28,Mobile,Email,Chennai,1,0,0,0,0,0,0,3
U10901,2026-01-13,Mobile,Organic Search,Other,1,0,0,0,0,0,0,4.6
U10902,2026-03-20,Mobile,Email,Delhi,1,1,1,0,0,0,0,3.9
U10903,2026-01-10,Desktop,Direct,Mumbai,1,1,1,1,1,1,1551.09,17.9
U10904,2026-03-17,Desktop,Direct,Other,1,0,0,0,0,0,0,8.7
U10905,2026-01-09,Mobile,Organic Search,Other,1,1,0,0,0,0,0,11.2
U10906,2026-03-22,Mobile,Referral,Hyderabad,1,0,0,0,0,0,0,11.8
U10907,2026-01-11,Mobile,Paid Search,Pune,1,0,0,0,0,0,0,5.1
U10908,2026-03-27,Mobile,Direct,Hyderabad,1,1,1,0,0,0,0,3.7
U10909,2026-03-31,Desktop,Referral,Chennai,1,1,1,1,1,1,3850.16,1.7
U10910,2026-01-09,Mobile,Organic Search,Hyderabad,1,0,0,0,0,0,0,5.9
U10911,2026-01-06,Mobile,Paid Search,Mumbai,1,0,0,0,0,0,0,6.3
U10912,2026-01-30,Desktop,Paid Search,Chennai,1,0,0,0,0,0,0,5.8
U10913,2026-01-02,Mobile,Referral,Mumbai,1,1,0,0,0,0,0,4.4
U10914,2026-01-19,Desktop,Paid Search,Delhi,1,0,0,0,0,0,0,3.6
U10915,2026-01-15,Desktop,Email,Mumbai,1,1,1,0,0,0,0,3
U10916,2026-03-13,Mobile,Social Media,Bengaluru,1,1,1,0,0,0,0,9.2
U10917,2026-02-26,Mobile,Direct,Pune,1,0,0,0,0,0,0,6.8
U10918,2026-03-01,Mobile,Direct,Mumbai,1,1,1,0,0,0,0,14.9
U10919,2026-03-03,Mobile,Paid Search,Chennai,1,0,0,0,0,0,0,9.3
U10920,2026-01-03,Mobile,Email,Other,1,0,0,0,0,0,0,1.8
U10921,2026-02-15,Desktop,Referral,Bengaluru,1,0,0,0,0,0,0,5.8
U10922,2026-02-23,Mobile,Direct,Mumbai,1,1,1,0,0,0,0,3.9
U10923,2026-01-10,Mobile,Organic Search,Delhi,1,0,0,0,0,0,0,6.6
U10924,2026-02-21,Mobile,Paid Search,Hyderabad,1,1,1,0,0,0,0,3.6
U10925,2026-03-28,Desktop,Paid Search,Bengaluru,1,0,0,0,0,0,0,5.4
U10926,2026-03-31,Mobile,Paid Search,Pune,1,0,0,0,0,0,0,5.3
U10927,2026-01-07,Desktop,Organic Search,Bengaluru,1,1,1,1,1,1,2413.62,2
U10928,2026-01-06,Mobile,Social Media,Chennai,1,1,1,1,0,0,0,3.1
U10929,2026-02-26,Mobile,Email,Mumbai,1,0,0,0,0,0,0,1.5
U10930,2026-03-28,Desktop,Social Media,Delhi,1,0,0,0,0,0,0,1.2
U10931,2026-01-12,Desktop,Email,Delhi,1,0,0,0,0,0,0,5.2
U10932,2026-03-25,Mobile,Organic Search,Pune,1,0,0,0,0,0,0,9.6
U10933,2026-02-10,Mobile,Direct,Chennai,1,1,1,0,0,0,0,2.9
U10934,2026-03-10,Desktop,Direct,Delhi,1,0,0,0,0,0,0,10.2
U10935,2026-03-22,Mobile,Social Media,Delhi,1,1,1,0,0,0,0,15.1
U10936,2026-03-02,Mobile,Direct,Bengaluru,1,1,1,0,0,0,0,8
U10937,2026-01-25,Desktop,Organic Search,Other,1,0,0,0,0,0,0,5.8
U10938,2026-01-04,Mobile,Referral,Pune,1,0,0,0,0,0,0,6.6
U10939,2026-03-23,Mobile,Organic Search,Bengaluru,1,0,0,0,0,0,0,4.9
U10940,2026-01-29,Mobile,Paid Search,Delhi,1,0,0,0,0,0,0,14
U10941,2026-03-04,Desktop,Paid Search,Delhi,1,1,1,1,1,1,3494.12,12.5
U10942,2026-02-05,Desktop,Social Media,Chennai,1,0,0,0,0,0,0,20.4
U10943,2026-02-14,Mobile,Paid Search,Pune,1,1,1,0,0,0,0,12.3
U10944,2026-01-05,Mobile,Email,Delhi,1,0,0,0,0,0,0,3.7
U10945,2026-01-14,Mobile,Paid Search,Mumbai,1,0,0,0,0,0,0,1.8
U10946,2026-01-01,Desktop,Direct,Bengaluru,1,0,0,0,0,0,0,9
U10947,2026-01-16,Mobile,Email,Chennai,1,1,1,1,1,1,1825.18,2
U10948,2026-01-06,Tablet,Organic Search,Chennai,1,0,0,0,0,0,0,4.4
U10949,2026-02-25,Mobile,Paid Search,Delhi,1,1,1,1,0,0,0,8.4
U10950,2026-01-24,Tablet,Referral,Mumbai,1,0,0,0,0,0,0,8.5
U10951,2026-03-21,Mobile,Paid Search,Hyderabad,1,0,0,0,0,0,0,2.3
U10952,2026-01-24,Desktop,Social Media,Bengaluru,1,0,0,0,0,0,0,2.2
U10953,2026-01-13,Mobile,Email,Chennai,1,0,0,0,0,0,0,3.1
U10954,2026-03-03,Mobile,Paid Search,Delhi,1,1,1,0,0,0,0,1
U10955,2026-03-21,Desktop,Paid Search,Delhi,1,0,0,0,0,0,0,8.3
U10956,2026-02-03,Desktop,Social Media,Chennai,1,0,0,0,0,0,0,3.1
U10957,2026-01-29,Mobile,Organic Search,Hyderabad,1,1,1,0,0,0,0,4.6
U10958,2026-01-13,Desktop,Paid Search,Bengaluru,1,0,0,0,0,0,0,11
U10959,2026-01-09,Mobile,Organic Search,Bengaluru,1,0,0,0,0,0,0,7
U10960,2026-03-31,Desktop,Paid Search,Delhi,1,1,1,1,1,0,0,12.7
U10961,2026-03-30,Mobile,Paid Search,Hyderabad,1,0,0,0,0,0,0,7.9
U10962,2026-01-03,Mobile,Direct,Chennai,1,1,1,0,0,0,0,3.5
U10963,2026-02-28,Mobile,Social Media,Delhi,1,0,0,0,0,0,0,5.4
U10964,2026-01-04,Mobile,Referral,Other,1,0,0,0,0,0,0,4.2
U10965,2026-02-14,Desktop,Organic Search,Other,1,1,1,0,0,0,0,5.3
U10966,2026-03-28,Mobile,Organic Search,Other,1,1,1,0,0,0,0,8.1
U10967,2026-03-13,Mobile,Referral,Delhi,1,0,0,0,0,0,0,4.9
U10968,2026-02-07,Mobile,Social Media,Delhi,1,1,0,0,0,0,0,5.6
U10969,2026-02-17,Desktop,Organic Search,Delhi,1,0,0,0,0,0,0,13
U10970,2026-01-12,Mobile,Paid Search,Pune,1,0,0,0,0,0,0,14
U10971,2026-02-14,Mobile,Social Media,Other,1,1,1,1,0,0,0,10
U10972,2026-03-17,Tablet,Referral,Chennai,1,0,0,0,0,0,0,12.3
U10973,2026-01-21,Mobile,Organic Search,Chennai,1,0,0,0,0,0,0,12.3
U10974,2026-03-24,Desktop,Social Media,Chennai,1,1,0,0,0,0,0,8
U10975,2026-03-17,Desktop,Email,Mumbai,1,0,0,0,0,0,0,9.1
U10976,2026-03-03,Mobile,Direct,Delhi,1,0,0,0,0,0,0,1.4
U10977,2026-02-27,Tablet,Referral,Pune,1,0,0,0,0,0,0,8
U10978,2026-02-27,Desktop,Paid Search,Chennai,1,1,1,0,0,0,0,5.9
U10979,2026-03-17,Mobile,Email,Bengaluru,1,0,0,0,0,0,0,3.3
U10980,2026-01-30,Mobile,Referral,Other,1,0,0,0,0,0,0,14.4
U10981,2026-03-16,Desktop,Email,Bengaluru,1,1,1,1,0,0,0,15.9
U10982,2026-01-19,Mobile,Referral,Bengaluru,1,1,1,1,0,0,0,9
U10983,2026-02-11,Desktop,Direct,Delhi,1,0,0,0,0,0,0,5.3
U10984,2026-02-20,Mobile,Organic Search,Hyderabad,1,1,1,0,0,0,0,10.5
U10985,2026-03-31,Mobile,Organic Search,Chennai,1,1,1,0,0,0,0,4.4
U10986,2026-02-28,Mobile,Referral,Bengaluru,1,0,0,0,0,0,0,7
U10987,2026-01-23,Mobile,Paid Search,Hyderabad,1,1,0,0,0,0,0,11.8
U10988,2026-02-13,Mobile,Organic Search,Mumbai,1,1,1,0,0,0,0,11.5
U10989,2026-01-03,Desktop,Paid Search,Bengaluru,1,0,0,0,0,0,0,16.1
U10990,2026-03-16,Desktop,Referral,Chennai,1,0,0,0,0,0,0,3.2
U10991,2026-02-22,Desktop,Organic Search,Hyderabad,1,1,1,0,0,0,0,4.8
U10992,2026-02-16,Mobile,Email,Delhi,1,0,0,0,0,0,0,9.3
U10993,2026-02-12,Desktop,Organic Search,Bengaluru,1,1,1,1,0,0,0,4.9
U10994,2026-03-27,Mobile,Organic Search,Bengaluru,1,0,0,0,0,0,0,10.3
U10995,2026-01-15,Desktop,Paid Search,Bengaluru,1,1,1,0,0,0,0,12.8
U10996,2026-03-03,Mobile,Organic Search,Chennai,1,1,0,0,0,0,0,1.7
U10997,2026-02-03,Tablet,Referral,Chennai,1,1,1,0,0,0,0,3
U10998,2026-02-01,Desktop,Direct,Mumbai,1,0,0,0,0,0,0,3.7
U10999,2026-03-05,Mobile,Referral,Other,1,1,1,0,0,0,0,1.9
U11000,2026-01-03,Mobile,Organic Search,Other,1,0,0,0,0,0,0,10
U11001,2026-03-15,Mobile,Social Media,Mumbai,1,1,1,0,0,0,0,4.9
U11002,2026-03-07,Mobile,Organic Search,Hyderabad,1,0,0,0,0,0,0,8.9
U11003,2026-03-27,Mobile,Paid Search,Mumbai,1,1,1,1,1,1,3606.54,2.6
U11004,2026-03-09,Mobile,Social Media,Hyderabad,1,0,0,0,0,0,0,20.7
U11005,2026-01-24,Mobile,Email,Delhi,1,1,1,1,1,1,1668.18,3
U11006,2026-01-30,Tablet,Organic Search,Chennai,1,1,1,0,0,0,0,1
U11007,2026-02-12,Desktop,Paid Search,Pune,1,1,1,0,0,0,0,12.5
U11008,2026-03-06,Desktop,Direct,Other,1,0,0,0,0,0,0,9.3
U11009,2026-03-24,Desktop,Paid Search,Chennai,1,0,0,0,0,0,0,4.9
U11010,2026-01-28,Mobile,Direct,Chennai,1,0,0,0,0,0,0,14.5
U11011,2026-02-21,Mobile,Direct,Mumbai,1,0,0,0,0,0,0,6.4
U11012,2026-01-16,Desktop,Social Media,Hyderabad,1,0,0,0,0,0,0,10.9
U11013,2026-01-21,Tablet,Paid Search,Other,1,0,0,0,0,0,0,9.2
U11014,2026-02-19,Mobile,Referral,Chennai,1,1,0,0,0,0,0,13.7
U11015,2026-02-10,Desktop,Organic Search,Hyderabad,1,0,0,0,0,0,0,3
U11016,2026-02-01,Tablet,Paid Search,Delhi,1,1,1,0,0,0,0,7.7
U11017,2026-03-06,Desktop,Referral,Bengaluru,1,0,0,0,0,0,0,5
U11018,2026-03-07,Tablet,Paid Search,Hyderabad,1,1,1,1,1,1,3479.5,8.8
U11019,2026-03-01,Mobile,Organic Search,Mumbai,1,0,0,0,0,0,0,3.1
U11020,2026-01-31,Tablet,Email,Delhi,1,1,1,1,1,1,6146.47,2.3
U11021,2026-01-18,Desktop,Email,Mumbai,1,0,0,0,0,0,0,19.9
U11022,2026-01-17,Mobile,Organic Search,Mumbai,1,0,0,0,0,0,0,11.1
U11023,2026-01-08,Desktop,Paid Search,Hyderabad,1,0,0,0,0,0,0,0.5
U11024,2026-01-10,Mobile,Organic Search,Chennai,1,0,0,0,0,0,0,13.1
U11025,2026-03-01,Mobile,Paid Search,Bengaluru,1,0,0,0,0,0,0,3.8
U11026,2026-02-24,Mobile,Referral,Other,1,1,1,0,0,0,0,1.5
U11027,2026-03-01,Mobile,Email,Hyderabad,1,0,0,0,0,0,0,3.2
U11028,2026-03-21,Mobile,Email,Bengaluru,1,1,0,0,0,0,0,4.2
U11029,2026-01-24,Desktop,Organic Search,Other,1,1,1,0,0,0,0,4.3
U11030,2026-01-05,Mobile,Organic Search,Other,1,1,0,0,0,0,0,14.4
U11031,2026-03-30,Mobile,Organic Search,Pune,1,0,0,0,0,0,0,7.2
U11032,2026-03-17,Mobile,Paid Search,Hyderabad,1,0,0,0,0,0,0,3.6
U11033,2026-03-09,Mobile,Organic Search,Mumbai,1,0,0,0,0,0,0,9
U11034,2026-02-05,Desktop,Paid Search,Chennai,1,0,0,0,0,0,0,5.4
U11035,2026-03-06,Desktop,Organic Search,Pune,1,0,0,0,0,0,0,7.8
U11036,2026-02-04,Tablet,Referral,Hyderabad,1,0,0,0,0,0,0,6.6
U11037,2026-03-24,Mobile,Referral,Hyderabad,1,0,0,0,0,0,0,8
U11038,2026-01-24,Mobile,Social Media,Chennai,1,1,1,0,0,0,0,5
U11039,2026-01-06,Tablet,Organic Search,Hyderabad,1,0,0,0,0,0,0,5.8
U11040,2026-03-16,Desktop,Direct,Delhi,1,0,0,0,0,0,0,4.1
U11041,2026-02-21,Mobile,Direct,Pune,1,0,0,0,0,0,0,14.4
U11042,2026-03-07,Desktop,Organic Search,Delhi,1,1,1,0,0,0,0,6.9
U11043,2026-01-14,Tablet,Email,Chennai,1,1,0,0,0,0,0,6.5
U11044,2026-02-09,Desktop,Referral,Pune,1,1,0,0,0,0,0,4
U11045,2026-03-19,Mobile,Social Media,Hyderabad,1,1,1,0,0,0,0,2.8
U11046,2026-02-03,Desktop,Paid Search,Bengaluru,1,1,1,0,0,0,0,7.3
U11047,2026-01-01,Mobile,Social Media,Chennai,1,0,0,0,0,0,0,9.6
U11048,2026-01-23,Mobile,Social Media,Hyderabad,1,0,0,0,0,0,0,2.1
U11049,2026-01-01,Mobile,Paid Search,Hyderabad,1,1,1,0,0,0,0,4.5
U11050,2026-02-13,Mobile,Direct,Chennai,1,1,1,0,0,0,0,4.6
U11051,2026-02-16,Mobile,Email,Other,1,1,1,0,0,0,0,11.5
U11052,2026-01-28,Mobile,Organic Search,Other,1,1,0,0,0,0,0,8.1
U11053,2026-03-28,Desktop,Social Media,Chennai,1,0,0,0,0,0,0,15.7
U11054,2026-01-28,Desktop,Email,Hyderabad,1,1,1,0,0,0,0,6.2
U11055,2026-03-10,Tablet,Organic Search,Hyderabad,1,0,0,0,0,0,0,17.4
U11056,2026-03-21,Mobile,Paid Search,Bengaluru,1,0,0,0,0,0,0,12.1
U11057,2026-01-20,Mobile,Direct,Bengaluru,1,0,0,0,0,0,0,9.3
U11058,2026-02-21,Tablet,Social Media,Hyderabad,1,1,1,0,0,0,0,14.4
U11059,2026-02-17,Mobile,Organic Search,Delhi,1,0,0,0,0,0,0,1.5
U11060,2026-03-25,Desktop,Organic Search,Mumbai,1,0,0,0,0,0,0,19.3
U11061,2026-01-17,Desktop,Social Media,Bengaluru,1,1,1,0,0,0,0,6.3
U11062,2026-03-05,Mobile,Social Media,Delhi,1,0,0,0,0,0,0,25.2
U11063,2026-01-05,Desktop,Paid Search,Delhi,1,0,0,0,0,0,0,15.7
U11064,2026-03-01,Desktop,Email,Chennai,1,1,1,0,0,0,0,3.3
U11065,2026-02-26,Mobile,Organic Search,Hyderabad,1,1,1,1,1,1,6984.14,13
U11066,2026-01-20,Mobile,Organic Search,Other,1,0,0,0,0,0,0,8.9
U11067,2026-03-10,Mobile,Social Media,Delhi,1,1,1,1,1,1,5839.76,14.6
U11068,2026-03-08,Mobile,Organic Search,Bengaluru,1,0,0,0,0,0,0,10.6
U11069,2026-03-30,Mobile,Direct,Mumbai,1,0,0,0,0,0,0,8.6
U11070,2026-02-03,Mobile,Organic Search,Chennai,1,0,0,0,0,0,0,5.9
U11071,2026-02-19,Mobile,Email,Mumbai,1,0,0,0,0,0,0,7.6
U11072,2026-01-01,Desktop,Paid Search,Chennai,1,1,1,0,0,0,0,10.4
U11073,2026-01-02,Mobile,Paid Search,Chennai,1,0,0,0,0,0,0,8.9
U11074,2026-03-15,Mobile,Referral,Delhi,1,0,0,0,0,0,0,5.2
U11075,2026-01-18,Mobile,Social Media,Mumbai,1,0,0,0,0,0,0,3.5
U11076,2026-01-13,Mobile,Email,Hyderabad,1,1,0,0,0,0,0,12.8
U11077,2026-01-22,Mobile,Social Media,Hyderabad,1,0,0,0,0,0,0,7.6
U11078,2026-01-07,Mobile,Social Media,Bengaluru,1,1,1,1,1,1,2463.45,7.3
U11079,2026-02-01,Mobile,Referral,Chennai,1,1,0,0,0,0,0,3.7
U11080,2026-03-07,Desktop,Social Media,Bengaluru,1,1,1,1,1,1,2727.72,3
U11081,2026-02-12,Tablet,Social Media,Mumbai,1,1,1,1,1,1,3197.05,7.9
U11082,2026-02-24,Mobile,Referral,Hyderabad,1,0,0,0,0,0,0,8.2
U11083,2026-02-06,Mobile,Direct,Delhi,1,0,0,0,0,0,0,13.2
U11084,2026-02-18,Mobile,Paid Search,Delhi,1,1,1,0,0,0,0,7
U11085,2026-03-09,Desktop,Social Media,Hyderabad,1,0,0,0,0,0,0,5.7
U11086,2026-02-16,Mobile,Organic Search,Mumbai,1,0,0,0,0,0,0,15.6
U11087,2026-01-31,Desktop,Paid Search,Other,1,0,0,0,0,0,0,8.6
U11088,2026-03-13,Mobile,Paid Search,Hyderabad,1,1,1,0,0,0,0,3.7
U11089,2026-03-18,Mobile,Referral,Other,1,0,0,0,0,0,0,8.8
U11090,2026-03-05,Desktop,Social Media,Mumbai,1,0,0,0,0,0,0,4.1
U11091,2026-03-07,Tablet,Email,Mumbai,1,1,0,0,0,0,0,3.4
U11092,2026-01-04,Desktop,Organic Search,Hyderabad,1,0,0,0,0,0,0,9.3
U11093,2026-01-30,Mobile,Social Media,Delhi,1,1,0,0,0,0,0,8.3
U11094,2026-02-23,Mobile,Direct,Chennai,1,0,0,0,0,0,0,15
U11095,2026-01-30,Mobile,Organic Search,Delhi,1,0,0,0,0,0,0,10.4
U11096,2026-02-14,Mobile,Organic Search,Pune,1,0,0,0,0,0,0,2.3
U11097,2026-01-17,Desktop,Paid Search,Mumbai,1,0,0,0,0,0,0,3.2
U11098,2026-03-21,Desktop,Email,Bengaluru,1,1,1,1,1,0,0,5.7
U11099,2026-01-03,Desktop,Social Media,Hyderabad,1,1,1,0,0,0,0,0.7
U11100,2026-01-28,Tablet,Social Media,Hyderabad,1,0,0,0,0,0,0,4.1
U11101,2026-03-06,Mobile,Email,Pune,1,1,1,0,0,0,0,5.5
U11102,2026-03-30,Desktop,Paid Search,Hyderabad,1,0,0,0,0,0,0,5
U11103,2026-01-31,Desktop,Referral,Chennai,1,0,0,0,0,0,0,7.8
U11104,2026-02-16,Mobile,Organic Search,Bengaluru,1,1,0,0,0,0,0,5.7
U11105,2026-01-13,Desktop,Paid Search,Pune,1,0,0,0,0,0,0,2
U11106,2026-01-23,Mobile,Email,Chennai,1,1,1,1,1,1,713.07,20.8
U11107,2026-01-04,Desktop,Referral,Other,1,0,0,0,0,0,0,5.2
U11108,2026-03-13,Mobile,Referral,Delhi,1,0,0,0,0,0,0,5.2
U11109,2026-02-26,Mobile,Email,Pune,1,1,1,1,0,0,0,4.2
U11110,2026-03-24,Desktop,Paid Search,Hyderabad,1,0,0,0,0,0,0,13.4
U11111,2026-01-18,Desktop,Organic Search,Bengaluru,1,0,0,0,0,0,0,5.4
U11112,2026-02-14,Mobile,Organic Search,Hyderabad,1,0,0,0,0,0,0,14.5
U11113,2026-02-04,Mobile,Direct,Chennai,1,0,0,0,0,0,0,7.8
U11114,2026-02-04,Mobile,Direct,Delhi,1,1,1,0,0,0,0,5
U11115,2026-03-16,Mobile,Direct,Hyderabad,1,1,1,1,1,1,1508.61,14.5
U11116,2026-02-06,Desktop,Organic Search,Hyderabad,1,1,1,0,0,0,0,4.5
U11117,2026-03-17,Tablet,Social Media,Mumbai,1,0,0,0,0,0,0,8.7
U11118,2026-01-16,Mobile,Email,Bengaluru,1,0,0,0,0,0,0,5.4
U11119,2026-01-12,Desktop,Email,Chennai,1,1,1,0,0,0,0,9.2
U11120,2026-03-02,Mobile,Email,Hyderabad,1,0,0,0,0,0,0,8.5
U11121,2026-02-28,Desktop,Referral,Delhi,1,0,0,0,0,0,0,1.5
U11122,2026-03-13,Mobile,Paid Search,Mumbai,1,1,1,0,0,0,0,3.4
U11123,2026-03-06,Mobile,Organic Search,Mumbai,1,0,0,0,0,0,0,5.3
U11124,2026-03-11,Desktop,Organic Search,Bengaluru,1,1,1,0,0,0,0,5.5
U11125,2026-03-12,Mobile,Organic Search,Bengaluru,1,0,0,0,0,0,0,3.3
U11126,2026-02-12,Desktop,Paid Search,Pune,1,1,1,1,1,1,3606.55,7.9
U11127,2026-03-06,Desktop,Organic Search,Delhi,1,0,0,0,0,0,0,9.2
U11128,2026-02-08,Mobile,Paid Search,Mumbai,1,1,1,1,0,0,0,8.4
U11129,2026-01-14,Mobile,Social Media,Mumbai,1,0,0,0,0,0,0,8.6
U11130,2026-02-03,Desktop,Direct,Hyderabad,1,1,1,0,0,0,0,3.4
U11131,2026-01-28,Desktop,Referral,Pune,1,0,0,0,0,0,0,3.1
U11132,2026-03-06,Mobile,Paid Search,Delhi,1,1,1,1,1,1,6162.93,9.8
U11133,2026-01-26,Mobile,Organic Search,Mumbai,1,1,1,1,0,0,0,3.7
U11134,2026-02-05,Desktop,Organic Search,Other,1,0,0,0,0,0,0,6.7
U11135,2026-02-03,Mobile,Direct,Hyderabad,1,0,0,0,0,0,0,1.8
U11136,2026-03-01,Mobile,Social Media,Delhi,1,1,1,1,1,1,2288.01,5.2
U11137,2026-01-25,Mobile,Organic Search,Other,1,0,0,0,0,0,0,9.1
U11138,2026-01-24,Desktop,Referral,Bengaluru,1,1,0,0,0,0,0,2.5
U11139,2026-01-07,Desktop,Paid Search,Hyderabad,1,0,0,0,0,0,0,4.9
U11140,2026-01-25,Tablet,Direct,Delhi,1,1,1,1,0,0,0,5.9
U11141,2026-02-06,Desktop,Paid Search,Hyderabad,1,0,0,0,0,0,0,7.5
U11142,2026-01-13,Tablet,Paid Search,Pune,1,1,1,0,0,0,0,6.8
U11143,2026-03-25,Mobile,Social Media,Hyderabad,1,0,0,0,0,0,0,5.9
U11144,2026-01-31,Desktop,Direct,Mumbai,1,0,0,0,0,0,0,12.6
U11145,2026-01-24,Mobile,Direct,Bengaluru,1,0,0,0,0,0,0,8.4
U11146,2026-03-08,Desktop,Social Media,Bengaluru,1,1,0,0,0,0,0,2.5
U11147,2026-02-14,Mobile,Organic Search,Pune,1,0,0,0,0,0,0,8.7
U11148,2026-02-03,Mobile,Paid Search,Delhi,1,0,0,0,0,0,0,0.6
U11149,2026-02-28,Desktop,Direct,Bengaluru,1,1,1,0,0,0,0,10.8
U11150,2026-01-06,Desktop,Social Media,Bengaluru,1,0,0,0,0,0,0,6.8
U11151,2026-02-25,Mobile,Referral,Delhi,1,1,1,1,0,0,0,12.3
U11152,2026-01-13,Mobile,Paid Search,Pune,1,1,1,0,0,0,0,6
U11153,2026-02-09,Mobile,Social Media,Delhi,1,1,0,0,0,0,0,6
U11154,2026-03-16,Mobile,Paid Search,Mumbai,1,0,0,0,0,0,0,7.3
U11155,2026-01-13,Desktop,Email,Bengaluru,1,1,0,0,0,0,0,8.8
U11156,2026-03-03,Mobile,Direct,Pune,1,0,0,0,0,0,0,2.6
U11157,2026-02-22,Tablet,Social Media,Delhi,1,1,1,1,0,0,0,7
U11158,2026-02-25,Mobile,Social Media,Mumbai,1,0,0,0,0,0,0,2.6
U11159,2026-02-13,Desktop,Paid Search,Mumbai,1,0,0,0,0,0,0,4.9
U11160,2026-03-09,Desktop,Organic Search,Mumbai,1,0,0,0,0,0,0,13.1
U11161,2026-03-27,Mobile,Direct,Pune,1,1,0,0,0,0,0,3.6
U11162,2026-03-02,Mobile,Paid Search,Delhi,1,1,1,0,0,0,0,15.3
U11163,2026-02-23,Desktop,Referral,Pune,1,0,0,0,0,0,0,16.3
U11164,2026-02-18,Desktop,Email,Chennai,1,1,1,0,0,0,0,15.4
U11165,2026-02-06,Mobile,Referral,Mumbai,1,0,0,0,0,0,0,8.8
U11166,2026-01-18,Mobile,Direct,Pune,1,1,1,1,1,1,4771.23,4.7
U11167,2026-01-02,Mobile,Social Media,Bengaluru,1,1,1,0,0,0,0,6.1
U11168,2026-02-25,Mobile,Direct,Chennai,1,1,1,1,1,1,1898.13,9.9
U11169,2026-02-19,Mobile,Organic Search,Mumbai,1,0,0,0,0,0,0,10.9
U11170,2026-03-10,Mobile,Social Media,Other,1,0,0,0,0,0,0,4.3
U11171,2026-01-12,Desktop,Referral,Hyderabad,1,1,1,1,0,0,0,5
U11172,2026-01-16,Desktop,Paid Search,Bengaluru,1,0,0,0,0,0,0,3.5
U11173,2026-02-27,Tablet,Email,Bengaluru,1,0,0,0,0,0,0,11.4
U11174,2026-01-18,Desktop,Referral,Bengaluru,1,1,1,1,0,0,0,3.1
U11175,2026-01-27,Tablet,Referral,Bengaluru,1,1,1,0,0,0,0,7
U11176,2026-01-11,Mobile,Paid Search,Mumbai,1,0,0,0,0,0,0,5.8
U11177,2026-03-18,Mobile,Email,Pune,1,0,0,0,0,0,0,10.6
U11178,2026-03-07,Tablet,Paid Search,Mumbai,1,0,0,0,0,0,0,8.5
U11179,2026-01-25,Desktop,Email,Bengaluru,1,1,1,0,0,0,0,7.6
U11180,2026-02-02,Mobile,Social Media,Pune,1,1,1,0,0,0,0,4.4
U11181,2026-02-04,Desktop,Social Media,Mumbai,1,1,0,0,0,0,0,14.6
U11182,2026-03-29,Desktop,Paid Search,Bengaluru,1,1,0,0,0,0,0,9.8
U11183,2026-03-05,Desktop,Organic Search,Bengaluru,1,1,1,0,0,0,0,12.1
U11184,2026-02-14,Mobile,Organic Search,Delhi,1,0,0,0,0,0,0,11.6
U11185,2026-03-06,Desktop,Organic Search,Delhi,1,0,0,0,0,0,0,5.7
U11186,2026-01-25,Tablet,Social Media,Mumbai,1,1,1,0,0,0,0,10.5
U11187,2026-02-22,Mobile,Referral,Hyderabad,1,0,0,0,0,0,0,16.1
U11188,2026-03-18,Desktop,Organic Search,Pune,1,1,1,0,0,0,0,4.8
U11189,2026-03-02,Mobile,Organic Search,Bengaluru,1,1,0,0,0,0,0,1.1
U11190,2026-02-03,Desktop,Social Media,Delhi,1,1,1,1,1,1,3338.32,14.5
U11191,2026-01-15,Mobile,Email,Mumbai,1,0,0,0,0,0,0,5.4
U11192,2026-03-11,Mobile,Organic Search,Bengaluru,1,0,0,0,0,0,0,1.4
U11193,2026-03-23,Mobile,Paid Search,Bengaluru,1,1,0,0,0,0,0,8.8
U11194,2026-01-28,Desktop,Organic Search,Hyderabad,1,1,1,0,0,0,0,5.8
U11195,2026-02-22,Mobile,Paid Search,Bengaluru,1,0,0,0,0,0,0,10.5
U11196,2026-01-22,Mobile,Organic Search,Hyderabad,1,1,1,0,0,0,0,4.7
U11197,2026-01-08,Desktop,Paid Search,Mumbai,1,1,1,0,0,0,0,6.1
U11198,2026-02-25,Mobile,Email,Mumbai,1,0,0,0,0,0,0,1.9
U11199,2026-01-24,Mobile,Social Media,Mumbai,1,0,0,0,0,0,0,10.8
U11200,2026-01-12,Tablet,Organic Search,Mumbai,1,0,0,0,0,0,0,7.3
U11201,2026-01-24,Mobile,Email,Pune,1,0,0,0,0,0,0,14.6
U11202,2026-01-01,Mobile,Social Media,Other,1,0,0,0,0,0,0,3.5
U11203,2026-01-28,Mobile,Direct,Bengaluru,1,0,0,0,0,0,0,15.9
U11204,2026-01-08,Desktop,Paid Search,Mumbai,1,1,1,0,0,0,0,11.6
U11205,2026-01-03,Desktop,Email,Hyderabad,1,0,0,0,0,0,0,5.5
U11206,2026-03-22,Desktop,Email,Hyderabad,1,0,0,0,0,0,0,9.1
U11207,2026-03-14,Desktop,Organic Search,Mumbai,1,0,0,0,0,0,0,4.4
U11208,2026-02-28,Mobile,Direct,Chennai,1,1,1,1,1,1,1091.56,6.1
U11209,2026-03-16,Mobile,Social Media,Delhi,1,1,1,0,0,0,0,4.8
U11210,2026-02-03,Mobile,Email,Chennai,1,1,1,1,0,0,0,4.1
U11211,2026-01-20,Mobile,Organic Search,Hyderabad,1,1,1,0,0,0,0,1.9
U11212,2026-01-19,Desktop,Paid Search,Pune,1,1,0,0,0,0,0,8.7
U11213,2026-02-28,Desktop,Social Media,Hyderabad,1,0,0,0,0,0,0,4.1
U11214,2026-03-14,Mobile,Paid Search,Hyderabad,1,1,0,0,0,0,0,11.4
U11215,2026-03-24,Desktop,Social Media,Bengaluru,1,0,0,0,0,0,0,8.1
U11216,2026-02-07,Mobile,Paid Search,Other,1,1,1,0,0,0,0,6.5
U11217,2026-01-25,Mobile,Email,Chennai,1,0,0,0,0,0,0,1.9
U11218,2026-01-28,Desktop,Social Media,Chennai,1,1,1,1,1,1,2434.49,3.8
U11219,2026-02-12,Mobile,Organic Search,Delhi,1,0,0,0,0,0,0,9.3
U11220,2026-01-14,Mobile,Email,Mumbai,1,0,0,0,0,0,0,7.2
U11221,2026-01-26,Mobile,Paid Search,Pune,1,1,0,0,0,0,0,5.2
U11222,2026-01-25,Mobile,Paid Search,Chennai,1,1,1,1,0,0,0,9.7
U11223,2026-02-26,Desktop,Organic Search,Other,1,0,0,0,0,0,0,9.5
U11224,2026-01-26,Desktop,Organic Search,Delhi,1,0,0,0,0,0,0,5.9
U11225,2026-01-14,Mobile,Organic Search,Chennai,1,0,0,0,0,0,0,20.4
U11226,2026-03-07,Mobile,Direct,Chennai,1,0,0,0,0,0,0,2
U11227,2026-03-11,Desktop,Paid Search,Other,1,0,0,0,0,0,0,4.5
U11228,2026-03-05,Tablet,Organic Search,Delhi,1,0,0,0,0,0,0,5.2
U11229,2026-01-26,Mobile,Organic Search,Mumbai,1,1,0,0,0,0,0,6.2
U11230,2026-02-03,Mobile,Organic Search,Delhi,1,1,1,0,0,0,0,6.9
U11231,2026-02-24,Desktop,Social Media,Mumbai,1,0,0,0,0,0,0,6.5
U11232,2026-01-20,Mobile,Organic Search,Hyderabad,1,0,0,0,0,0,0,0.8
U11233,2026-02-23,Mobile,Social Media,Bengaluru,1,0,0,0,0,0,0,10.3
U11234,2026-02-05,Desktop,Paid Search,Mumbai,1,0,0,0,0,0,0,3.5
U11235,2026-03-01,Mobile,Referral,Hyderabad,1,1,1,1,1,0,0,5.9
U11236,2026-01-03,Mobile,Paid Search,Chennai,1,0,0,0,0,0,0,11
U11237,2026-02-26,Mobile,Social Media,Delhi,1,1,1,0,0,0,0,2.5
U11238,2026-02-04,Desktop,Email,Hyderabad,1,0,0,0,0,0,0,5
U11239,2026-01-27,Mobile,Paid Search,Hyderabad,1,0,0,0,0,0,0,12.5
U11240,2026-01-08,Mobile,Referral,Pune,1,1,1,0,0,0,0,9.6
U11241,2026-03-25,Mobile,Email,Mumbai,1,0,0,0,0,0,0,10.9
U11242,2026-02-26,Desktop,Paid Search,Hyderabad,1,0,0,0,0,0,0,1.5
U11243,2026-03-15,Mobile,Social Media,Pune,1,0,0,0,0,0,0,9.2
U11244,2026-03-23,Mobile,Direct,Mumbai,1,0,0,0,0,0,0,9.7
U11245,2026-02-02,Mobile,Email,Bengaluru,1,0,0,0,0,0,0,7.8
U11246,2026-03-08,Desktop,Direct,Bengaluru,1,1,0,0,0,0,0,10
U11247,2026-03-31,Mobile,Organic Search,Hyderabad,1,1,0,0,0,0,0,0.8
U11248,2026-03-24,Mobile,Social Media,Pune,1,1,1,1,0,0,0,5
U11249,2026-01-02,Mobile,Direct,Chennai,1,0,0,0,0,0,0,10.8
U11250,2026-03-27,Desktop,Paid Search,Mumbai,1,1,1,1,1,1,1558.01,4
U11251,2026-01-26,Mobile,Direct,Pune,1,1,1,1,1,0,0,5.6
U11252,2026-01-23,Desktop,Organic Search,Hyderabad,1,0,0,0,0,0,0,12.5
U11253,2026-02-02,Desktop,Direct,Hyderabad,1,0,0,0,0,0,0,9.5
U11254,2026-01-28,Desktop,Paid Search,Hyderabad,1,1,1,1,1,1,2504.94,3.3
U11255,2026-01-03,Mobile,Organic Search,Hyderabad,1,1,1,0,0,0,0,12
U11256,2026-02-22,Tablet,Direct,Mumbai,1,0,0,0,0,0,0,10.3
U11257,2026-03-02,Mobile,Paid Search,Mumbai,1,0,0,0,0,0,0,2
U11258,2026-02-11,Mobile,Organic Search,Bengaluru,1,1,1,1,0,0,0,3.9
U11259,2026-03-08,Desktop,Organic Search,Hyderabad,1,0,0,0,0,0,0,2.7
U11260,2026-03-07,Mobile,Email,Hyderabad,1,0,0,0,0,0,0,6.5
U11261,2026-02-16,Mobile,Direct,Other,1,1,1,0,0,0,0,13.2
U11262,2026-02-15,Mobile,Organic Search,Delhi,1,0,0,0,0,0,0,13.5
U11263,2026-01-31,Mobile,Social Media,Mumbai,1,1,1,0,0,0,0,9.9
U11264,2026-02-27,Mobile,Organic Search,Bengaluru,1,1,1,0,0,0,0,9.2
U11265,2026-01-15,Desktop,Email,Chennai,1,0,0,0,0,0,0,6.8
U11266,2026-01-10,Desktop,Organic Search,Hyderabad,1,0,0,0,0,0,0,7.1
U11267,2026-03-27,Desktop,Organic Search,Other,1,0,0,0,0,0,0,11.8
U11268,2026-02-11,Mobile,Organic Search,Delhi,1,0,0,0,0,0,0,2.7
U11269,2026-02-26,Tablet,Social Media,Mumbai,1,1,1,1,1,1,3387.82,5.4
U11270,2026-03-14,Mobile,Direct,Mumbai,1,0,0,0,0,0,0,4
U11271,2026-01-14,Mobile,Social Media,Chennai,1,1,1,0,0,0,0,1.7
U11272,2026-03-25,Mobile,Organic Search,Bengaluru,1,1,0,0,0,0,0,4.1
U11273,2026-03-06,Mobile,Social Media,Bengaluru,1,1,1,0,0,0,0,3.2
U11274,2026-03-31,Mobile,Referral,Mumbai,1,1,1,1,1,1,1804.86,5.1
U11275,2026-01-16,Mobile,Organic Search,Hyderabad,1,1,1,0,0,0,0,7.9
U11276,2026-03-21,Mobile,Organic Search,Hyderabad,1,1,1,0,0,0,0,8.5
U11277,2026-02-11,Mobile,Organic Search,Mumbai,1,0,0,0,0,0,0,9.3
U11278,2026-03-19,Mobile,Email,Other,1,1,1,0,0,0,0,7.5
U11279,2026-01-25,Desktop,Social Media,Other,1,1,1,0,0,0,0,1.9
U11280,2026-02-17,Desktop,Social Media,Hyderabad,1,1,1,1,1,1,2762.04,5.4
U11281,2026-01-21,Mobile,Organic Search,Hyderabad,1,0,0,0,0,0,0,7.6
U11282,2026-02-22,Mobile,Paid Search,Mumbai,1,0,0,0,0,0,0,8.6
U11283,2026-03-20,Tablet,Direct,Pune,1,0,0,0,0,0,0,9.5
U11284,2026-01-02,Mobile,Organic Search,Other,1,0,0,0,0,0,0,1.5
U11285,2026-01-05,Desktop,Direct,Pune,1,0,0,0,0,0,0,7.2
U11286,2026-03-24,Mobile,Social Media,Delhi,1,0,0,0,0,0,0,3.9
U11287,2026-01-11,Tablet,Organic Search,Bengaluru,1,1,1,1,1,1,4380.91,11
U11288,2026-01-02,Mobile,Social Media,Hyderabad,1,0,0,0,0,0,0,6.4
U11289,2026-01-21,Mobile,Direct,Hyderabad,1,0,0,0,0,0,0,2.7
U11290,2026-02-12,Desktop,Paid Search,Mumbai,1,1,0,0,0,0,0,9.6
U11291,2026-01-28,Mobile,Direct,Hyderabad,1,0,0,0,0,0,0,1.4
U11292,2026-02-09,Mobile,Paid Search,Delhi,1,1,1,0,0,0,0,2.9
U11293,2026-03-22,Mobile,Social Media,Delhi,1,0,0,0,0,0,0,7.2
U11294,2026-03-17,Desktop,Referral,Hyderabad,1,0,0,0,0,0,0,1.9
U11295,2026-02-10,Mobile,Direct,Other,1,0,0,0,0,0,0,1.1
U11296,2026-01-25,Mobile,Social Media,Mumbai,1,1,1,0,0,0,0,8.6
U11297,2026-02-24,Mobile,Email,Other,1,1,1,0,0,0,0,9.9
U11298,2026-03-25,Mobile,Organic Search,Other,1,1,1,1,1,1,7073.18,6.9
U11299,2026-02-25,Desktop,Paid Search,Hyderabad,1,0,0,0,0,0,0,1.8
U11300,2026-02-13,Mobile,Paid Search,Chennai,1,1,1,0,0,0,0,12.5
U11301,2026-01-23,Mobile,Organic Search,Hyderabad,1,1,1,0,0,0,0,4.4
U11302,2026-03-11,Mobile,Paid Search,Delhi,1,0,0,0,0,0,0,2.4
U11303,2026-01-16,Mobile,Paid Search,Chennai,1,1,0,0,0,0,0,7.4
U11304,2026-03-08,Mobile,Direct,Other,1,1,1,1,0,0,0,10.6
U11305,2026-01-11,Mobile,Email,Bengaluru,1,0,0,0,0,0,0,5.9
U11306,2026-01-03,Mobile,Paid Search,Delhi,1,0,0,0,0,0,0,9.6
U11307,2026-01-23,Tablet,Direct,Other,1,1,1,1,0,0,0,2.2
U11308,2026-03-13,Mobile,Organic Search,Delhi,1,0,0,0,0,0,0,11.3
U11309,2026-03-22,Desktop,Social Media,Hyderabad,1,1,1,1,1,1,2993.13,6.7
U11310,2026-03-15,Mobile,Email,Mumbai,1,0,0,0,0,0,0,11
U11311,2026-03-31,Mobile,Organic Search,Hyderabad,1,0,0,0,0,0,0,13.7
U11312,2026-01-31,Mobile,Email,Hyderabad,1,0,0,0,0,0,0,10
U11313,2026-01-21,Mobile,Organic Search,Bengaluru,1,1,1,0,0,0,0,4.3
U11314,2026-01-26,Tablet,Organic Search,Bengaluru,1,0,0,0,0,0,0,1.5
U11315,2026-02-21,Tablet,Organic Search,Delhi,1,0,0,0,0,0,0,6
U11316,2026-03-01,Desktop,Direct,Bengaluru,1,0,0,0,0,0,0,4.4
U11317,2026-03-20,Mobile,Email,Delhi,1,1,1,0,0,0,0,2.6
U11318,2026-03-04,Mobile,Email,Hyderabad,1,1,1,1,1,1,3025.07,3.8
U11319,2026-03-02,Mobile,Social Media,Hyderabad,1,1,1,1,0,0,0,6.3
U11320,2026-03-27,Tablet,Paid Search,Hyderabad,1,1,1,0,0,0,0,5.4
U11321,2026-02-07,Mobile,Social Media,Bengaluru,1,0,0,0,0,0,0,11
U11322,2026-03-24,Mobile,Paid Search,Bengaluru,1,1,1,0,0,0,0,2.5
U11323,2026-01-08,Mobile,Organic Search,Mumbai,1,0,0,0,0,0,0,2.7
U11324,2026-01-27,Mobile,Email,Other,1,1,1,1,1,1,2247.47,2.5
U11325,2026-02-06,Tablet,Organic Search,Bengaluru,1,1,1,1,1,1,2274.27,0.7
U11326,2026-02-03,Mobile,Organic Search,Hyderabad,1,1,1,0,0,0,0,12.7
U11327,2026-01-29,Mobile,Referral,Hyderabad,1,1,0,0,0,0,0,2.8
U11328,2026-02-28,Mobile,Email,Pune,1,1,1,1,0,0,0,6.6
U11329,2026-02-04,Desktop,Email,Delhi,1,0,0,0,0,0,0,6.7
U11330,2026-03-29,Mobile,Paid Search,Delhi,1,0,0,0,0,0,0,2
U11331,2026-02-17,Desktop,Paid Search,Hyderabad,1,1,1,1,0,0,0,9.3
U11332,2026-03-04,Mobile,Email,Hyderabad,1,1,1,0,0,0,0,6.6
U11333,2026-03-07,Desktop,Email,Hyderabad,1,0,0,0,0,0,0,8.2
U11334,2026-02-09,Desktop,Social Media,Pune,1,1,1,0,0,0,0,4.2
U11335,2026-01-16,Mobile,Direct,Bengaluru,1,0,0,0,0,0,0,2.1
U11336,2026-03-06,Mobile,Direct,Mumbai,1,0,0,0,0,0,0,2.7
U11337,2026-02-27,Mobile,Paid Search,Mumbai,1,1,1,0,0,0,0,8.7
U11338,2026-02-04,Mobile,Referral,Mumbai,1,1,1,0,0,0,0,3.9
U11339,2026-03-10,Desktop,Social Media,Hyderabad,1,0,0,0,0,0,0,9
U11340,2026-03-16,Mobile,Social Media,Mumbai,1,0,0,0,0,0,0,6.9
U11341,2026-03-30,Mobile,Organic Search,Hyderabad,1,1,0,0,0,0,0,1.5
U11342,2026-03-13,Mobile,Social Media,Other,1,0,0,0,0,0,0,3.7
U11343,2026-03-02,Mobile,Direct,Hyderabad,1,0,0,0,0,0,0,6.3
U11344,2026-01-15,Desktop,Referral,Hyderabad,1,0,0,0,0,0,0,2.9
U11345,2026-03-08,Mobile,Referral,Bengaluru,1,0,0,0,0,0,0,1.2
U11346,2026-01-28,Tablet,Organic Search,Pune,1,1,1,1,0,0,0,1.8
U11347,2026-03-18,Tablet,Paid Search,Bengaluru,1,0,0,0,0,0,0,7.3
U11348,2026-02-26,Mobile,Organic Search,Chennai,1,0,0,0,0,0,0,8.6
U11349,2026-01-06,Mobile,Paid Search,Hyderabad,1,1,1,1,1,1,3172.19,1.8
U11350,2026-01-04,Desktop,Social Media,Hyderabad,1,1,0,0,0,0,0,14.5
U11351,2026-01-05,Mobile,Paid Search,Mumbai,1,0,0,0,0,0,0,4.2
U11352,2026-02-10,Mobile,Social Media,Hyderabad,1,0,0,0,0,0,0,10.4
U11353,2026-03-16,Mobile,Paid Search,Delhi,1,1,1,0,0,0,0,2.9
U11354,2026-01-31,Mobile,Paid Search,Delhi,1,0,0,0,0,0,0,2.1
U11355,2026-01-11,Desktop,Organic Search,Pune,1,0,0,0,0,0,0,6.3
U11356,2026-03-05,Mobile,Direct,Hyderabad,1,0,0,0,0,0,0,9.3
U11357,2026-03-03,Mobile,Organic Search,Chennai,1,1,1,0,0,0,0,9.3
U11358,2026-02-05,Tablet,Organic Search,Other,1,1,1,1,1,1,2684.09,10.4
U11359,2026-01-12,Desktop,Referral,Delhi,1,1,1,0,0,0,0,8.8
U11360,2026-03-29,Mobile,Direct,Hyderabad,1,1,0,0,0,0,0,15.5
U11361,2026-03-24,Desktop,Email,Chennai,1,1,1,1,1,1,1715.91,9.5
U11362,2026-01-01,Mobile,Organic Search,Other,1,0,0,0,0,0,0,21.9
U11363,2026-01-06,Desktop,Organic Search,Chennai,1,1,1,1,1,0,0,3.8
U11364,2026-03-07,Mobile,Direct,Pune,1,1,1,0,0,0,0,17.2
U11365,2026-02-27,Mobile,Referral,Chennai,1,1,1,1,1,0,0,8.3
U11366,2026-01-20,Desktop,Social Media,Hyderabad,1,0,0,0,0,0,0,8.7
U11367,2026-01-12,Mobile,Organic Search,Hyderabad,1,0,0,0,0,0,0,11.4
U11368,2026-01-10,Tablet,Organic Search,Hyderabad,1,1,1,1,1,0,0,1.5
U11369,2026-02-17,Mobile,Organic Search,Hyderabad,1,0,0,0,0,0,0,6
U11370,2026-01-08,Tablet,Social Media,Pune,1,0,0,0,0,0,0,6.8
U11371,2026-02-03,Tablet,Organic Search,Mumbai,1,0,0,0,0,0,0,6.4
U11372,2026-01-03,Mobile,Direct,Delhi,1,0,0,0,0,0,0,7.7
U11373,2026-02-18,Desktop,Organic Search,Mumbai,1,0,0,0,0,0,0,7.5
U11374,2026-01-19,Mobile,Email,Chennai,1,0,0,0,0,0,0,7.3
U11375,2026-03-25,Desktop,Organic Search,Bengaluru,1,1,1,0,0,0,0,5.2
U11376,2026-02-08,Mobile,Social Media,Other,1,0,0,0,0,0,0,10.4
U11377,2026-02-28,Desktop,Organic Search,Mumbai,1,1,1,0,0,0,0,14
U11378,2026-03-08,Mobile,Referral,Chennai,1,0,0,0,0,0,0,14.9
U11379,2026-03-11,Mobile,Social Media,Other,1,0,0,0,0,0,0,5.3
U11380,2026-02-03,Mobile,Organic Search,Chennai,1,1,1,0,0,0,0,2.5
U11381,2026-01-18,Mobile,Referral,Pune,1,1,1,0,0,0,0,10.1
U11382,2026-01-22,Desktop,Social Media,Pune,1,1,1,1,0,0,0,9.1
U11383,2026-02-21,Mobile,Direct,Bengaluru,1,0,0,0,0,0,0,12.5
U11384,2026-01-11,Desktop,Direct,Hyderabad,1,0,0,0,0,0,0,6.5
U11385,2026-03-07,Mobile,Direct,Other,1,1,1,0,0,0,0,16.5
U11386,2026-03-01,Mobile,Organic Search,Chennai,1,0,0,0,0,0,0,12.7
U11387,2026-01-24,Mobile,Organic Search,Hyderabad,1,1,1,0,0,0,0,5.5
U11388,2026-01-07,Desktop,Direct,Chennai,1,1,1,0,0,0,0,3.1
U11389,2026-03-12,Tablet,Social Media,Mumbai,1,1,0,0,0,0,0,4.6
U11390,2026-02-21,Mobile,Organic Search,Delhi,1,1,0,0,0,0,0,1.8
U11391,2026-03-29,Mobile,Referral,Other,1,0,0,0,0,0,0,5.9
U11392,2026-02-01,Mobile,Paid Search,Other,1,0,0,0,0,0,0,8.4
U11393,2026-02-21,Desktop,Email,Other,1,1,0,0,0,0,0,7.2
U11394,2026-03-26,Mobile,Referral,Hyderabad,1,1,1,0,0,0,0,9.2
U11395,2026-03-22,Desktop,Referral,Delhi,1,0,0,0,0,0,0,2.6
U11396,2026-02-01,Mobile,Paid Search,Bengaluru,1,0,0,0,0,0,0,9.4
U11397,2026-02-13,Desktop,Paid Search,Hyderabad,1,0,0,0,0,0,0,11.3
U11398,2026-01-25,Desktop,Paid Search,Pune,1,1,1,1,1,0,0,10.6
U11399,2026-02-20,Mobile,Social Media,Chennai,1,0,0,0,0,0,0,10.3
U11400,2026-02-16,Mobile,Organic Search,Other,1,1,1,0,0,0,0,5.4
U11401,2026-03-22,Mobile,Social Media,Hyderabad,1,0,0,0,0,0,0,13.1
U11402,2026-02-02,Mobile,Social Media,Pune,1,1,1,0,0,0,0,9.6
U11403,2026-03-29,Desktop,Social Media,Hyderabad,1,1,1,1,1,1,1076.88,9.6
U11404,2026-02-07,Mobile,Referral,Hyderabad,1,0,0,0,0,0,0,5.9
U11405,2026-02-05,Desktop,Social Media,Chennai,1,0,0,0,0,0,0,10.9
U11406,2026-02-23,Mobile,Organic Search,Chennai,1,1,0,0,0,0,0,1.6
U11407,2026-03-21,Mobile,Email,Chennai,1,0,0,0,0,0,0,8
U11408,2026-01-25,Mobile,Referral,Other,1,0,0,0,0,0,0,3.7
U11409,2026-03-11,Mobile,Paid Search,Mumbai,1,1,0,0,0,0,0,6.7
U11410,2026-01-27,Mobile,Email,Bengaluru,1,0,0,0,0,0,0,15
U11411,2026-03-16,Mobile,Organic Search,Hyderabad,1,0,0,0,0,0,0,14.2
U11412,2026-01-29,Mobile,Paid Search,Chennai,1,0,0,0,0,0,0,1.7
U11413,2026-02-20,Mobile,Direct,Chennai,1,1,1,1,0,0,0,2.1
U11414,2026-01-27,Mobile,Direct,Mumbai,1,0,0,0,0,0,0,6.9
U11415,2026-03-12,Mobile,Social Media,Bengaluru,1,0,0,0,0,0,0,11.5
U11416,2026-01-02,Mobile,Email,Delhi,1,0,0,0,0,0,0,4.7
U11417,2026-01-09,Tablet,Direct,Hyderabad,1,1,1,0,0,0,0,11.5
U11418,2026-03-29,Mobile,Direct,Mumbai,1,1,0,0,0,0,0,0.8
U11419,2026-01-28,Desktop,Social Media,Mumbai,1,0,0,0,0,0,0,13.2
U11420,2026-02-15,Mobile,Social Media,Bengaluru,1,1,1,1,0,0,0,2.8
U11421,2026-01-19,Desktop,Paid Search,Pune,1,0,0,0,0,0,0,5.6
U11422,2026-01-15,Mobile,Organic Search,Mumbai,1,1,1,1,0,0,0,9.6
U11423,2026-01-02,Tablet,Paid Search,Mumbai,1,1,1,0,0,0,0,7.6
U11424,2026-02-18,Mobile,Referral,Chennai,1,0,0,0,0,0,0,4.6
U11425,2026-01-14,Desktop,Referral,Other,1,1,1,0,0,0,0,2.1
U11426,2026-01-18,Mobile,Direct,Delhi,1,1,1,0,0,0,0,4.2
U11427,2026-03-15,Mobile,Organic Search,Chennai,1,0,0,0,0,0,0,7.4
U11428,2026-01-06,Desktop,Social Media,Bengaluru,1,1,0,0,0,0,0,1.5
U11429,2026-01-21,Mobile,Organic Search,Hyderabad,1,0,0,0,0,0,0,19.9
U11430,2026-01-23,Mobile,Organic Search,Hyderabad,1,0,0,0,0,0,0,7.8
U11431,2026-01-17,Mobile,Direct,Other,1,1,1,0,0,0,0,9
U11432,2026-02-08,Desktop,Social Media,Chennai,1,1,1,0,0,0,0,7.6
U11433,2026-03-04,Tablet,Referral,Pune,1,0,0,0,0,0,0,12.3
U11434,2026-02-19,Mobile,Organic Search,Hyderabad,1,1,1,0,0,0,0,9.6
U11435,2026-03-12,Desktop,Paid Search,Chennai,1,1,0,0,0,0,0,2.7
U11436,2026-01-06,Mobile,Email,Other,1,0,0,0,0,0,0,2.8
U11437,2026-03-06,Mobile,Organic Search,Hyderabad,1,1,1,1,0,0,0,7.7
U11438,2026-01-18,Tablet,Paid Search,Mumbai,1,0,0,0,0,0,0,6.5
U11439,2026-02-04,Desktop,Organic Search,Other,1,0,0,0,0,0,0,14.2
U11440,2026-02-16,Desktop,Email,Other,1,1,1,1,1,1,3231.05,4.1
U11441,2026-03-08,Mobile,Direct,Pune,1,0,0,0,0,0,0,1.4
U11442,2026-03-06,Mobile,Referral,Pune,1,1,1,0,0,0,0,1.2
U11443,2026-01-03,Mobile,Direct,Mumbai,1,0,0,0,0,0,0,9
U11444,2026-03-23,Mobile,Referral,Bengaluru,1,0,0,0,0,0,0,5.5
U11445,2026-01-15,Mobile,Direct,Delhi,1,1,1,1,0,0,0,8.8
U11446,2026-01-14,Desktop,Social Media,Other,1,0,0,0,0,0,0,15.3
U11447,2026-02-06,Desktop,Social Media,Mumbai,1,0,0,0,0,0,0,3.1
U11448,2026-01-17,Mobile,Paid Search,Bengaluru,1,1,1,1,0,0,0,9.7
U11449,2026-01-16,Mobile,Referral,Mumbai,1,1,1,1,1,1,5018.99,5.6
U11450,2026-01-29,Desktop,Organic Search,Delhi,1,0,0,0,0,0,0,2.9
U11451,2026-01-19,Mobile,Organic Search,Bengaluru,1,0,0,0,0,0,0,4.6
U11452,2026-03-29,Desktop,Direct,Delhi,1,0,0,0,0,0,0,10.6
U11453,2026-01-20,Mobile,Organic Search,Mumbai,1,1,1,1,0,0,0,12.5
U11454,2026-01-21,Mobile,Direct,Mumbai,1,0,0,0,0,0,0,12.2
U11455,2026-01-23,Tablet,Email,Bengaluru,1,0,0,0,0,0,0,6.1
U11456,2026-03-11,Mobile,Paid Search,Hyderabad,1,1,0,0,0,0,0,4.2
U11457,2026-03-13,Mobile,Email,Mumbai,1,0,0,0,0,0,0,3.7
U11458,2026-01-11,Mobile,Referral,Mumbai,1,0,0,0,0,0,0,1.2
U11459,2026-02-24,Desktop,Organic Search,Bengaluru,1,0,0,0,0,0,0,14.4
U11460,2026-03-02,Desktop,Referral,Bengaluru,1,1,0,0,0,0,0,3.8
U11461,2026-02-06,Mobile,Referral,Bengaluru,1,0,0,0,0,0,0,11.9
U11462,2026-01-10,Mobile,Organic Search,Chennai,1,0,0,0,0,0,0,11.7
U11463,2026-01-17,Desktop,Organic Search,Other,1,1,1,1,0,0,0,7.4
U11464,2026-03-17,Mobile,Organic Search,Delhi,1,1,0,0,0,0,0,4.2
U11465,2026-02-19,Desktop,Organic Search,Pune,1,0,0,0,0,0,0,1.5
U11466,2026-01-17,Mobile,Organic Search,Chennai,1,1,1,1,1,1,3776.21,3.2
U11467,2026-02-12,Mobile,Email,Mumbai,1,0,0,0,0,0,0,13
U11468,2026-01-26,Desktop,Paid Search,Bengaluru,1,1,1,1,1,0,0,2.6
U11469,2026-01-24,Mobile,Direct,Delhi,1,0,0,0,0,0,0,2.4
U11470,2026-03-07,Desktop,Paid Search,Chennai,1,0,0,0,0,0,0,2.6
U11471,2026-02-03,Mobile,Social Media,Delhi,1,1,1,0,0,0,0,4.3
U11472,2026-03-29,Mobile,Email,Chennai,1,0,0,0,0,0,0,6.9
U11473,2026-03-19,Tablet,Direct,Hyderabad,1,0,0,0,0,0,0,5.6
U11474,2026-02-27,Mobile,Social Media,Hyderabad,1,0,0,0,0,0,0,1.3
U11475,2026-03-27,Desktop,Paid Search,Pune,1,1,1,0,0,0,0,17.2
U11476,2026-03-25,Mobile,Direct,Bengaluru,1,0,0,0,0,0,0,6.8
U11477,2026-01-16,Mobile,Paid Search,Bengaluru,1,1,1,0,0,0,0,6.9
U11478,2026-01-16,Desktop,Organic Search,Other,1,0,0,0,0,0,0,2.7
U11479,2026-03-13,Mobile,Paid Search,Mumbai,1,1,1,0,0,0,0,2
U11480,2026-01-02,Desktop,Referral,Hyderabad,1,0,0,0,0,0,0,11.1
U11481,2026-03-29,Mobile,Organic Search,Hyderabad,1,0,0,0,0,0,0,7.6
U11482,2026-03-21,Mobile,Social Media,Bengaluru,1,1,0,0,0,0,0,10.4
U11483,2026-03-05,Mobile,Social Media,Mumbai,1,0,0,0,0,0,0,10.1
U11484,2026-03-21,Mobile,Direct,Delhi,1,0,0,0,0,0,0,35.3
U11485,2026-01-02,Mobile,Paid Search,Bengaluru,1,0,0,0,0,0,0,1.9
U11486,2026-02-11,Mobile,Paid Search,Pune,1,0,0,0,0,0,0,16.3
U11487,2026-01-04,Mobile,Paid Search,Hyderabad,1,1,0,0,0,0,0,0.7
U11488,2026-01-10,Mobile,Paid Search,Bengaluru,1,0,0,0,0,0,0,14.2
U11489,2026-01-23,Desktop,Email,Other,1,0,0,0,0,0,0,7.2
U11490,2026-03-19,Mobile,Email,Hyderabad,1,0,0,0,0,0,0,5.5
U11491,2026-01-24,Tablet,Referral,Pune,1,0,0,0,0,0,0,9.2
U11492,2026-03-15,Mobile,Referral,Delhi,1,0,0,0,0,0,0,1.4
U11493,2026-03-01,Mobile,Direct,Hyderabad,1,0,0,0,0,0,0,11.6
U11494,2026-03-31,Desktop,Paid Search,Chennai,1,0,0,0,0,0,0,7.7
U11495,2026-01-15,Mobile,Direct,Mumbai,1,1,1,0,0,0,0,4.8
U11496,2026-01-27,Mobile,Organic Search,Other,1,0,0,0,0,0,0,6.3
U11497,2026-03-26,Mobile,Email,Chennai,1,1,0,0,0,0,0,8.3
U11498,2026-03-19,Mobile,Social Media,Chennai,1,1,1,1,1,1,6707.22,6.4
U11499,2026-01-07,Mobile,Referral,Hyderabad,1,0,0,0,0,0,0,1.4
U11500,2026-02-08,Tablet,Social Media,Mumbai,1,0,0,0,0,0,0,13.5
U11501,2026-03-11,Mobile,Referral,Bengaluru,1,0,0,0,0,0,0,6
U11502,2026-02-04,Desktop,Direct,Hyderabad,1,1,1,1,1,0,0,3.1
U11503,2026-01-16,Desktop,Email,Other,1,1,1,0,0,0,0,3.3
U11504,2026-01-26,Mobile,Referral,Bengaluru,1,1,0,0,0,0,0,9.5
U11505,2026-03-09,Mobile,Organic Search,Hyderabad,1,0,0,0,0,0,0,3.6
U11506,2026-03-02,Desktop,Organic Search,Delhi,1,0,0,0,0,0,0,7.1
U11507,2026-01-10,Desktop,Direct,Pune,1,1,1,0,0,0,0,2.7
U11508,2026-01-26,Mobile,Email,Hyderabad,1,0,0,0,0,0,0,8
U11509,2026-01-13,Mobile,Social Media,Hyderabad,1,1,0,0,0,0,0,12.3
U11510,2026-02-12,Mobile,Paid Search,Hyderabad,1,0,0,0,0,0,0,14
U11511,2026-03-13,Mobile,Organic Search,Hyderabad,1,0,0,0,0,0,0,3.8
U11512,2026-01-27,Mobile,Paid Search,Mumbai,1,1,1,1,0,0,0,4.6
U11513,2026-01-12,Desktop,Social Media,Mumbai,1,1,0,0,0,0,0,6.4
U11514,2026-02-28,Mobile,Organic Search,Delhi,1,1,1,0,0,0,0,5.2
U11515,2026-02-11,Desktop,Organic Search,Chennai,1,0,0,0,0,0,0,4.8
U11516,2026-02-01,Desktop,Social Media,Pune,1,1,1,1,1,0,0,5.2
U11517,2026-01-16,Mobile,Social Media,Mumbai,1,1,0,0,0,0,0,10.2
U11518,2026-02-19,Mobile,Organic Search,Other,1,0,0,0,0,0,0,3.3
U11519,2026-02-04,Desktop,Social Media,Chennai,1,0,0,0,0,0,0,5.7
U11520,2026-01-22,Desktop,Direct,Delhi,1,1,1,0,0,0,0,15.2
U11521,2026-03-12,Desktop,Social Media,Chennai,1,1,1,0,0,0,0,8
U11522,2026-03-23,Mobile,Direct,Chennai,1,1,1,0,0,0,0,4.6
U11523,2026-02-10,Mobile,Direct,Pune,1,1,1,0,0,0,0,7.5
U11524,2026-02-16,Mobile,Organic Search,Hyderabad,1,0,0,0,0,0,0,10.2
U11525,2026-01-11,Mobile,Organic Search,Mumbai,1,1,1,0,0,0,0,14.4
U11526,2026-01-07,Desktop,Social Media,Delhi,1,0,0,0,0,0,0,5
U11527,2026-03-04,Mobile,Social Media,Delhi,1,0,0,0,0,0,0,3.7
U11528,2026-03-09,Desktop,Paid Search,Mumbai,1,0,0,0,0,0,0,5.4
U11529,2026-01-17,Mobile,Paid Search,Chennai,1,1,1,0,0,0,0,2.6
U11530,2026-01-25,Desktop,Email,Bengaluru,1,0,0,0,0,0,0,8.1
U11531,2026-02-28,Tablet,Organic Search,Other,1,1,1,1,1,1,3189.13,1.6
U11532,2026-02-06,Mobile,Direct,Bengaluru,1,1,1,1,0,0,0,4.1
U11533,2026-03-15,Desktop,Organic Search,Delhi,1,1,1,0,0,0,0,17
U11534,2026-02-23,Mobile,Direct,Hyderabad,1,0,0,0,0,0,0,11.5
U11535,2026-03-21,Mobile,Organic Search,Bengaluru,1,0,0,0,0,0,0,3
U11536,2026-01-12,Desktop,Organic Search,Bengaluru,1,0,0,0,0,0,0,7.3
U11537,2026-01-17,Desktop,Organic Search,Delhi,1,1,0,0,0,0,0,12.3
U11538,2026-01-09,Mobile,Direct,Bengaluru,1,0,0,0,0,0,0,8.3
U11539,2026-02-01,Mobile,Organic Search,Hyderabad,1,1,1,0,0,0,0,6.8
U11540,2026-03-23,Desktop,Email,Hyderabad,1,1,0,0,0,0,0,2.2
U11541,2026-02-26,Desktop,Direct,Bengaluru,1,1,0,0,0,0,0,11.2
U11542,2026-03-29,Mobile,Email,Hyderabad,1,0,0,0,0,0,0,3.2
U11543,2026-01-08,Desktop,Paid Search,Bengaluru,1,1,1,1,0,0,0,12.5
U11544,2026-02-02,Mobile,Direct,Delhi,1,0,0,0,0,0,0,8
U11545,2026-01-12,Mobile,Direct,Chennai,1,0,0,0,0,0,0,13.5
U11546,2026-02-03,Mobile,Paid Search,Chennai,1,1,1,1,1,0,0,11.7
U11547,2026-03-08,Mobile,Social Media,Other,1,0,0,0,0,0,0,7
U11548,2026-02-21,Tablet,Direct,Chennai,1,1,1,0,0,0,0,7.6
U11549,2026-01-01,Mobile,Direct,Other,1,0,0,0,0,0,0,9.8
U11550,2026-01-29,Tablet,Paid Search,Bengaluru,1,0,0,0,0,0,0,9.6
U11551,2026-01-05,Mobile,Referral,Chennai,1,0,0,0,0,0,0,20.2
U11552,2026-02-07,Desktop,Paid Search,Chennai,1,1,0,0,0,0,0,1.5
U11553,2026-01-21,Desktop,Paid Search,Mumbai,1,1,1,1,1,0,0,6
U11554,2026-02-28,Desktop,Organic Search,Mumbai,1,0,0,0,0,0,0,6
U11555,2026-01-20,Mobile,Organic Search,Bengaluru,1,0,0,0,0,0,0,4.9
U11556,2026-03-29,Mobile,Email,Delhi,1,1,1,1,1,1,4092.04,6.5
U11557,2026-02-12,Desktop,Social Media,Chennai,1,1,1,0,0,0,0,9.2
U11558,2026-03-03,Desktop,Organic Search,Hyderabad,1,1,1,0,0,0,0,12.5
U11559,2026-02-06,Mobile,Paid Search,Mumbai,1,1,1,1,0,0,0,0.5
U11560,2026-01-02,Desktop,Paid Search,Delhi,1,0,0,0,0,0,0,6.1
U11561,2026-03-04,Mobile,Direct,Bengaluru,1,1,0,0,0,0,0,4.7
U11562,2026-03-15,Mobile,Direct,Hyderabad,1,1,1,0,0,0,0,4.7
U11563,2026-02-12,Desktop,Paid Search,Pune,1,0,0,0,0,0,0,8.4
U11564,2026-01-30,Mobile,Direct,Other,1,1,1,1,1,0,0,1.6
U11565,2026-02-08,Desktop,Paid Search,Hyderabad,1,1,1,0,0,0,0,10.4
U11566,2026-03-07,Mobile,Email,Other,1,1,1,1,1,1,6178.09,2.6
U11567,2026-01-03,Mobile,Direct,Bengaluru,1,0,0,0,0,0,0,11.8
U11568,2026-03-17,Mobile,Paid Search,Other,1,0,0,0,0,0,0,11.9
U11569,2026-01-01,Mobile,Email,Mumbai,1,0,0,0,0,0,0,3
U11570,2026-01-01,Desktop,Paid Search,Pune,1,0,0,0,0,0,0,3.4
U11571,2026-01-29,Mobile,Paid Search,Delhi,1,1,0,0,0,0,0,5.3
U11572,2026-01-09,Mobile,Social Media,Hyderabad,1,0,0,0,0,0,0,7.3
U11573,2026-01-12,Mobile,Direct,Hyderabad,1,1,0,0,0,0,0,8.8
U11574,2026-02-26,Mobile,Social Media,Mumbai,1,0,0,0,0,0,0,10
U11575,2026-01-12,Desktop,Direct,Hyderabad,1,1,1,0,0,0,0,18.5
U11576,2026-03-15,Mobile,Direct,Chennai,1,0,0,0,0,0,0,9
U11577,2026-01-22,Desktop,Paid Search,Other,1,0,0,0,0,0,0,8
U11578,2026-03-24,Desktop,Paid Search,Bengaluru,1,0,0,0,0,0,0,5.7
U11579,2026-03-18,Desktop,Email,Chennai,1,1,1,1,1,1,5553.74,2.8
U11580,2026-02-08,Desktop,Social Media,Chennai,1,1,1,0,0,0,0,1.7
U11581,2026-03-25,Mobile,Organic Search,Mumbai,1,0,0,0,0,0,0,7.2
U11582,2026-02-19,Mobile,Direct,Hyderabad,1,0,0,0,0,0,0,8.1
U11583,2026-03-01,Desktop,Referral,Bengaluru,1,1,0,0,0,0,0,1.6
U11584,2026-02-05,Desktop,Paid Search,Pune,1,1,1,0,0,0,0,3.6
U11585,2026-03-31,Desktop,Social Media,Pune,1,0,0,0,0,0,0,7.9
U11586,2026-03-29,Desktop,Organic Search,Delhi,1,0,0,0,0,0,0,2.5
U11587,2026-03-03,Mobile,Social Media,Delhi,1,0,0,0,0,0,0,4
U11588,2026-03-20,Mobile,Direct,Chennai,1,0,0,0,0,0,0,10
U11589,2026-02-27,Desktop,Direct,Delhi,1,0,0,0,0,0,0,7.7
U11590,2026-02-27,Desktop,Paid Search,Chennai,1,1,1,1,1,1,2479.92,2.7
U11591,2026-02-09,Mobile,Social Media,Hyderabad,1,1,1,0,0,0,0,5.5
U11592,2026-02-13,Desktop,Email,Chennai,1,0,0,0,0,0,0,3.9
U11593,2026-03-25,Mobile,Paid Search,Hyderabad,1,1,1,0,0,0,0,14.4
U11594,2026-03-04,Mobile,Organic Search,Chennai,1,1,1,0,0,0,0,11.9
U11595,2026-01-23,Desktop,Social Media,Bengaluru,1,1,0,0,0,0,0,6.4
U11596,2026-01-21,Desktop,Social Media,Mumbai,1,1,0,0,0,0,0,8.8
U11597,2026-01-16,Mobile,Organic Search,Bengaluru,1,1,1,0,0,0,0,6.2
U11598,2026-03-09,Mobile,Organic Search,Delhi,1,1,1,0,0,0,0,9.4
U11599,2026-01-08,Mobile,Organic Search,Mumbai,1,1,1,1,1,1,2323.06,4.5
U11600,2026-02-15,Desktop,Paid Search,Other,1,0,0,0,0,0,0,15
U11601,2026-01-18,Mobile,Social Media,Hyderabad,1,0,0,0,0,0,0,5.4
U11602,2026-01-23,Desktop,Paid Search,Delhi,1,1,0,0,0,0,0,1.7
U11603,2026-03-23,Tablet,Paid Search,Delhi,1,1,1,1,0,0,0,8.9
U11604,2026-02-06,Desktop,Direct,Other,1,0,0,0,0,0,0,7.3
U11605,2026-03-05,Mobile,Organic Search,Bengaluru,1,1,1,1,1,0,0,7.1
U11606,2026-03-21,Desktop,Social Media,Bengaluru,1,0,0,0,0,0,0,16.5
U11607,2026-03-31,Mobile,Direct,Hyderabad,1,0,0,0,0,0,0,13.3
U11608,2026-03-31,Mobile,Social Media,Bengaluru,1,1,1,0,0,0,0,10.3
U11609,2026-03-23,Mobile,Email,Chennai,1,1,0,0,0,0,0,16.3
U11610,2026-02-20,Mobile,Paid Search,Pune,1,0,0,0,0,0,0,9.3
U11611,2026-02-04,Desktop,Organic Search,Bengaluru,1,0,0,0,0,0,0,10.6
U11612,2026-01-20,Mobile,Email,Hyderabad,1,1,1,0,0,0,0,4.8
U11613,2026-01-20,Mobile,Email,Bengaluru,1,1,1,1,0,0,0,2.7
U11614,2026-02-01,Tablet,Organic Search,Hyderabad,1,0,0,0,0,0,0,12
U11615,2026-03-16,Mobile,Social Media,Other,1,0,0,0,0,0,0,9.1
U11616,2026-03-04,Desktop,Direct,Pune,1,0,0,0,0,0,0,15.2
U11617,2026-03-18,Mobile,Organic Search,Bengaluru,1,1,1,1,1,0,0,4.6
U11618,2026-01-13,Mobile,Social Media,Bengaluru,1,1,0,0,0,0,0,6.5
U11619,2026-03-12,Desktop,Social Media,Other,1,0,0,0,0,0,0,9.9
U11620,2026-03-27,Mobile,Referral,Hyderabad,1,1,1,1,1,0,0,4.5
U11621,2026-01-27,Mobile,Referral,Mumbai,1,1,1,0,0,0,0,6
U11622,2026-02-09,Mobile,Referral,Other,1,0,0,0,0,0,0,11.9
U11623,2026-03-11,Mobile,Paid Search,Chennai,1,0,0,0,0,0,0,0.9
U11624,2026-02-28,Mobile,Organic Search,Hyderabad,1,0,0,0,0,0,0,14.1
U11625,2026-01-29,Mobile,Paid Search,Bengaluru,1,0,0,0,0,0,0,7.5
U11626,2026-01-30,Mobile,Email,Other,1,1,0,0,0,0,0,13.2
U11627,2026-03-28,Desktop,Email,Hyderabad,1,0,0,0,0,0,0,2
U11628,2026-02-04,Mobile,Direct,Chennai,1,0,0,0,0,0,0,6
U11629,2026-02-24,Mobile,Social Media,Delhi,1,0,0,0,0,0,0,5
U11630,2026-03-10,Mobile,Email,Pune,1,1,1,1,0,0,0,9.3
U11631,2026-01-03,Tablet,Social Media,Chennai,1,1,1,0,0,0,0,4.5
U11632,2026-02-11,Desktop,Organic Search,Bengaluru,1,1,1,0,0,0,0,8.3
U11633,2026-02-08,Desktop,Social Media,Mumbai,1,1,1,1,1,1,4938,4.7
U11634,2026-02-13,Desktop,Social Media,Bengaluru,1,1,1,0,0,0,0,7.1
U11635,2026-03-20,Mobile,Direct,Bengaluru,1,0,0,0,0,0,0,12
U11636,2026-03-07,Mobile,Paid Search,Pune,1,0,0,0,0,0,0,6.2
U11637,2026-02-24,Mobile,Direct,Hyderabad,1,0,0,0,0,0,0,13.6
U11638,2026-01-31,Desktop,Social Media,Hyderabad,1,0,0,0,0,0,0,17.9
U11639,2026-02-02,Mobile,Organic Search,Bengaluru,1,1,0,0,0,0,0,1.4
U11640,2026-01-14,Mobile,Organic Search,Chennai,1,0,0,0,0,0,0,1.6
U11641,2026-02-18,Tablet,Organic Search,Delhi,1,1,1,1,1,1,2143.86,4.1
U11642,2026-01-29,Desktop,Social Media,Delhi,1,0,0,0,0,0,0,10.7
U11643,2026-01-08,Mobile,Organic Search,Delhi,1,0,0,0,0,0,0,8.6
U11644,2026-03-18,Desktop,Paid Search,Mumbai,1,1,0,0,0,0,0,9.1
U11645,2026-02-18,Mobile,Direct,Delhi,1,0,0,0,0,0,0,5.9
U11646,2026-01-16,Mobile,Email,Bengaluru,1,0,0,0,0,0,0,5.1
U11647,2026-03-30,Mobile,Referral,Chennai,1,0,0,0,0,0,0,6.6
U11648,2026-03-01,Mobile,Organic Search,Mumbai,1,0,0,0,0,0,0,2
U11649,2026-02-09,Mobile,Social Media,Hyderabad,1,1,1,0,0,0,0,3
U11650,2026-02-02,Desktop,Paid Search,Bengaluru,1,1,1,0,0,0,0,3.4
U11651,2026-01-03,Mobile,Direct,Chennai,1,0,0,0,0,0,0,6.6
U11652,2026-01-13,Mobile,Organic Search,Mumbai,1,1,1,1,1,1,2697.89,6.2
U11653,2026-02-15,Mobile,Social Media,Chennai,1,1,1,1,0,0,0,2
U11654,2026-03-18,Mobile,Social Media,Delhi,1,0,0,0,0,0,0,6.9
U11655,2026-01-26,Desktop,Social Media,Chennai,1,0,0,0,0,0,0,11.5
U11656,2026-02-03,Mobile,Referral,Other,1,1,1,0,0,0,0,2.1
U11657,2026-01-11,Tablet,Organic Search,Chennai,1,1,1,0,0,0,0,4
U11658,2026-02-02,Tablet,Paid Search,Mumbai,1,0,0,0,0,0,0,3.9
U11659,2026-03-26,Mobile,Referral,Hyderabad,1,0,0,0,0,0,0,3.7
U11660,2026-03-28,Mobile,Social Media,Bengaluru,1,0,0,0,0,0,0,6.5
U11661,2026-02-09,Desktop,Paid Search,Pune,1,0,0,0,0,0,0,6.5
U11662,2026-03-26,Tablet,Organic Search,Bengaluru,1,0,0,0,0,0,0,12.2
U11663,2026-02-08,Desktop,Referral,Bengaluru,1,1,0,0,0,0,0,5.4
U11664,2026-02-15,Desktop,Direct,Mumbai,1,1,0,0,0,0,0,7
U11665,2026-03-23,Desktop,Social Media,Hyderabad,1,1,1,0,0,0,0,9.2
U11666,2026-03-16,Mobile,Direct,Mumbai,1,0,0,0,0,0,0,7.2
U11667,2026-03-22,Mobile,Social Media,Bengaluru,1,0,0,0,0,0,0,15.7
U11668,2026-02-11,Desktop,Organic Search,Chennai,1,0,0,0,0,0,0,8
U11669,2026-01-01,Desktop,Organic Search,Delhi,1,1,0,0,0,0,0,7.6
U11670,2026-03-08,Mobile,Email,Delhi,1,0,0,0,0,0,0,6.2
U11671,2026-03-10,Mobile,Social Media,Chennai,1,0,0,0,0,0,0,9.1
U11672,2026-01-24,Mobile,Referral,Mumbai,1,0,0,0,0,0,0,5.9
U11673,2026-02-08,Mobile,Email,Delhi,1,1,1,1,1,0,0,1.5
U11674,2026-03-23,Desktop,Direct,Delhi,1,1,1,0,0,0,0,3.8
U11675,2026-02-23,Mobile,Social Media,Hyderabad,1,0,0,0,0,0,0,6.6
U11676,2026-02-17,Mobile,Paid Search,Bengaluru,1,1,0,0,0,0,0,4.7
U11677,2026-01-20,Mobile,Paid Search,Bengaluru,1,1,1,1,1,0,0,2.2
U11678,2026-01-02,Mobile,Social Media,Hyderabad,1,0,0,0,0,0,0,12.2
U11679,2026-01-08,Mobile,Direct,Hyderabad,1,0,0,0,0,0,0,7.6
U11680,2026-03-07,Mobile,Organic Search,Hyderabad,1,1,0,0,0,0,0,4
U11681,2026-02-12,Mobile,Direct,Pune,1,0,0,0,0,0,0,2.4
U11682,2026-03-23,Mobile,Direct,Mumbai,1,1,1,0,0,0,0,8.8
U11683,2026-03-15,Mobile,Social Media,Bengaluru,1,0,0,0,0,0,0,3.6
U11684,2026-03-08,Mobile,Paid Search,Mumbai,1,0,0,0,0,0,0,2.5
U11685,2026-02-13,Tablet,Organic Search,Delhi,1,0,0,0,0,0,0,8.6
U11686,2026-01-02,Mobile,Paid Search,Bengaluru,1,1,1,0,0,0,0,13.5
U11687,2026-02-03,Mobile,Organic Search,Chennai,1,1,0,0,0,0,0,4.3
U11688,2026-01-06,Desktop,Social Media,Hyderabad,1,0,0,0,0,0,0,8.8
U11689,2026-02-16,Mobile,Organic Search,Mumbai,1,0,0,0,0,0,0,6.3
U11690,2026-02-20,Desktop,Email,Bengaluru,1,0,0,0,0,0,0,5.9
U11691,2026-01-21,Mobile,Paid Search,Chennai,1,1,1,1,1,0,0,10.7
U11692,2026-03-21,Mobile,Organic Search,Chennai,1,1,1,1,1,1,4076.86,15.6
U11693,2026-03-21,Desktop,Social Media,Mumbai,1,0,0,0,0,0,0,1.1
U11694,2026-03-02,Tablet,Direct,Mumbai,1,1,1,1,1,1,2186.7,6.3
U11695,2026-03-07,Mobile,Email,Chennai,1,1,1,1,1,1,3376.49,22.3
U11696,2026-01-16,Mobile,Social Media,Hyderabad,1,0,0,0,0,0,0,26.1
U11697,2026-02-01,Mobile,Referral,Mumbai,1,1,0,0,0,0,0,10.2
U11698,2026-02-07,Tablet,Email,Pune,1,0,0,0,0,0,0,6
U11699,2026-01-16,Desktop,Direct,Delhi,1,1,1,0,0,0,0,2.6
U11700,2026-02-24,Mobile,Organic Search,Other,1,0,0,0,0,0,0,14.4
U11701,2026-01-08,Mobile,Direct,Hyderabad,1,1,0,0,0,0,0,5.7
U11702,2026-03-04,Mobile,Paid Search,Bengaluru,1,1,1,0,0,0,0,18.6
U11703,2026-01-27,Mobile,Direct,Mumbai,1,1,1,0,0,0,0,7.1
U11704,2026-01-04,Mobile,Paid Search,Bengaluru,1,0,0,0,0,0,0,6.4
U11705,2026-02-22,Mobile,Direct,Hyderabad,1,1,1,0,0,0,0,17.5
U11706,2026-02-01,Desktop,Direct,Chennai,1,1,1,0,0,0,0,8.3
U11707,2026-03-26,Tablet,Organic Search,Bengaluru,1,1,1,1,1,1,2785,5.3
U11708,2026-01-14,Tablet,Direct,Bengaluru,1,0,0,0,0,0,0,4
U11709,2026-03-10,Mobile,Organic Search,Other,1,1,1,1,1,1,3721.81,14.6
U11710,2026-03-29,Mobile,Organic Search,Bengaluru,1,1,1,0,0,0,0,7.1
U11711,2026-03-26,Desktop,Paid Search,Hyderabad,1,1,1,0,0,0,0,5.3
U11712,2026-01-24,Mobile,Direct,Hyderabad,1,0,0,0,0,0,0,4.9
U11713,2026-03-28,Desktop,Social Media,Pune,1,0,0,0,0,0,0,14
U11714,2026-02-01,Mobile,Social Media,Delhi,1,0,0,0,0,0,0,2.1
U11715,2026-03-31,Mobile,Email,Hyderabad,1,0,0,0,0,0,0,14.2
U11716,2026-02-27,Mobile,Direct,Bengaluru,1,0,0,0,0,0,0,1.5
U11717,2026-02-25,Mobile,Referral,Delhi,1,1,1,0,0,0,0,12.2
U11718,2026-01-20,Desktop,Organic Search,Bengaluru,1,1,1,1,1,1,5097.58,10.7
U11719,2026-01-02,Mobile,Paid Search,Other,1,0,0,0,0,0,0,4.9
U11720,2026-03-14,Mobile,Organic Search,Mumbai,1,1,0,0,0,0,0,12.5
U11721,2026-02-14,Mobile,Email,Hyderabad,1,1,1,1,0,0,0,10.9
U11722,2026-01-15,Desktop,Organic Search,Pune,1,1,1,0,0,0,0,5.3
U11723,2026-01-02,Mobile,Paid Search,Bengaluru,1,1,1,1,1,0,0,12
U11724,2026-03-06,Mobile,Direct,Bengaluru,1,1,1,1,0,0,0,7
U11725,2026-02-16,Mobile,Paid Search,Bengaluru,1,0,0,0,0,0,0,8.6
U11726,2026-03-26,Mobile,Social Media,Delhi,1,1,1,1,0,0,0,5.8
U11727,2026-03-14,Mobile,Paid Search,Hyderabad,1,0,0,0,0,0,0,4.8
U11728,2026-02-10,Desktop,Organic Search,Chennai,1,1,1,1,1,0,0,4.7
U11729,2026-02-07,Mobile,Paid Search,Hyderabad,1,1,1,0,0,0,0,7.1
U11730,2026-02-21,Mobile,Paid Search,Pune,1,0,0,0,0,0,0,3.3
U11731,2026-02-19,Desktop,Direct,Bengaluru,1,1,1,0,0,0,0,7.8
U11732,2026-01-20,Mobile,Paid Search,Bengaluru,1,0,0,0,0,0,0,6.6
U11733,2026-03-27,Mobile,Paid Search,Mumbai,1,0,0,0,0,0,0,3.1
U11734,2026-01-17,Mobile,Referral,Delhi,1,0,0,0,0,0,0,3.7
U11735,2026-03-03,Mobile,Referral,Pune,1,1,1,1,1,1,5034.34,4.9
U11736,2026-02-19,Desktop,Referral,Bengaluru,1,0,0,0,0,0,0,16.9
U11737,2026-03-07,Desktop,Direct,Pune,1,1,1,1,1,0,0,6.4
U11738,2026-03-04,Desktop,Referral,Chennai,1,1,1,0,0,0,0,3.4
U11739,2026-03-20,Desktop,Paid Search,Hyderabad,1,1,1,0,0,0,0,9.7
U11740,2026-01-09,Mobile,Referral,Pune,1,1,1,0,0,0,0,4.5
U11741,2026-02-02,Mobile,Social Media,Mumbai,1,0,0,0,0,0,0,18.3
U11742,2026-02-14,Mobile,Paid Search,Mumbai,1,0,0,0,0,0,0,3.5
U11743,2026-02-02,Mobile,Paid Search,Other,1,0,0,0,0,0,0,8.3
U11744,2026-01-04,Tablet,Organic Search,Mumbai,1,1,1,0,0,0,0,13.2
U11745,2026-03-06,Desktop,Organic Search,Hyderabad,1,1,1,1,0,0,0,4
U11746,2026-01-09,Mobile,Organic Search,Pune,1,0,0,0,0,0,0,8.4
U11747,2026-03-13,Mobile,Organic Search,Bengaluru,1,1,1,1,0,0,0,5.7
U11748,2026-03-21,Mobile,Direct,Chennai,1,0,0,0,0,0,0,7
U11749,2026-03-15,Mobile,Direct,Bengaluru,1,1,1,1,1,1,5473.4,3.3
U11750,2026-01-23,Mobile,Social Media,Bengaluru,1,1,1,0,0,0,0,1.2
U11751,2026-03-15,Mobile,Referral,Delhi,1,1,0,0,0,0,0,2.4
U11752,2026-01-01,Desktop,Organic Search,Chennai,1,0,0,0,0,0,0,3.7
U11753,2026-01-16,Desktop,Direct,Mumbai,1,1,1,1,1,0,0,3.1
U11754,2026-03-11,Mobile,Social Media,Pune,1,0,0,0,0,0,0,13
U11755,2026-01-19,Mobile,Organic Search,Bengaluru,1,0,0,0,0,0,0,3.1
U11756,2026-02-03,Mobile,Organic Search,Mumbai,1,0,0,0,0,0,0,1
U11757,2026-03-22,Desktop,Paid Search,Delhi,1,0,0,0,0,0,0,0.7
U11758,2026-03-01,Desktop,Organic Search,Delhi,1,1,1,0,0,0,0,4
U11759,2026-03-04,Desktop,Paid Search,Mumbai,1,0,0,0,0,0,0,5
U11760,2026-03-01,Mobile,Organic Search,Chennai,1,0,0,0,0,0,0,4
U11761,2026-02-18,Desktop,Organic Search,Chennai,1,1,1,0,0,0,0,4.5
U11762,2026-03-16,Mobile,Paid Search,Chennai,1,1,1,0,0,0,0,17.9
U11763,2026-03-01,Mobile,Direct,Bengaluru,1,0,0,0,0,0,0,5.3
U11764,2026-01-28,Mobile,Organic Search,Delhi,1,0,0,0,0,0,0,20
U11765,2026-03-18,Mobile,Organic Search,Hyderabad,1,0,0,0,0,0,0,12.8
U11766,2026-01-04,Desktop,Email,Other,1,1,1,0,0,0,0,3.2
U11767,2026-02-21,Mobile,Direct,Delhi,1,1,1,1,1,0,0,8.6
U11768,2026-03-21,Mobile,Paid Search,Bengaluru,1,0,0,0,0,0,0,12.4
U11769,2026-02-23,Mobile,Direct,Hyderabad,1,1,1,1,1,0,0,7.6
U11770,2026-02-03,Mobile,Paid Search,Delhi,1,1,1,0,0,0,0,10.4
U11771,2026-03-26,Mobile,Organic Search,Delhi,1,1,1,0,0,0,0,5
U11772,2026-01-16,Mobile,Paid Search,Other,1,0,0,0,0,0,0,10.2
U11773,2026-03-25,Mobile,Social Media,Bengaluru,1,0,0,0,0,0,0,4.9
U11774,2026-02-04,Mobile,Paid Search,Hyderabad,1,1,1,0,0,0,0,32.7
U11775,2026-02-05,Tablet,Email,Other,1,1,1,1,1,1,2273.65,1.5
U11776,2026-03-22,Mobile,Organic Search,Bengaluru,1,1,1,0,0,0,0,4.2
U11777,2026-02-06,Mobile,Email,Delhi,1,1,0,0,0,0,0,5.8
U11778,2026-03-28,Mobile,Paid Search,Hyderabad,1,1,0,0,0,0,0,8.1
U11779,2026-02-15,Desktop,Social Media,Delhi,1,0,0,0,0,0,0,10.1
U11780,2026-02-23,Desktop,Social Media,Hyderabad,1,1,1,1,1,1,2003.7,6.5
U11781,2026-02-04,Mobile,Email,Delhi,1,1,0,0,0,0,0,9.2
U11782,2026-02-24,Mobile,Organic Search,Mumbai,1,1,1,1,1,0,0,9.1
U11783,2026-01-06,Desktop,Referral,Other,1,1,0,0,0,0,0,7.9
U11784,2026-03-06,Desktop,Email,Hyderabad,1,0,0,0,0,0,0,10.3
U11785,2026-03-06,Desktop,Organic Search,Bengaluru,1,0,0,0,0,0,0,6.7
U11786,2026-01-03,Desktop,Direct,Hyderabad,1,0,0,0,0,0,0,14
U11787,2026-02-14,Desktop,Email,Pune,1,1,0,0,0,0,0,3.9
U11788,2026-02-20,Mobile,Social Media,Mumbai,1,1,1,0,0,0,0,4.7
U11789,2026-03-20,Mobile,Organic Search,Mumbai,1,0,0,0,0,0,0,6.9
U11790,2026-03-14,Desktop,Social Media,Hyderabad,1,0,0,0,0,0,0,10.8
U11791,2026-01-25,Desktop,Organic Search,Chennai,1,0,0,0,0,0,0,15.9
U11792,2026-03-22,Mobile,Paid Search,Chennai,1,0,0,0,0,0,0,5.4
U11793,2026-02-24,Tablet,Paid Search,Bengaluru,1,0,0,0,0,0,0,7.5
U11794,2026-03-13,Mobile,Email,Delhi,1,1,1,0,0,0,0,6.8
U11795,2026-03-07,Mobile,Organic Search,Hyderabad,1,0,0,0,0,0,0,10.3
U11796,2026-01-06,Desktop,Referral,Mumbai,1,1,0,0,0,0,0,15.7
U11797,2026-01-23,Mobile,Paid Search,Pune,1,0,0,0,0,0,0,28.4
U11798,2026-02-19,Mobile,Paid Search,Other,1,1,0,0,0,0,0,10.4
U11799,2026-03-18,Mobile,Referral,Delhi,1,1,1,0,0,0,0,9
U11800,2026-01-10,Mobile,Social Media,Bengaluru,1,0,0,0,0,0,0,16
U11801,2026-02-04,Mobile,Paid Search,Mumbai,1,1,1,1,1,1,3385.32,4.5
U11802,2026-03-27,Mobile,Paid Search,Hyderabad,1,0,0,0,0,0,0,8.6
U11803,2026-03-18,Mobile,Paid Search,Hyderabad,1,1,1,0,0,0,0,12.7
U11804,2026-03-10,Tablet,Social Media,Mumbai,1,1,1,1,0,0,0,12.7
U11805,2026-03-11,Tablet,Paid Search,Pune,1,1,1,0,0,0,0,7.5
U11806,2026-01-12,Mobile,Email,Hyderabad,1,0,0,0,0,0,0,6.3
U11807,2026-03-28,Desktop,Social Media,Hyderabad,1,0,0,0,0,0,0,10
U11808,2026-02-18,Mobile,Organic Search,Mumbai,1,1,1,0,0,0,0,11.3
U11809,2026-02-16,Mobile,Paid Search,Bengaluru,1,0,0,0,0,0,0,4.5
U11810,2026-01-02,Mobile,Organic Search,Mumbai,1,1,1,0,0,0,0,13.7
U11811,2026-03-27,Tablet,Paid Search,Bengaluru,1,0,0,0,0,0,0,6.9
U11812,2026-01-18,Tablet,Social Media,Hyderabad,1,0,0,0,0,0,0,2.7
U11813,2026-01-24,Mobile,Social Media,Mumbai,1,0,0,0,0,0,0,9.8
U11814,2026-01-14,Mobile,Referral,Pune,1,1,0,0,0,0,0,15.6
U11815,2026-02-07,Mobile,Organic Search,Delhi,1,1,1,1,0,0,0,12.2
U11816,2026-02-10,Mobile,Direct,Pune,1,0,0,0,0,0,0,4.2
U11817,2026-02-03,Mobile,Paid Search,Bengaluru,1,0,0,0,0,0,0,5.8
U11818,2026-03-09,Mobile,Paid Search,Pune,1,0,0,0,0,0,0,6.9
U11819,2026-03-15,Desktop,Email,Bengaluru,1,0,0,0,0,0,0,17.6
U11820,2026-03-13,Mobile,Referral,Pune,1,1,1,1,1,1,948.01,6.5
U11821,2026-02-07,Tablet,Paid Search,Chennai,1,1,1,0,0,0,0,4.6
U11822,2026-03-04,Desktop,Email,Bengaluru,1,1,1,0,0,0,0,16.2
U11823,2026-01-30,Mobile,Direct,Bengaluru,1,1,1,0,0,0,0,14.3
U11824,2026-03-08,Desktop,Referral,Mumbai,1,1,1,1,1,0,0,3.5
U11825,2026-02-08,Desktop,Organic Search,Hyderabad,1,1,1,0,0,0,0,4.2
U11826,2026-01-29,Mobile,Referral,Other,1,1,1,1,1,0,0,20.4
U11827,2026-02-11,Mobile,Referral,Bengaluru,1,1,0,0,0,0,0,3.9
U11828,2026-02-18,Tablet,Email,Bengaluru,1,0,0,0,0,0,0,4.9
U11829,2026-03-29,Mobile,Referral,Bengaluru,1,1,0,0,0,0,0,4.5
U11830,2026-01-19,Mobile,Direct,Hyderabad,1,0,0,0,0,0,0,5.1
U11831,2026-01-29,Mobile,Paid Search,Delhi,1,1,1,1,0,0,0,6.1
U11832,2026-03-21,Desktop,Organic Search,Mumbai,1,0,0,0,0,0,0,11
U11833,2026-02-02,Desktop,Social Media,Pune,1,0,0,0,0,0,0,3
U11834,2026-03-28,Desktop,Organic Search,Hyderabad,1,0,0,0,0,0,0,7.9
U11835,2026-03-23,Mobile,Paid Search,Other,1,1,1,1,0,0,0,26.6
U11836,2026-02-08,Mobile,Social Media,Bengaluru,1,1,1,1,0,0,0,6.3
U11837,2026-02-06,Mobile,Paid Search,Other,1,1,1,0,0,0,0,13.1
U11838,2026-01-13,Desktop,Email,Hyderabad,1,0,0,0,0,0,0,15.8
U11839,2026-01-17,Mobile,Referral,Delhi,1,0,0,0,0,0,0,26
U11840,2026-01-08,Mobile,Paid Search,Mumbai,1,0,0,0,0,0,0,2.6
U11841,2026-02-14,Mobile,Direct,Bengaluru,1,1,0,0,0,0,0,6.8
U11842,2026-02-04,Mobile,Organic Search,Hyderabad,1,1,1,0,0,0,0,10.9
U11843,2026-01-17,Desktop,Referral,Mumbai,1,1,0,0,0,0,0,0.9
U11844,2026-03-16,Desktop,Referral,Hyderabad,1,1,1,1,0,0,0,8.8
U11845,2026-01-19,Tablet,Paid Search,Chennai,1,1,1,0,0,0,0,15.1
U11846,2026-02-19,Mobile,Paid Search,Mumbai,1,0,0,0,0,0,0,5.1
U11847,2026-03-18,Desktop,Paid Search,Delhi,1,0,0,0,0,0,0,2.9
U11848,2026-01-22,Desktop,Referral,Other,1,1,1,1,0,0,0,3.2
U11849,2026-03-25,Mobile,Referral,Bengaluru,1,0,0,0,0,0,0,19.8
U11850,2026-02-05,Tablet,Paid Search,Bengaluru,1,1,1,1,1,0,0,8
U11851,2026-01-31,Mobile,Social Media,Bengaluru,1,1,1,1,0,0,0,6.6
U11852,2026-01-18,Desktop,Organic Search,Delhi,1,0,0,0,0,0,0,3.2
U11853,2026-01-20,Desktop,Social Media,Other,1,0,0,0,0,0,0,3.5
U11854,2026-03-03,Desktop,Direct,Other,1,0,0,0,0,0,0,2.7
U11855,2026-02-03,Mobile,Organic Search,Other,1,1,0,0,0,0,0,2.5
U11856,2026-01-22,Mobile,Direct,Pune,1,0,0,0,0,0,0,4
U11857,2026-02-19,Mobile,Referral,Other,1,0,0,0,0,0,0,20.4
U11858,2026-03-13,Mobile,Direct,Bengaluru,1,1,1,0,0,0,0,6.2
U11859,2026-01-22,Desktop,Organic Search,Other,1,0,0,0,0,0,0,10.8
U11860,2026-01-03,Desktop,Organic Search,Delhi,1,0,0,0,0,0,0,6.2
U11861,2026-02-14,Desktop,Organic Search,Hyderabad,1,0,0,0,0,0,0,11.7
U11862,2026-01-02,Mobile,Email,Hyderabad,1,0,0,0,0,0,0,3.8
U11863,2026-03-14,Desktop,Email,Bengaluru,1,1,1,0,0,0,0,3.2
U11864,2026-03-14,Tablet,Organic Search,Delhi,1,1,1,0,0,0,0,1.3
U11865,2026-01-26,Desktop,Referral,Mumbai,1,0,0,0,0,0,0,8.4
U11866,2026-02-28,Mobile,Paid Search,Bengaluru,1,1,0,0,0,0,0,8.2
U11867,2026-01-01,Mobile,Organic Search,Delhi,1,0,0,0,0,0,0,13.2
U11868,2026-02-22,Mobile,Paid Search,Hyderabad,1,1,1,1,0,0,0,4.2
U11869,2026-02-26,Desktop,Organic Search,Pune,1,1,1,1,1,1,4679.34,6
U11870,2026-03-21,Desktop,Paid Search,Delhi,1,1,1,1,1,1,2008,13.1
U11871,2026-02-12,Tablet,Paid Search,Other,1,0,0,0,0,0,0,6.2
U11872,2026-01-18,Mobile,Direct,Hyderabad,1,0,0,0,0,0,0,8.4
U11873,2026-02-08,Mobile,Referral,Other,1,1,1,0,0,0,0,9.3
U11874,2026-01-31,Desktop,Paid Search,Bengaluru,1,0,0,0,0,0,0,2.4
U11875,2026-02-15,Desktop,Email,Chennai,1,1,1,1,0,0,0,7.5
U11876,2026-01-01,Tablet,Social Media,Chennai,1,0,0,0,0,0,0,5.5
U11877,2026-02-15,Desktop,Paid Search,Mumbai,1,0,0,0,0,0,0,15.6
U11878,2026-01-01,Mobile,Email,Other,1,1,1,0,0,0,0,24.3
U11879,2026-02-25,Desktop,Email,Mumbai,1,1,0,0,0,0,0,3.3
U11880,2026-02-15,Desktop,Social Media,Other,1,1,0,0,0,0,0,5.8
U11881,2026-03-29,Mobile,Social Media,Bengaluru,1,0,0,0,0,0,0,3
U11882,2026-02-24,Mobile,Email,Chennai,1,0,0,0,0,0,0,17.7
U11883,2026-02-25,Mobile,Paid Search,Chennai,1,0,0,0,0,0,0,2.6
U11884,2026-03-19,Mobile,Direct,Bengaluru,1,1,1,0,0,0,0,6.6
U11885,2026-01-23,Desktop,Organic Search,Other,1,1,1,0,0,0,0,5.9
U11886,2026-02-17,Mobile,Direct,Delhi,1,1,1,1,0,0,0,4.5
U11887,2026-03-03,Mobile,Paid Search,Chennai,1,0,0,0,0,0,0,7.4
U11888,2026-01-08,Mobile,Organic Search,Delhi,1,1,0,0,0,0,0,12.5
U11889,2026-03-07,Mobile,Social Media,Chennai,1,1,1,1,0,0,0,14
U11890,2026-01-05,Mobile,Paid Search,Hyderabad,1,1,0,0,0,0,0,3.3
U11891,2026-02-07,Desktop,Referral,Mumbai,1,0,0,0,0,0,0,9.6
U11892,2026-01-04,Mobile,Paid Search,Mumbai,1,0,0,0,0,0,0,12.3
U11893,2026-02-08,Mobile,Email,Other,1,1,1,0,0,0,0,1.8
U11894,2026-01-08,Mobile,Paid Search,Hyderabad,1,1,0,0,0,0,0,1.3
U11895,2026-02-06,Mobile,Organic Search,Mumbai,1,0,0,0,0,0,0,4.7
U11896,2026-02-07,Mobile,Paid Search,Hyderabad,1,0,0,0,0,0,0,5.3
U11897,2026-03-01,Mobile,Social Media,Hyderabad,1,1,1,0,0,0,0,8.9
U11898,2026-01-12,Desktop,Email,Mumbai,1,1,1,0,0,0,0,6.1
U11899,2026-03-13,Desktop,Social Media,Bengaluru,1,0,0,0,0,0,0,3.1
U11900,2026-02-28,Mobile,Direct,Delhi,1,0,0,0,0,0,0,3.5
U11901,2026-01-19,Mobile,Email,Mumbai,1,1,1,0,0,0,0,3.6
U11902,2026-03-08,Tablet,Direct,Bengaluru,1,1,0,0,0,0,0,3
U11903,2026-02-09,Desktop,Organic Search,Chennai,1,0,0,0,0,0,0,3.3
U11904,2026-01-23,Mobile,Organic Search,Hyderabad,1,0,0,0,0,0,0,8.7
U11905,2026-01-16,Desktop,Paid Search,Pune,1,1,1,0,0,0,0,1.8
U11906,2026-01-28,Desktop,Organic Search,Hyderabad,1,0,0,0,0,0,0,12
U11907,2026-03-31,Desktop,Social Media,Hyderabad,1,0,0,0,0,0,0,10.3
U11908,2026-02-19,Mobile,Social Media,Mumbai,1,1,1,0,0,0,0,6.7
U11909,2026-01-12,Mobile,Social Media,Other,1,0,0,0,0,0,0,5.7
U11910,2026-02-13,Mobile,Email,Pune,1,0,0,0,0,0,0,3.6
U11911,2026-03-29,Tablet,Direct,Bengaluru,1,0,0,0,0,0,0,11.4
U11912,2026-03-19,Mobile,Direct,Hyderabad,1,1,1,0,0,0,0,9.8
U11913,2026-01-18,Mobile,Organic Search,Mumbai,1,0,0,0,0,0,0,4.5
U11914,2026-03-01,Desktop,Paid Search,Pune,1,0,0,0,0,0,0,5
U11915,2026-02-09,Desktop,Paid Search,Bengaluru,1,0,0,0,0,0,0,7.2
U11916,2026-03-28,Tablet,Organic Search,Chennai,1,0,0,0,0,0,0,5.2
U11917,2026-01-15,Desktop,Social Media,Hyderabad,1,1,1,1,0,0,0,4.9
U11918,2026-02-23,Tablet,Social Media,Hyderabad,1,1,1,0,0,0,0,6.1
U11919,2026-03-08,Mobile,Organic Search,Mumbai,1,1,1,1,1,0,0,8.3
U11920,2026-03-04,Desktop,Email,Hyderabad,1,0,0,0,0,0,0,8.3
U11921,2026-02-24,Desktop,Email,Bengaluru,1,0,0,0,0,0,0,3.1
U11922,2026-02-09,Mobile,Organic Search,Bengaluru,1,0,0,0,0,0,0,10.5
U11923,2026-01-10,Mobile,Paid Search,Chennai,1,0,0,0,0,0,0,2.6
U11924,2026-02-24,Tablet,Direct,Hyderabad,1,0,0,0,0,0,0,12.1
U11925,2026-01-09,Mobile,Social Media,Chennai,1,0,0,0,0,0,0,1.2
U11926,2026-03-14,Desktop,Paid Search,Other,1,1,1,1,1,0,0,4.8
U11927,2026-03-04,Mobile,Paid Search,Hyderabad,1,1,1,0,0,0,0,14
U11928,2026-03-02,Mobile,Organic Search,Mumbai,1,1,0,0,0,0,0,9.1
U11929,2026-02-28,Mobile,Organic Search,Pune,1,0,0,0,0,0,0,15.5
U11930,2026-03-27,Mobile,Referral,Bengaluru,1,1,1,0,0,0,0,17.3
U11931,2026-03-07,Desktop,Organic Search,Hyderabad,1,0,0,0,0,0,0,10.5
U11932,2026-03-04,Mobile,Paid Search,Hyderabad,1,0,0,0,0,0,0,18.9
U11933,2026-02-14,Mobile,Organic Search,Mumbai,1,0,0,0,0,0,0,6.9
U11934,2026-02-02,Mobile,Referral,Mumbai,1,0,0,0,0,0,0,12.2
U11935,2026-03-16,Mobile,Organic Search,Bengaluru,1,0,0,0,0,0,0,13.3
U11936,2026-01-26,Mobile,Paid Search,Pune,1,0,0,0,0,0,0,3.1
U11937,2026-01-30,Desktop,Social Media,Delhi,1,0,0,0,0,0,0,1.8
U11938,2026-01-16,Mobile,Paid Search,Bengaluru,1,1,1,1,1,1,2657,7.7
U11939,2026-03-22,Mobile,Paid Search,Delhi,1,0,0,0,0,0,0,6.1
U11940,2026-03-30,Mobile,Paid Search,Bengaluru,1,0,0,0,0,0,0,5.4
U11941,2026-03-29,Mobile,Referral,Delhi,1,0,0,0,0,0,0,2.3
U11942,2026-02-25,Mobile,Direct,Hyderabad,1,0,0,0,0,0,0,8.2
U11943,2026-01-10,Mobile,Paid Search,Delhi,1,1,0,0,0,0,0,5.2
U11944,2026-02-27,Desktop,Organic Search,Bengaluru,1,0,0,0,0,0,0,8.3
U11945,2026-01-05,Tablet,Organic Search,Mumbai,1,1,1,0,0,0,0,7.2
U11946,2026-01-29,Desktop,Referral,Hyderabad,1,1,1,1,1,0,0,9.7
U11947,2026-02-08,Mobile,Social Media,Delhi,1,1,1,0,0,0,0,11.6
U11948,2026-01-16,Mobile,Referral,Hyderabad,1,0,0,0,0,0,0,7.8
U11949,2026-03-27,Mobile,Email,Hyderabad,1,0,0,0,0,0,0,11.7
U11950,2026-02-10,Desktop,Direct,Hyderabad,1,1,1,0,0,0,0,2
U11951,2026-02-13,Tablet,Direct,Hyderabad,1,1,1,1,0,0,0,8.2
U11952,2026-02-06,Mobile,Referral,Delhi,1,1,1,1,1,0,0,10.6
U11953,2026-01-09,Mobile,Social Media,Other,1,1,0,0,0,0,0,4.8
U11954,2026-02-03,Desktop,Paid Search,Delhi,1,1,1,0,0,0,0,6.8
U11955,2026-03-06,Desktop,Social Media,Pune,1,0,0,0,0,0,0,5.1
U11956,2026-03-23,Desktop,Social Media,Hyderabad,1,1,1,1,1,1,2644.07,5.8
U11957,2026-01-19,Desktop,Social Media,Hyderabad,1,1,1,1,1,1,3549.93,3.7
U11958,2026-02-19,Tablet,Organic Search,Mumbai,1,1,0,0,0,0,0,14.1
U11959,2026-03-22,Mobile,Email,Other,1,1,1,1,1,0,0,5.1
U11960,2026-02-08,Desktop,Social Media,Delhi,1,1,1,0,0,0,0,6
U11961,2026-03-26,Tablet,Social Media,Bengaluru,1,0,0,0,0,0,0,3.8
U11962,2026-01-16,Desktop,Organic Search,Hyderabad,1,0,0,0,0,0,0,4.2
U11963,2026-02-03,Mobile,Paid Search,Hyderabad,1,0,0,0,0,0,0,9.5
U11964,2026-02-16,Mobile,Organic Search,Bengaluru,1,1,1,0,0,0,0,5.1
U11965,2026-03-25,Mobile,Direct,Delhi,1,1,1,0,0,0,0,17.8
U11966,2026-02-07,Mobile,Social Media,Hyderabad,1,1,1,0,0,0,0,1.8
U11967,2026-03-08,Desktop,Organic Search,Pune,1,0,0,0,0,0,0,3.3
U11968,2026-03-15,Mobile,Organic Search,Other,1,0,0,0,0,0,0,5.1
U11969,2026-02-01,Mobile,Email,Pune,1,0,0,0,0,0,0,4.4
U11970,2026-02-13,Desktop,Organic Search,Other,1,0,0,0,0,0,0,10.7
U11971,2026-03-04,Mobile,Direct,Hyderabad,1,0,0,0,0,0,0,12.9
U11972,2026-03-14,Mobile,Social Media,Other,1,0,0,0,0,0,0,7.9
U11973,2026-01-14,Mobile,Paid Search,Bengaluru,1,0,0,0,0,0,0,6.3
U11974,2026-02-04,Desktop,Email,Pune,1,1,1,1,0,0,0,3.6
U11975,2026-01-26,Mobile,Paid Search,Hyderabad,1,1,1,0,0,0,0,7.3
U11976,2026-01-04,Desktop,Referral,Chennai,1,0,0,0,0,0,0,3.6
U11977,2026-03-07,Mobile,Paid Search,Hyderabad,1,0,0,0,0,0,0,7.8
U11978,2026-01-01,Desktop,Direct,Hyderabad,1,1,1,1,0,0,0,12
U11979,2026-01-02,Mobile,Social Media,Other,1,1,0,0,0,0,0,7.7
U11980,2026-02-23,Mobile,Referral,Pune,1,0,0,0,0,0,0,0.9
U11981,2026-01-04,Mobile,Organic Search,Mumbai,1,0,0,0,0,0,0,5.5
U11982,2026-03-09,Mobile,Paid Search,Mumbai,1,0,0,0,0,0,0,10.2
U11983,2026-01-20,Mobile,Email,Delhi,1,0,0,0,0,0,0,7.9
U11984,2026-03-14,Mobile,Email,Bengaluru,1,0,0,0,0,0,0,5.8
U11985,2026-03-04,Mobile,Organic Search,Delhi,1,0,0,0,0,0,0,9.3
U11986,2026-03-28,Mobile,Paid Search,Chennai,1,1,1,1,1,1,4962.13,15.2
U11987,2026-01-28,Mobile,Paid Search,Mumbai,1,0,0,0,0,0,0,3.7
U11988,2026-01-21,Mobile,Social Media,Other,1,1,0,0,0,0,0,3
U11989,2026-02-08,Desktop,Paid Search,Chennai,1,0,0,0,0,0,0,7.1
U11990,2026-02-15,Tablet,Paid Search,Chennai,1,1,1,0,0,0,0,8.5
U11991,2026-02-26,Mobile,Organic Search,Other,1,1,1,0,0,0,0,3.6
U11992,2026-01-07,Mobile,Paid Search,Other,1,1,1,0,0,0,0,29
U11993,2026-01-19,Tablet,Organic Search,Other,1,0,0,0,0,0,0,9.5
U11994,2026-01-05,Mobile,Direct,Mumbai,1,0,0,0,0,0,0,27.1
U11995,2026-03-13,Tablet,Organic Search,Bengaluru,1,0,0,0,0,0,0,5.6
U11996,2026-02-24,Mobile,Direct,Bengaluru,1,1,0,0,0,0,0,2.2
U11997,2026-02-14,Desktop,Paid Search,Hyderabad,1,0,0,0,0,0,0,5.7
U11998,2026-02-10,Mobile,Paid Search,Delhi,1,0,0,0,0,0,0,3.8
U11999,2026-02-11,Tablet,Organic Search,Bengaluru,1,0,0,0,0,0,0,5
U12000,2026-02-01,Mobile,Email,Mumbai,1,0,0,0,0,0,0,6.3
